Id_Fuera_Catalogo,Id_Contrato,Fecha_Registro,Fecha_Ultima_Autorizada,Fecha_Instruccion_Bitacora,Numero_Oficio_Autorizacion,Fecha_Oficio_Autorizacion,Observaciones,Estatus
6,14,14/03/2016 00:00,14/03/2016 00:00,14/03/2016 00:00,135/2016,14/03/2016 00:00,,AUTORIZADO
7,15,14/03/2016 00:00,14/03/2016 00:00,14/03/2016 00:00,136/2016,14/03/2016 00:00,,AUTORIZADO
8,15,14/03/2016 00:00,14/03/2016 00:00,14/03/2016 00:00,137/2016,14/03/2016 00:00,,AUTORIZADO
22,12,15/04/2016 00:00,15/04/2016 00:00,15/04/2016 00:00,187/2016,15/04/2016 00:00,,AUTORIZADO
30,1,18/04/2016 00:00,18/04/2016 00:00,18/04/2016 00:00,211/2016,18/04/2016 00:00,,AUTORIZADO
31,2,18/04/2016 00:00,18/04/2016 00:00,18/04/2016 00:00,212/2016,18/04/2016 00:00,,AUTORIZADO
32,3,18/04/2016 00:00,18/04/2016 00:00,18/04/2016 00:00,213/2016,18/04/2016 00:00,,AUTORIZADO
36,13,26/05/2016 00:00,26/05/2016 00:00,26/05/2016 00:00,248/2016,26/05/2016 00:00,,AUTORIZADO
38,16,19/05/2016 00:00,19/05/2016 00:00,19/05/2016 00:00,273/2016,19/05/2016 00:00,,AUTORIZADO
42,14,06/06/2016 00:00,06/06/2016 00:00,06/06/2016 00:00,282/2016,06/06/2016 00:00,,AUTORIZADO
47,28,20/06/2016 00:00,20/06/2016 00:00,20/06/2016 00:00,294/2016,20/06/2016 00:00,,AUTORIZADO
48,28,20/06/2016 00:00,20/06/2016 00:00,20/06/2016 00:00,295/2016,20/06/2016 00:00,,AUTORIZADO
53,33,30/06/2016 00:00,30/06/2016 00:00,30/06/2016 00:00,309/2016,30/06/2016 00:00,,AUTORIZADO
60,74,08/07/2016 00:00,08/07/2016 00:00,08/07/2016 00:00,323/2016,08/07/2016 00:00,,AUTORIZADO
64,72,08/07/2016 00:00,08/07/2016 00:00,08/07/2016 00:00,329/2016,08/07/2016 00:00,,AUTORIZADO
70,28,20/06/2016 00:00,20/06/2016 00:00,20/06/2016 00:00,335/2016,20/06/2016 00:00,,AUTORIZADO
78,74,15/07/2016 00:00,15/07/2016 00:00,15/07/2016 00:00,342/2016,15/07/2016 00:00,,AUTORIZADO
79,60,04/07/2016 00:00,04/07/2016 00:00,04/07/2016 00:00,341/2016,04/07/2016 00:00,,AUTORIZADO
93,58,15/07/2016 00:00,15/07/2016 00:00,15/07/2016 00:00,347/2016,15/07/2016 00:00,,AUTORIZADO
99,74,15/07/2016 00:00,15/07/2016 00:00,15/07/2016 00:00,356/2016,15/07/2016 00:00,,AUTORIZADO
103,31,28/07/2016 00:00,28/07/2016 00:00,28/07/2016 00:00,358/2016,28/07/2016 00:00,,AUTORIZADO
104,16,04/07/2016 00:00,04/07/2016 00:00,04/07/2016 00:00,359/2016,04/07/2016 00:00,,AUTORIZADO
105,27,28/07/2016 00:00,28/07/2016 00:00,28/07/2016 00:00,360/2016,28/07/2016 00:00,,AUTORIZADO
113,26,08/07/2016 00:00,08/07/2016 00:00,08/07/2016 00:00,321/2016,08/07/2016 00:00,,AUTORIZADO
136,80,29/07/2016 00:00,29/07/2016 00:00,29/07/2016 00:00,377/2016,29/07/2016 00:00,,AUTORIZADO
150,72,18/07/2016 00:00,18/07/2016 00:00,18/07/2016 00:00,389/2016,18/07/2016 00:00,,AUTORIZADO
153,33,25/07/2016 00:00,25/07/2016 00:00,25/07/2016 00:00,393/2016,25/07/2016 00:00,,AUTORIZADO
156,26,11/07/2016 00:00,11/07/2016 00:00,11/07/2016 00:00,398/2016,11/07/2016 00:00,,AUTORIZADO
158,27,28/07/2016 00:00,28/07/2016 00:00,28/07/2016 00:00,399/2016,28/07/2016 00:00,,AUTORIZADO
160,54,25/07/2016 00:00,25/07/2016 00:00,25/07/2016 00:00,400/2016,25/07/2016 00:00,,AUTORIZADO
162,31,28/07/2016 00:00,28/07/2016 00:00,28/07/2016 00:00,402/2016,28/07/2016 00:00,,AUTORIZADO
164,33,25/07/2016 00:00,25/07/2016 00:00,25/07/2016 00:00,405/2016,25/07/2016 00:00,,AUTORIZADO
165,32,22/08/2016 00:00,22/08/2016 00:00,22/08/2016 00:00,406/2016,22/08/2016 00:00,,AUTORIZADO
168,59,28/07/2016 00:00,28/07/2016 00:00,28/07/2016 00:00,407/2016,28/07/2016 00:00,,AUTORIZADO
169,59,28/07/2016 00:00,28/07/2016 00:00,28/07/2016 00:00,408/2016,28/07/2016 00:00,,AUTORIZADO
171,47,15/08/2016 00:00,15/08/2016 00:00,15/08/2016 00:00,409/2016,15/08/2016 00:00,,AUTORIZADO
173,32,22/08/2016 00:00,22/08/2016 00:00,22/08/2016 00:00,410/2016,22/08/2016 00:00,,AUTORIZADO
176,16,18/08/2016 00:00,18/08/2016 00:00,18/08/2016 00:00,411/2016,18/08/2016 00:00,,AUTORIZADO
177,73,04/07/2016 00:00,04/07/2016 00:00,04/07/2016 00:00,412/2016,04/07/2016 00:00,,AUTORIZADO
178,73,12/08/2016 00:00,12/08/2016 00:00,12/08/2016 00:00,414/2016,12/08/2016 00:00,,AUTORIZADO
179,60,08/08/2016 00:00,08/08/2016 00:00,08/08/2016 00:00,413/2016,08/08/2016 00:00,,AUTORIZADO
180,54,25/07/2016 00:00,25/07/2016 00:00,25/07/2016 00:00,415/2016,25/07/2016 00:00,,AUTORIZADO
186,74,23/08/2016 00:00,23/08/2016 00:00,23/08/2016 00:00,419/2016,23/08/2016 00:00,,AUTORIZADO
187,74,23/08/2016 00:00,23/08/2016 00:00,23/08/2016 00:00,420/2016,23/08/2016 00:00,,AUTORIZADO
194,54,15/08/2016 00:00,15/08/2016 00:00,15/08/2016 00:00,421/2016,15/08/2016 00:00,,AUTORIZADO
196,119,29/08/2016 00:00,29/08/2016 00:00,29/08/2016 00:00,422/2016,29/08/2016 00:00,,AUTORIZADO
204,97,05/09/2016 00:00,05/09/2016 00:00,05/09/2016 00:00,425/2016,05/09/2016 00:00,,AUTORIZADO
208,32,05/09/2016 00:00,05/09/2016 00:00,05/09/2016 00:00,427/2016,05/09/2016 00:00,,AUTORIZADO
209,118,08/09/2016 00:00,08/09/2016 00:00,08/09/2016 00:00,428/2016,08/09/2016 00:00,,AUTORIZADO
216,94,19/09/2016 00:00,19/09/2016 00:00,19/09/2016 00:00,430/2016,19/09/2016 00:00,,AUTORIZADO
219,94,19/09/2016 00:00,19/09/2016 00:00,19/09/2016 00:00,431/2016,19/09/2016 00:00,,AUTORIZADO
221,98,05/09/2016 00:00,05/09/2016 00:00,05/09/2016 00:00,432/2016,05/09/2016 00:00,,AUTORIZADO
223,85,08/08/2016 00:00,08/08/2016 00:00,08/08/2016 00:00,433/2016,08/08/2016 00:00,,AUTORIZADO
236,28,18/07/2016 00:00,18/07/2016 00:00,18/07/2016 00:00,437/2016,18/07/2016 00:00,,AUTORIZADO
237,28,18/07/2016 00:00,18/07/2016 00:00,18/07/2016 00:00,438/2016,18/07/2016 00:00,,AUTORIZADO
241,90,05/09/2016 00:00,05/09/2016 00:00,05/09/2016 00:00,439/2016,05/09/2016 00:00,,AUTORIZADO
247,86,12/08/2016 00:00,12/08/2016 00:00,12/08/2016 00:00,441/2016,12/08/2016 00:00,,AUTORIZADO
251,111,12/09/2016 00:00,12/09/2016 00:00,12/09/2016 00:00,443/2016,12/09/2016 00:00,,AUTORIZADO
252,118,12/09/2016 00:00,12/09/2016 00:00,12/09/2016 00:00,444/2016,12/09/2016 00:00,,AUTORIZADO
253,112,15/09/2016 00:00,15/09/2016 00:00,15/09/2016 00:00,445/2016,15/09/2016 00:00,,AUTORIZADO
258,138,15/09/2016 00:00,15/09/2016 00:00,15/09/2016 00:00,440/2016,15/09/2016 00:00,,AUTORIZADO
261,119,26/09/2016 00:00,26/09/2016 00:00,26/09/2016 00:00,446/2016,26/09/2016 00:00,,AUTORIZADO
262,119,26/09/2016 00:00,26/09/2016 00:00,26/09/2016 00:00,447/2016,26/09/2016 00:00,,AUTORIZADO
263,119,26/09/2016 00:00,26/09/2016 00:00,26/09/2016 00:00,448/2016,26/09/2016 00:00,,AUTORIZADO
266,135,19/09/2016 00:00,19/09/2016 00:00,19/09/2016 00:00,449/2016,19/09/2016 00:00,,AUTORIZADO
271,54,25/07/2016 00:00,25/07/2016 00:00,25/07/2016 00:00,451/2016,25/07/2016 00:00,,AUTORIZADO
273,34,19/09/2016 00:00,19/09/2016 00:00,19/09/2016 00:00,453/2016,19/09/2016 00:00,,AUTORIZADO
276,77,22/08/2016 00:00,22/08/2016 00:00,22/08/2016 00:00,454/2016,22/08/2016 00:00,,AUTORIZADO
277,75,22/08/2016 00:00,22/08/2016 00:00,22/08/2016 00:00,456/2016,22/08/2016 00:00,,AUTORIZADO
278,52,15/08/2016 00:00,15/08/2016 00:00,15/08/2016 00:00,458/2016,15/08/2016 00:00,,AUTORIZADO
286,78,19/09/2016 00:00,19/09/2016 00:00,19/09/2016 00:00,462/2016,19/09/2016 00:00,,AUTORIZADO
292,155,23/09/2016 00:00,23/09/2016 00:00,23/09/2016 00:00,464/2016,23/09/2016 00:00,,AUTORIZADO
293,156,23/09/2016 00:00,23/09/2016 00:00,23/09/2016 00:00,465/2016,23/09/2016 00:00,,AUTORIZADO
294,157,23/09/2016 00:00,23/09/2016 00:00,23/09/2016 00:00,466/2016,23/09/2016 00:00,,AUTORIZADO
302,94,19/09/2016 00:00,19/09/2016 00:00,19/09/2016 00:00,431-1/2016,19/09/2016 00:00,,AUTORIZADO
308,90,08/09/2016 00:00,08/09/2016 00:00,08/09/2016 00:00,471/2016,08/09/2016 00:00,,AUTORIZADO
309,159,15/09/2016 00:00,15/09/2016 00:00,15/09/2016 00:00,452/2016,15/09/2016 00:00,,AUTORIZADO
310,155,23/09/2016 00:00,23/09/2016 00:00,23/09/2016 00:00,467/2016,23/09/2016 00:00,,AUTORIZADO
311,156,23/09/2016 00:00,23/09/2016 00:00,23/09/2016 00:00,468/2016,23/09/2016 00:00,,AUTORIZADO
312,157,23/09/2016 00:00,23/09/2016 00:00,23/09/2016 00:00,469/2016,23/09/2016 00:00,,AUTORIZADO
315,151,29/09/2016 00:00,29/09/2016 00:00,29/09/2016 00:00,473/2016,29/09/2016 00:00,,AUTORIZADO
316,152,07/10/2016 00:00,07/10/2016 00:00,07/10/2016 00:00,474/2016,07/10/2016 00:00,,AUTORIZADO
317,153,07/10/2016 00:00,07/10/2016 00:00,07/10/2016 00:00,475/2016,07/10/2016 00:00,,AUTORIZADO
322,61,15/09/2016 00:00,15/09/2016 00:00,15/09/2016 00:00,477/2016,15/09/2016 00:00,,AUTORIZADO
325,98,14/10/2016 00:00,14/10/2016 00:00,14/10/2016 00:00,478/2016,14/10/2016 00:00,,AUTORIZADO
327,119,10/10/2016 00:00,10/10/2016 00:00,10/10/2016 00:00,479/2016,10/10/2016 00:00,,AUTORIZADO
335,166,10/10/2016 00:00,10/10/2016 00:00,10/10/2016 00:00,483/2016,10/10/2016 00:00,,AUTORIZADO
344,112,29/09/2016 00:00,29/09/2016 00:00,29/09/2016 00:00,488/2016,29/09/2016 00:00,,AUTORIZADO
350,108,07/10/2016 00:00,07/10/2016 00:00,07/10/2016 00:00,489/2016,07/10/2016 00:00,,AUTORIZADO
351,36,29/08/2016 00:00,29/08/2016 00:00,29/08/2016 00:00,490/2016,29/08/2016 00:00,,AUTORIZADO
352,173,10/10/2016 00:00,10/10/2016 00:00,10/10/2016 00:00,491/2016,10/10/2016 00:00,,AUTORIZADO
353,117,03/10/2016 00:00,03/10/2016 00:00,03/10/2016 00:00,492/2016,03/10/2016 00:00,,AUTORIZADO
359,114,03/10/2016 00:00,03/10/2016 00:00,03/10/2016 00:00,493/2016,03/10/2016 00:00,,AUTORIZADO
360,70,02/09/2016 00:00,02/09/2016 00:00,02/09/2016 00:00,494/2016,02/09/2016 00:00,,AUTORIZADO
376,139,07/10/2016 00:00,07/10/2016 00:00,07/10/2016 00:00,502/2016,07/10/2016 00:00,,AUTORIZADO
377,161,06/10/2016 00:00,06/10/2016 00:00,06/10/2016 00:00,501/2016,06/10/2016 00:00,,AUTORIZADO
378,103,13/10/2016 00:00,13/10/2016 00:00,13/10/2016 00:00,503/2016,13/10/2016 00:00,,AUTORIZADO
380,94,17/10/2016 00:00,17/10/2016 00:00,17/10/2016 00:00,504/2016,17/10/2016 00:00,,AUTORIZADO
389,200,10/10/2016 00:00,10/10/2016 00:00,10/10/2016 00:00,508/2016,10/10/2016 00:00,,AUTORIZADO
390,115,13/10/2016 00:00,13/10/2016 00:00,13/10/2016 00:00,509/2016,13/10/2016 00:00,,AUTORIZADO
391,118,20/10/2016 00:00,20/10/2016 00:00,20/10/2016 00:00,510/2016,20/10/2016 00:00,,AUTORIZADO
392,116,21/10/2016 00:00,21/10/2016 00:00,21/10/2016 00:00,511/2016,21/10/2016 00:00,,AUTORIZADO
393,124,21/10/2016 00:00,21/10/2016 00:00,21/10/2016 00:00,512/2016,21/10/2016 00:00,,AUTORIZADO
394,139,27/10/2016 00:00,27/10/2016 00:00,27/10/2016 00:00,513/2016,27/10/2016 00:00,,AUTORIZADO
400,89,24/10/2016 00:00,24/10/2016 00:00,24/10/2016 00:00,514/2016,24/10/2016 00:00,,AUTORIZADO
408,31,20/10/2016 00:00,20/10/2016 00:00,20/10/2016 00:00,518/2016,23/01/2017 00:00,AUTORIZADO,TÉRMINADO
413,68,10/10/2016 00:00,10/10/2016 00:00,10/10/2016 00:00,519/2016,10/10/2016 00:00,AUTORIZADO,TÉRMINADO
414,151,24/10/2016 00:00,24/10/2016 00:00,24/10/2016 00:00,473-1/2016,24/10/2016 00:00,,AUTORIZADO
417,95,23/09/2016 00:00,23/09/2016 00:00,23/09/2016 00:00,521/2016,23/09/2016 00:00,,AUTORIZADO
427,154,27/10/2016 00:00,27/10/2016 00:00,27/10/2016 00:00,522/2016,27/10/2016 00:00,,AUTORIZADO
430,91,23/09/2016 00:00,23/09/2016 00:00,23/09/2016 00:00,523/2016,23/09/2016 00:00,,AUTORIZADO
436,198,03/11/2016 00:00,03/11/2016 00:00,03/11/2016 00:00,524/2016,03/11/2016 00:00,,AUTORIZADO
443,91,03/10/2016 00:00,03/10/2016 00:00,03/10/2016 00:00,530/2016,03/10/2016 00:00,,AUTORIZADO
451,209,31/10/2016 00:00,31/10/2016 00:00,31/10/2016 00:00,531/2016,31/10/2016 00:00,,AUTORIZADO
452,139,07/11/2016 00:00,07/11/2016 00:00,07/11/2016 00:00,532/2016,07/11/2016 00:00,,AUTORIZADO
454,103,07/11/2016 00:00,07/11/2016 00:00,07/11/2016 00:00,534/2016,07/11/2016 00:00,AUTORIZADO,TÉRMINADO
455,138,10/11/2016 09:01,24/10/2016 00:00,26/08/2016 00:00,440-1/2016,15/09/2016 00:00,AUTORIZADO,TÉRMINADO
456,210,10/11/2016 15:16,15/10/2016 00:00,13/10/2016 00:00,536/2016,17/10/2016 00:00,AUTORIZADO,TÉRMINADO
457,48,11/11/2016 09:52,24/09/2016 00:00,02/09/2016 00:00,537/2016,10/10/2016 00:00,AUTORIZADO,TÉRMINADO
458,49,11/11/2016 09:57,24/09/2016 00:00,02/09/2016 00:00,538/2016,10/10/2016 00:00,AUTORIZADO,TÉRMINADO
459,98,11/11/2016 10:04,24/12/2016 00:00,19/09/2016 00:00,539/2016,04/11/2016 00:00,AUTORIZADO,TÉRMINADO
460,116,11/11/2016 11:46,03/12/2016 00:00,14/10/2016 00:00,540/2016,21/10/2016 00:00,AUTORIZADO,TÉRMINADO
461,124,11/11/2016 12:42,22/10/2016 00:00,29/09/2016 00:00,541/2016,21/10/2016 00:00,AUTORIZADO,TÉRMINADO
462,182,11/11/2016 14:03,21/10/2016 00:00,14/10/2016 00:00,543/2016,27/10/2016 00:00,AUTORIZADO,TÉRMINADO
463,101,14/11/2016 11:28,14/01/2017 00:00,23/09/2016 00:00,544/2016,06/10/2016 00:00,AUTORIZADO,TÉRMINADO
464,53,14/11/2016 11:52,16/11/2016 00:00,01/10/2016 00:00,545/2016,10/10/2016 00:00,AUTORIZADO,TÉRMINADO
465,118,15/11/2016 10:21,09/11/2016 00:00,08/09/2016 00:00,546/2016,19/09/2016 00:00,AUTORIZADO,TÉRMINADO
466,175,15/11/2016 12:39,24/10/2016 00:00,21/09/2016 00:00,548/2016,28/10/2016 00:00,AUTORIZADO,TÉRMINADO
467,176,15/11/2016 12:42,24/10/2016 00:00,21/09/2016 00:00,549/2016,28/10/2016 00:00,AUTORIZADO,TÉRMINADO
469,152,15/11/2016 14:09,24/10/2016 00:00,19/10/2016 00:00,551/2016,28/10/2016 00:00,AUTORIZADO,TÉRMINADO
470,153,15/11/2016 14:14,24/10/2016 00:00,19/10/2016 00:00,552/2016,28/10/2016 00:00,AUTORIZADO,TÉRMINADO
471,118,15/11/2016 14:59,09/11/2016 00:00,10/10/2016 00:00,553/2016,20/10/2016 00:00,AUTORIZADO,TÉRMINADO
472,118,15/11/2016 15:01,09/11/2016 00:00,25/10/2016 00:00,554/2016,04/11/2016 00:00,AUTORIZADO,TÉRMINADO
473,111,15/11/2016 15:42,01/10/2016 00:00,01/09/2016 00:00,555/2016,12/09/2016 00:00,AUTORIZADO,TÉRMINADO
474,112,15/11/2016 15:44,01/10/2016 00:00,01/09/2016 00:00,556/2016,12/09/2016 00:00,AUTORIZADO,TÉRMINADO
475,179,16/11/2016 13:10,15/10/2016 00:00,30/09/2016 00:00,563/2016,20/10/2016 00:00,AUTORIZADO,TÉRMINADO
476,133,16/11/2016 15:00,05/11/2016 00:00,31/10/2016 00:00,564/2016,07/11/2016 00:00,AUTORIZADO,TÉRMINADO
477,125,16/11/2016 15:11,13/11/2016 00:00,04/11/2016 00:00,565/2016,16/11/2016 00:00,AUTORIZADO,TÉRMINADO
478,185,16/11/2016 15:38,04/11/2016 00:00,18/10/2016 00:00,566/2016,28/10/2016 00:00,AUTORIZADO,TÉRMINADO
479,186,16/11/2016 15:39,04/11/2016 00:00,18/10/2016 00:00,567/2016,28/10/2016 00:00,AUTORIZADO,TÉRMINADO
480,136,16/11/2016 15:45,30/10/2016 00:00,24/10/2016 00:00,568/2016,04/11/2016 00:00,AUTORIZADO,TÉRMINADO
481,100,16/11/2016 15:53,18/10/2016 00:00,14/11/2016 00:00,569/2016,16/11/2016 00:00,AUTORIZADO,TÉRMINADO
482,118,17/11/2016 12:42,09/11/2016 00:00,25/10/2016 00:00,571/2016,04/11/2016 00:00,AUTORIZADO,TÉRMINADO
483,123,17/11/2016 13:47,14/02/2017 00:00,25/10/2016 00:00,573/2016,11/11/2016 00:00,AUTORIZADO,TÉRMINADO
484,184,17/11/2016 13:56,12/11/2016 00:00,19/10/2016 00:00,575/2016,04/11/2016 00:00,AUTORIZADO,TÉRMINADO
485,155,17/11/2016 14:11,24/10/2016 00:00,20/10/2016 00:00,577/2016,10/11/2016 00:00,AUTORIZADO,TÉRMINADO
486,156,17/11/2016 14:12,24/10/2016 00:00,20/10/2016 00:00,578/2016,10/11/2016 00:00,AUTORIZADO,TÉRMINADO
487,157,17/11/2016 14:13,24/10/2016 00:00,20/10/2016 00:00,579/2016,10/11/2016 00:00,AUTORIZADO,TÉRMINADO
488,140,17/11/2016 14:38,23/10/2016 00:00,29/09/2016 00:00,580/2016,07/11/2016 00:00,AUTORIZADO,TÉRMINADO
489,181,17/11/2016 15:41,26/10/2016 00:00,15/10/2016 00:00,581/2016,21/10/2016 00:00,AUTORIZADO,TÉRMINADO
490,150,17/11/2016 15:44,29/10/2016 00:00,24/10/2016 00:00,582/2016,04/11/2016 00:00,AUTORIZADO,TÉRMINADO
491,148,18/11/2016 09:54,27/10/2016 00:00,24/10/2016 00:00,583/2016,28/10/2016 00:00,AUTORIZADO,TÉRMINADO
492,114,18/11/2016 14:09,01/10/2016 00:00,25/09/2016 00:00,584/2016,03/10/2016 00:00,AUTORIZADO,TÉRMINADO
493,78,18/11/2016 14:18,22/10/2016 00:00,18/10/2016 00:00,585/2016,17/11/2016 00:00,AUTORIZADO,TÉRMINADO
494,128,18/11/2016 14:25,28/10/2016 00:00,12/10/2016 00:00,586/2016,18/11/2016 00:00,AUTORIZADO,TÉRMINADO
495,103,18/11/2016 14:41,29/10/2016 00:00,25/10/2016 00:00,587/2016,17/11/2016 00:00,AUTORIZADO,TÉRMINADO
496,103,18/11/2016 14:42,29/10/2016 00:00,25/10/2016 00:00,588/2016,17/11/2016 00:00,AUTORIZADO,TÉRMINADO
497,77,22/11/2016 10:10,19/11/2016 00:00,14/09/2016 00:00,589/2016,23/09/2016 00:00,AUTORIZADO,TÉRMINADO
498,77,22/11/2016 10:19,19/11/2016 00:00,21/09/2016 00:00,590/2016,23/09/2016 00:00,AUTORIZADO,TÉRMINADO
499,183,22/11/2016 10:27,29/10/2016 00:00,24/10/2016 00:00,593/2016,14/11/2016 00:00,AUTORIZADO,TÉRMINADO
501,72,22/11/2016 10:56,15/11/2016 00:00,11/10/2016 00:00,594/2016,27/10/2016 00:00,AUTORIZADO,TÉRMINADO
502,108,22/11/2016 13:13,01/10/2016 00:00,14/09/2016 00:00,592/2016,07/10/2016 00:00,AUTORIZADO,TÉRMINADO
503,117,22/11/2016 14:20,30/10/2016 00:00,19/09/2016 00:00,595/2016,03/10/2016 00:00,AUTORIZADO,TÉRMINADO
504,65,22/11/2016 15:01,08/10/2016 00:00,15/09/2016 00:00,596/2016,10/10/2016 00:00,AUTORIZADO,TÉRMINADO
505,66,22/11/2016 15:03,08/10/2016 00:00,15/09/2016 00:00,597/2016,10/10/2016 00:00,AUTORIZADO,TÉRMINADO
506,96,22/11/2016 15:10,06/12/2016 00:00,10/10/2016 00:00,598/2016,04/11/2016 00:00,AUTORIZADO,TÉRMINADO
507,194,23/11/2016 14:03,31/10/2016 00:00,04/11/2016 00:00,599/2016,18/11/2016 00:00,AUTORIZADO,TÉRMINADO
508,137,23/11/2016 14:12,28/10/2016 00:00,10/10/2016 00:00,601/2016,04/11/2016 00:00,AUTORIZADO,TÉRMINADO
509,126,23/11/2016 14:24,07/01/2017 00:00,09/11/2016 00:00,600/2016,18/11/2016 00:00,AUTORIZADO,TÉRMINADO
510,213,23/11/2016 14:41,24/12/2016 00:00,28/10/2016 00:00,602/2016,17/11/2016 00:00,AUTORIZADO,TÉRMINADO
511,213,23/11/2016 14:45,24/12/2016 00:00,04/11/2016 00:00,603/2016,17/11/2016 00:00,AUTORIZADO,TÉRMINADO
512,225,23/11/2016 14:53,04/11/2016 00:00,07/11/2016 00:00,604/2016,18/11/2016 00:00,AUTORIZADO,TÉRMINADO
513,111,23/11/2016 15:08,01/10/2016 00:00,01/09/2016 00:00,555-1/2016,12/09/2016 00:00,AUTORIZADO,TÉRMINADO
515,213,24/11/2016 15:19,24/12/2016 00:00,25/10/2016 00:00,610/2016,17/11/2016 00:00,AUTORIZADO,TÉRMINADO
516,133,25/11/2016 14:32,05/11/2016 00:00,31/10/2016 00:00,611/2016,07/11/2016 00:00,AUTORIZADO,TÉRMINADO
517,119,28/11/2016 11:49,07/12/2016 00:00,07/11/2016 00:00,612/2016,18/11/2016 00:00,AUTORIZADO,TÉRMINADO
518,126,28/11/2016 12:00,07/01/2017 00:00,09/11/2016 00:00,613/2016,22/11/2016 00:00,AUTORIZADO,TÉRMINADO
519,96,28/11/2016 13:47,06/12/2016 00:00,10/10/2016 00:00,614/2016,04/11/2016 00:00,AUTORIZADO,TÉRMINADO
520,77,29/11/2016 09:09,19/11/2016 00:00,04/11/2016 00:00,591/2016,17/11/2016 00:00,AUTORIZADO,TÉRMINADO
521,62,29/11/2016 10:23,17/11/2016 00:00,14/11/2016 00:00,615/2016,28/11/2016 00:00,AUTORIZADO,TÉRMINADO
522,62,29/11/2016 10:24,17/11/2016 00:00,15/11/2016 00:00,617/2016,28/11/2016 00:00,AUTORIZADO,TÉRMINADO
523,70,29/11/2016 10:36,26/12/2016 00:00,08/11/2016 00:00,616/2016,28/11/2016 00:00,AUTORIZADO,TÉRMINADO
524,67,29/11/2016 12:11,08/10/2016 00:00,19/09/2016 00:00,519-1/2016,10/10/2016 00:00,AUTORIZADO,TÉRMINADO
525,213,29/11/2016 15:13,24/12/2016 00:00,09/11/2016 00:00,618/2016,18/11/2016 00:00,AUTORIZADO,TÉRMINADO
526,93,30/11/2016 12:35,24/11/2016 00:00,12/11/2016 00:00,621/2016,28/11/2016 00:00,AUTORIZADO,TÉRMINADO
527,83,30/11/2016 12:41,30/11/2016 00:00,29/08/2016 00:00,619/2016,17/10/2016 00:00,AUTORIZADO,TÉRMINADO
528,83,30/11/2016 12:42,30/11/2016 00:00,29/08/2016 00:00,620/2016,28/10/2016 00:00,AUTORIZADO,TÉRMINADO
529,79,30/11/2016 14:56,22/10/2016 00:00,14/11/2016 00:00,622/2016,25/11/2016 00:00,AUTORIZADO,TÉRMINADO
530,187,30/11/2016 16:04,22/11/2016 00:00,15/11/2016 00:00,623/2016,28/11/2016 00:00,AUTORIZADO,TÉRMINADO
531,213,01/12/2016 08:28,24/12/2016 00:00,25/10/2016 00:00,624/2016,28/11/2016 00:00,AUTORIZADO,TÉRMINADO
532,214,01/12/2016 08:51,03/12/2016 00:00,09/11/2016 00:00,625/2016,25/11/2016 00:00,AUTORIZADO,TÉRMINADO
536,195,01/12/2016 12:49,21/11/2016 00:00,11/11/2016 00:00,629/2016,28/11/2016 00:00,AUTORIZADO,TÉRMINADO
537,105,01/12/2016 14:43,05/11/2016 00:00,04/11/2016 00:00,630/2016,22/11/2016 00:00,AUTORIZADO,TÉRMINADO
538,121,02/12/2016 08:55,17/12/2016 00:00,06/10/2016 00:00,632/2016,13/10/2016 00:00,AUTORIZADO,TÉRMINADO
539,93,02/12/2016 09:29,24/11/2016 00:00,12/11/2016 00:00,621-1/2016,28/11/2016 00:00,AUTORIZADO,TÉRMINADO
540,105,02/12/2016 09:45,05/11/2016 00:00,04/11/2016 00:00,631/2016,18/11/2016 00:00,AUTORIZADO,TÉRMINADO
541,187,02/12/2016 11:09,22/11/2016 00:00,15/11/2016 00:00,633/2016,28/11/2016 00:00,AUTORIZADO,TÉRMINADO
542,163,06/12/2016 14:47,06/02/2017 00:00,16/11/2016 00:00,628/2016,01/12/2016 00:00,AUTORIZADO,TÉRMINADO
543,83,07/12/2016 13:24,30/11/2016 00:00,25/11/2016 00:00,634/2016,05/12/2016 00:00,AUTORIZADO,TÉRMINADO
544,128,07/12/2016 13:38,30/11/2016 00:00,25/11/2016 00:00,636/2016,07/12/2016 00:00,AUTORIZADO,TÉRMINADO
545,62,07/12/2016 13:47,17/11/2016 00:00,30/11/2016 00:00,637/2016,07/12/2016 00:00,AUTORIZADO,TÉRMINADO
546,233,07/12/2016 13:57,31/12/2016 00:00,28/10/2016 00:00,638/2016,07/12/2016 00:00,AUTORIZADO,TÉRMINADO
547,233,07/12/2016 14:02,31/12/2016 00:00,28/10/2016 00:00,639/2016,07/12/2016 00:00,AUTORIZADO,TÉRMINADO
548,61,07/12/2016 14:10,13/11/2016 00:00,14/10/2016 00:00,635/2016,07/12/2016 00:00,AUTORIZADO,TÉRMINADO
549,106,08/12/2016 12:51,30/09/2016 00:00,23/09/2016 00:00,649/2016,03/10/2016 00:00,AUTORIZADO,TÉRMINADO
550,84,09/12/2016 12:22,31/10/2016 00:00,08/08/2016 00:00,650/2016,22/08/2016 00:00,AUTORIZADO,TÉRMINADO
551,84,09/12/2016 12:24,31/10/2016 00:00,24/10/2016 00:00,653/2016,10/11/2016 00:00,AUTORIZADO,TÉRMINADO
552,64,09/12/2016 12:43,20/11/2016 00:00,15/10/2016 00:00,652/2016,04/11/2016 00:00,AUTORIZADO,TÉRMINADO
554,52,14/12/2016 10:27,11/11/2016 00:00,30/08/2016 00:00,655/2016,12/09/2016 00:00,AUTORIZADO,TÉRMINADO
555,69,14/12/2016 11:46,21/10/2016 00:00,11/07/2016 00:00,656/2016,19/09/2016 00:00,AUTORIZADO,TÉRMINADO
556,69,14/12/2016 11:53,21/10/2016 00:00,11/07/2016 00:00,657/2016,19/09/2016 00:00,AUTORIZADO,TÉRMINADO
557,69,14/12/2016 11:59,21/10/2016 00:00,11/07/2016 00:00,662/2016,19/09/2016 00:00,AUTORIZADO,TÉRMINADO
558,95,14/12/2016 12:04,23/09/2016 00:00,12/09/2016 00:00,658/2016,23/09/2016 00:00,AUTORIZADO,TÉRMINADO
559,95,14/12/2016 12:19,23/09/2016 00:00,12/09/2016 00:00,659/2016,23/09/2016 00:00,AUTORIZADO,TÉRMINADO
560,95,14/12/2016 12:24,23/09/2016 00:00,12/09/2016 00:00,660/2016,23/09/2016 00:00,AUTORIZADO,TÉRMINADO
561,149,14/12/2016 12:32,04/12/2016 00:00,27/10/2016 00:00,661/2016,04/11/2016 00:00,AUTORIZADO,TÉRMINADO
562,86,14/12/2016 15:14,05/11/2016 00:00,13/10/2016 00:00,665/2016,21/10/2016 00:00,AUTORIZADO,TÉRMINADO
563,146,14/12/2016 15:21,09/12/2016 00:00,11/10/2016 00:00,626/2016,21/10/2016 00:00,AUTORIZADO,TÉRMINADO
564,147,14/12/2016 15:24,09/12/2016 00:00,11/10/2016 00:00,627/2016,21/10/2016 00:00,AUTORIZADO,TÉRMINADO
565,214,15/12/2016 12:39,03/12/2016 00:00,24/11/2016 00:00,666/2016,15/12/2016 00:00,AUTORIZADO,TÉRMINADO
566,133,16/12/2016 12:20,05/11/2016 00:00,31/10/2016 00:00,611-1/2016,07/11/2016 00:00,AUTORIZADO,TÉRMINADO
567,69,19/12/2016 10:23,21/10/2016 00:00,14/10/2016 00:00,667/2016,24/10/2016 00:00,AUTORIZADO,TÉRMINADO
568,69,19/12/2016 10:25,21/10/2016 00:00,14/10/2016 00:00,668/2016,24/10/2016 00:00,AUTORIZADO,TÉRMINADO
569,69,19/12/2016 10:27,21/10/2016 00:00,14/10/2016 00:00,669/2016,24/10/2016 00:00,AUTORIZADO,TÉRMINADO
570,69,19/12/2016 10:28,21/10/2016 00:00,14/10/2016 00:00,670/2016,24/10/2016 00:00,AUTORIZADO,TÉRMINADO
571,69,19/12/2016 10:31,21/10/2016 00:00,14/10/2016 00:00,671/2016,24/10/2016 00:00,AUTORIZADO,TÉRMINADO
572,69,19/12/2016 10:32,21/10/2016 00:00,14/10/2016 00:00,672/2016,24/10/2016 00:00,AUTORIZADO,TÉRMINADO
573,72,19/12/2016 11:55,15/11/2016 00:00,09/09/2016 00:00,673/2016,23/09/2016 00:00,AUTORIZADO,TÉRMINADO
574,72,19/12/2016 11:56,15/11/2016 00:00,23/11/2016 00:00,674/2016,01/12/2016 00:00,AUTORIZADO,TÉRMINADO
575,214,19/12/2016 12:16,03/12/2016 00:00,28/10/2016 00:00,675/2016,25/11/2016 00:00,AUTORIZADO,TÉRMINADO
576,59,19/12/2016 15:23,07/10/2016 00:00,05/10/2016 00:00,676/2016,14/10/2016 00:00,AUTORIZADO,TÉRMINADO
577,112,20/12/2016 13:33,01/10/2016 00:00,01/09/2016 00:00,556-1/2016,12/09/2016 00:00,AUTORIZADO,TÉRMINADO
578,263,20/12/2016 14:05,31/12/2016 00:00,05/12/2016 00:00,663/2016,20/12/2016 00:00,AUTORIZADO,TÉRMINADO
579,233,21/12/2016 09:41,31/12/2016 00:00,04/11/2016 00:00,677/2016,21/12/2016 00:00,AUTORIZADO,TÉRMINADO
580,331,22/12/2016 09:18,04/02/2017 00:00,25/11/2016 00:00,678/2016,13/12/2016 00:00,AUTORIZADO,TÉRMINADO
581,261,22/12/2016 09:33,31/12/2016 00:00,06/12/2016 00:00,679/2016,19/12/2016 00:00,AUTORIZADO,TÉRMINADO
582,281,22/12/2016 12:47,31/12/2016 00:00,16/12/2016 00:00,680/2016,22/12/2016 00:00,AUTORIZADO,TÉRMINADO
583,282,23/12/2016 09:00,31/12/2016 00:00,05/11/2016 00:00,681/2016,23/12/2016 00:00,AUTORIZADO,TÉRMINADO
584,283,23/12/2016 09:02,31/12/2016 00:00,05/11/2016 00:00,682/2016,23/12/2016 00:00,AUTORIZADO,TÉRMINADO
585,316,23/12/2016 09:05,31/12/2016 00:00,05/11/2016 00:00,683/2016,23/12/2016 00:00,AUTORIZADO,TÉRMINADO
586,264,23/12/2016 13:12,31/12/2016 00:00,05/12/2016 00:00,686-2016,23/12/2016 00:00,AUTORIZADO,TÉRMINADO
588,263,23/12/2016 13:27,31/12/2016 00:00,05/12/2016 00:00,688/2016,23/12/2016 00:00,AUTORIZADO,TÉRMINADO
589,264,23/12/2016 13:34,31/12/2016 00:00,05/12/2016 00:00,687/2016,23/12/2016 00:00,AUTORIZADO,TÉRMINADO
590,263,23/12/2016 13:43,31/12/2016 00:00,05/12/2016 00:00,689/2016,23/12/2016 00:00,AUTORIZADO,TÉRMINADO
591,101,23/12/2016 14:03,14/01/2017 00:00,04/11/2016 00:00,690/2016,14/11/2016 00:00,AUTORIZADO,TÉRMINADO
592,101,23/12/2016 14:04,14/01/2017 00:00,11/11/2016 00:00,691/2016,18/11/2016 00:00,AUTORIZADO,TÉRMINADO
593,180,23/12/2016 15:04,15/10/2016 00:00,30/09/2016 00:00,692/2016,16/01/2017 00:00,AUTORIZADO,TÉRMINADO
595,123,26/12/2016 12:28,14/02/2017 00:00,16/12/2016 00:00,695/2016,23/12/2016 00:00,AUTORIZADO,TÉRMINADO
596,123,26/12/2016 12:30,14/02/2017 00:00,16/12/2016 00:00,696/2016,23/12/2016 00:00,AUTORIZADO,TÉRMINADO
597,144,26/12/2016 13:11,10/12/2016 00:00,12/12/2016 00:00,698/2016,23/12/2016 00:00,AUTORIZADO,TÉRMINADO
598,145,26/12/2016 13:13,10/12/2016 00:00,12/12/2016 00:00,697/2016,23/12/2016 00:00,AUTORIZADO,TÉRMINADO
599,143,26/12/2016 15:17,10/12/2016 00:00,12/12/2016 00:00,699/2016,23/12/2016 00:00,AUTORIZADO,TÉRMINADO
600,260,26/12/2016 15:39,31/12/2016 00:00,19/12/2016 00:00,700/2016,23/12/2016 00:00,AUTORIZADO,TÉRMINADO
601,261,27/12/2016 13:26,31/12/2016 00:00,06/12/2016 00:00,701/2016,23/12/2016 00:00,AUTORIZADO,TÉRMINADO
602,230,27/12/2016 15:23,12/01/2017 00:00,14/12/2016 00:00,702/2016,16/12/2016 00:00,AUTORIZADO,TÉRMINADO
603,214,28/12/2016 13:30,03/12/2016 00:00,24/11/2016 00:00,703/2016,16/12/2016 00:00,AUTORIZADO,TÉRMINADO
604,86,28/12/2016 13:42,05/11/2016 00:00,28/09/2016 00:00,651/2016,07/10/2016 00:00,AUTORIZADO,TÉRMINADO
605,231,30/12/2016 15:05,30/12/2016 00:00,04/11/2016 00:00,704/2016,26/12/2016 00:00,AUTORIZADO,TÉRMINADO
607,71,03/01/2017 12:22,11/11/2016 00:00,07/09/2016 00:00,713/2016,19/09/2016 00:00,AUTORIZADO,TÉRMINADO
608,71,03/01/2017 12:29,11/11/2016 00:00,07/09/2016 00:00,714/2016,19/09/2016 00:00,AUTORIZADO,TÉRMINADO
609,71,03/01/2017 12:33,11/11/2016 00:00,07/09/2016 00:00,715/2016,22/09/2016 00:00,AUTORIZADO,TÉRMINADO
610,71,03/01/2017 12:37,11/11/2016 00:00,07/09/2016 00:00,716/2016,22/09/2016 00:00,AUTORIZADO,TÉRMINADO
611,71,03/01/2017 12:41,11/11/2016 00:00,07/09/2016 00:00,717/2016,23/09/2016 00:00,AUTORIZADO,TÉRMINADO
612,71,03/01/2017 12:45,11/11/2016 00:00,07/09/2016 00:00,718/2016,20/09/2016 00:00,AUTORIZADO,TÉRMINADO
613,71,03/01/2017 12:48,11/11/2016 00:00,03/11/2016 00:00,719/2016,14/11/2016 00:00,AUTORIZADO,TÉRMINADO
614,71,03/01/2017 12:51,11/11/2016 00:00,10/11/2016 00:00,720/2016,18/11/2016 00:00,AUTORIZADO,TÉRMINADO
615,198,03/01/2017 13:54,27/10/2016 00:00,24/10/2016 00:00,706/2016,03/11/2016 00:00,AUTORIZADO,TÉRMINADO
616,76,03/01/2017 14:52,19/11/2016 00:00,12/08/2016 00:00,707/2016,22/08/2016 00:00,AUTORIZADO,TÉRMINADO
617,76,03/01/2017 14:55,19/11/2016 00:00,08/12/2016 00:00,708/2016,19/12/2016 00:00,AUTORIZADO,TÉRMINADO
618,76,03/01/2017 15:00,19/11/2016 00:00,08/12/2016 00:00,710/2016,19/12/2016 00:00,AUTORIZADO,TÉRMINADO
619,76,03/01/2017 15:05,19/11/2016 00:00,08/12/2016 00:00,711/2016,19/12/2016 00:00,AUTORIZADO,TÉRMINADO
620,76,03/01/2017 15:08,19/11/2016 00:00,08/12/2016 00:00,712/2016,19/12/2016 00:00,AUTORIZADO,TÉRMINADO
621,76,03/01/2017 15:12,19/11/2016 00:00,08/12/2016 00:00,709/2016,19/12/2016 00:00,AUTOPRIZADO,TÉRMINADO
622,173,05/01/2017 13:27,08/10/2016 00:00,28/09/2016 00:00,550/2016,10/10/2016 00:00,AUTORIZADO,TÉRMINADO
623,258,05/01/2017 13:55,17/01/2017 00:00,30/11/2016 00:00,721/2016,16/12/2016 00:00,AUTORIZADO,TÉRMINADO
624,353,05/01/2017 15:13,31/12/2016 00:00,26/12/2016 00:00,722/2016,02/01/2017 00:00,AUTORIZADO,TÉRMINADO
625,129,10/01/2017 11:14,03/12/2016 00:00,26/09/2016 00:00,723/2016,07/10/2016 00:00,AUTORIZADO,TÉRMINADO
626,129,10/01/2017 11:16,03/12/2016 00:00,30/11/2016 00:00,725/2016,08/12/2016 00:00,AUTORIZADO,TÉRMINADO
627,100,10/01/2017 12:01,15/11/2016 00:00,14/11/2016 00:00,724/2016,18/11/2016 00:00,AUTORIZADO,TÉRMINADO
628,275,10/01/2017 13:22,17/04/2017 00:00,26/12/2016 00:00,001/2017,05/01/2017 00:00,AUTORIZADO,TÉRMINADO
629,203,10/01/2017 13:48,25/12/2016 00:00,20/12/2016 00:00,002/2016,10/01/2017 00:00,AUTORIZADO,TÉRMINADO
630,307,10/01/2017 13:57,23/03/2017 00:00,19/12/2016 00:00,003/2017,10/01/2017 00:00,AUTORIZADO,TÉRMINADO
631,160,10/01/2017 15:07,16/11/2016 00:00,05/11/2016 00:00,726/2016,18/11/2016 00:00,AUTORIZADO,TÉRMINADO
632,195,10/01/2017 15:20,21/11/2016 00:00,11/11/2016 00:00,727/2016,28/11/2016 00:00,AUTORIZADO,TÉRMINADO
633,195,10/01/2017 15:22,21/11/2016 00:00,11/11/2016 00:00,728/2016,28/11/2016 00:00,AUTORIZADO,TÉRMINADO
634,169,11/01/2017 09:26,02/01/2017 00:00,04/11/2016 00:00,729/2016,14/11/2016 00:00,AUTORIZADO,TÉRMINADO
635,169,11/01/2017 09:32,02/01/2017 00:00,01/12/2016 00:00,730/2016,12/12/2016 00:00,AUTORIZADO,TÉRMINADO
636,93,11/01/2017 09:39,24/11/2016 00:00,03/12/2016 00:00,731/2016,16/12/2016 00:00,AUTORIZADO,TÉRMINADO
637,174,11/01/2017 13:27,07/01/2017 00:00,24/11/2016 00:00,732/2016,26/12/2016 00:00,AUTORIZADO,TÉRMINADO
638,95,12/01/2017 12:39,23/09/2016 00:00,12/09/2016 00:00,0486/2016,23/09/2016 00:00,AUTORIZADO,TÉRMINADO
639,95,12/01/2017 12:41,23/09/2016 00:00,12/09/2016 00:00,0520/2016,23/09/2016 00:00,AUTORIZADO,TÉRMINADO
640,203,12/01/2017 15:09,25/12/2016 00:00,20/12/2016 00:00,005/2017,12/01/2017 00:00,AUTORIZADO,TÉRMINADO
641,250,13/01/2017 15:28,28/01/2017 00:00,05/01/2017 00:00,006/2017,13/01/2017 00:00,AUTORIZADO,TÉRMINADO
642,251,13/01/2017 15:29,28/01/2017 00:00,05/01/2017 00:00,007/2017,13/01/2017 00:00,AUTORIZADO,TÉRMINADO
643,72,16/01/2017 12:54,15/11/2016 00:00,28/11/2016 00:00,705/2016,08/12/2016 00:00,AUTORIZADO,TÉRMINADO
644,215,17/01/2017 09:17,17/04/2017 00:00,20/10/2016 00:00,008/2017,05/01/2017 00:00,AUTORIZADO,TÉRMINADO
645,128,17/01/2017 10:06,30/11/2016 00:00,24/09/2016 00:00,735/2016,24/10/2016 00:00,AUTORIZADO,TÉRMINADO
646,128,17/01/2017 10:07,30/11/2016 00:00,21/11/2016 00:00,736/2016,01/12/2016 00:00,AUTORIZADO,TÉRMINADO
647,91,17/01/2017 11:07,09/12/2016 00:00,09/11/2016 00:00,738/2016,01/12/2016 00:00,AUTORIZADO,TÉRMINADO
648,270,18/01/2017 14:14,31/12/2016 00:00,31/12/2016 00:00,010/2017,18/01/2017 00:00,AUTORIZADO,TÉRMINADO
649,101,19/01/2017 10:24,14/01/2017 00:00,11/11/2016 00:00,694/2016,18/11/2016 00:00,AUTORIZADO,TÉRMINADO
650,163,19/01/2017 12:56,04/06/2017 00:00,16/11/2016 00:00,628-1/2016,01/12/2016 00:00,AUTORIZADO,TÉRMINADO
651,311,23/01/2017 10:12,11/03/2017 00:00,03/01/2017 00:00,011/2017,19/01/2017 00:00,AUTORIZADO,TÉRMINADO
652,307,23/01/2017 13:58,23/03/2017 00:00,04/01/2017 00:00,012/2017,16/01/2017 00:00,AUTORIZADO,TÉRMINADO
653,225,24/01/2017 13:44,04/11/2016 00:00,07/11/2016 00:00,739/2016,18/11/2016 00:00,AUTORIZADO,TÉRMINADO
656,258,26/01/2017 09:27,17/01/2017 00:00,10/01/2017 00:00,014/2017,23/01/2017 00:00,AUTORIZADO,TÉRMINADO
657,361,27/01/2017 14:22,15/04/2017 00:00,27/12/2016 00:00,742/2016,30/12/2016 00:00,AUTORIZADO,TÉRMINADO
658,311,30/01/2017 14:30,11/03/2017 00:00,03/01/2017 00:00,017/2017,19/01/2017 00:00,AUTORIZADO,TÉRMINADO
659,123,30/01/2017 15:23,14/02/2017 00:00,23/01/2017 00:00,019/2017,27/01/2017 00:00,AUTORIZADO,TÉRMINADO
660,381,31/01/2017 12:30,14/01/2017 00:00,03/01/2017 00:00,020/2017,12/01/2017 00:00,AUTORIZADO,TÉRMINADO
661,361,31/01/2017 12:36,15/04/2017 00:00,27/12/2016 00:00,021/2017,30/12/2016 00:00,AUTORIZADO,TÉRMINADO
662,259,01/02/2017 14:02,19/12/2016 00:00,18/12/2016 00:00,022/2017,26/01/2017 00:00,AUTORIZADO,TÉRMINADO
663,363,01/02/2017 14:09,07/03/2017 00:00,23/01/2017 00:00,023/2017,27/01/2017 00:00,AUTORIZADO,TÉRMINADO
664,373,01/02/2017 14:49,17/01/2017 00:00,03/12/2016 00:00,024/2017,19/01/2017 00:00,AUTORIZADO,TÉRMINADO
665,380,01/02/2017 14:51,17/01/2017 00:00,03/12/2016 00:00,025/2017,19/01/2017 00:00,AUTORIZADO,TÉRMINADO
666,383,01/02/2017 14:52,17/01/2017 00:00,03/12/2016 00:00,026/2017,19/01/2017 00:00,AUTORIZADO,TÉRMINADO
667,386,01/02/2017 14:54,17/01/2017 00:00,03/12/2016 00:00,027/2017,19/01/2017 00:00,AUTORIZADO,TÉRMINADO
668,387,01/02/2017 14:56,17/01/2017 00:00,03/12/2016 00:00,028/2017,19/01/2017 00:00,AUTORIZADO,TÉRMINADO
669,389,01/02/2017 14:57,17/01/2017 00:00,03/12/2016 00:00,029/2017,19/01/2017 00:00,AUTORIZADO,TÉRMINADO
670,203,03/02/2017 14:57,25/12/2016 00:00,20/12/2016 00:00,005-1/2017,12/01/2017 00:00,AUTORIZADO,TÉRMINADO
671,311,03/02/2017 15:19,11/03/2017 00:00,26/01/2017 00:00,030/2017,02/02/2017 00:00,AUTORIZADO,TÉRMINADO
672,61,07/02/2017 09:40,13/11/2016 00:00,14/10/2016 00:00,743/2016,05/12/2016 00:00,AUTORIZADO,TÉRMINADO
673,82,07/02/2017 09:48,31/12/2016 00:00,26/12/2016 00:00,744/2016,30/12/2016 00:00,AUTORIZADO,TÉRMINADO
675,339,07/02/2017 10:09,18/04/2017 00:00,16/01/2017 00:00,033/2017,17/01/2017 00:00,AUTORIZADO,TÉRMINADO
676,163,07/02/2017 10:20,04/06/2017 00:00,28/12/2016 00:00,032/2017,13/01/2017 00:00,AUTORIZADO,TÉRMINADO
677,81,08/02/2017 14:15,17/01/2017 00:00,30/11/2016 00:00,745/2016,08/12/2016 00:00,AUTORIZADO,TÉRMINADO
678,275,08/02/2017 14:33,17/04/2017 00:00,05/01/2017 00:00,045/2017,19/01/2017 00:00,AUTORIZADO,TÉRMINADO
679,229,10/02/2017 11:30,11/01/2017 00:00,20/01/2017 00:00,046/2017,30/01/2017 00:00,AUTORIZADO,TÉRMINADO
680,413,13/02/2017 09:19,28/01/2017 00:00,24/01/2017 00:00,053/2017,30/01/2017 00:00,AUTORIZADO,TÉRMINADO
681,310,13/02/2017 09:24,11/03/2017 00:00,24/01/2017 00:00,054/2017,03/02/2017 00:00,AUTORIZADO,TÉRMINADO
682,369,13/02/2017 09:27,04/04/2017 00:00,30/01/2017 00:00,055/2017,10/02/2017 00:00,AUTORIZADO,TÉRMINADO
683,146,13/02/2017 10:04,09/12/2016 00:00,10/11/2016 00:00,740/2016,18/11/2016 00:00,AUTORIZADO,TÉRMINADO
684,147,13/02/2017 10:05,09/12/2016 00:00,10/11/2016 00:00,741/2016,18/11/2016 00:00,AUTORIZADO,TÉRMINADO
685,344,14/02/2017 11:50,20/03/2017 00:00,07/01/2017 00:00,059/2017,19/01/2017 00:00,AUTORIZADO,TÉRMINADO
686,280,14/02/2017 11:56,21/02/2017 00:00,30/01/2017 00:00,060/2017,06/02/2017 00:00,AUTORIZADO,TÉRMINADO
687,369,14/02/2017 13:30,04/04/2017 00:00,30/01/2017 00:00,061/2017,10/02/2017 00:00,AUTORIZADO,TÉRMINADO
688,223,14/02/2017 14:10,24/01/2017 00:00,23/01/2017 00:00,063/2017,26/01/2017 00:00,AUTORIZADO,TÉRMINADO
689,287,14/02/2017 14:16,21/01/2017 00:00,23/01/2017 00:00,062/2017,26/01/2017 00:00,AUTORIZADO,TÉRMINADO
690,69,16/02/2017 09:56,21/10/2016 00:00,14/10/2016 00:00,667-1/2016,16/02/2017 00:00,AUTORIZADO,TÉRMINADO
691,69,16/02/2017 09:57,21/10/2016 00:00,14/10/2016 00:00,672-1/2016,16/02/2017 00:00,AUTORIZADO,TÉRMINADO
692,82,17/02/2017 12:56,31/12/2016 00:00,26/12/2016 00:00,031/2017,09/01/2017 00:00,AUTORIZADO,TÉRMINADO
693,78,17/02/2017 13:43,11/11/2016 00:00,10/11/2016 00:00,066/2017,10/02/2017 00:00,AUTORIZADO,TÉRMINADO
694,102,17/02/2017 13:56,08/02/2017 00:00,13/01/2017 00:00,065/2017,26/01/2017 00:00,AUTORIZADO,TÉRMINADO
695,162,17/02/2017 14:02,18/03/2017 00:00,08/12/2016 00:00,746/2016,23/12/2016 00:00,AUTORIZADO,TÉRMINADO
696,171,17/02/2017 14:30,29/10/2016 00:00,19/11/2016 00:00,747/2016,13/12/2016 00:00,AUTORIZADO,TÉRMINADO
697,168,17/02/2017 15:41,31/12/2016 00:00,26/12/2016 00:00,067/2017,12/01/2017 00:00,AUTORIZADO,TÉRMINADO
698,229,21/02/2017 09:02,11/01/2017 00:00,20/01/2017 00:00,068/2017,30/01/2017 00:00,AUTORIZADO,TÉRMINADO
700,222,21/02/2017 12:04,21/01/2017 00:00,19/01/2017 00:00,070/2017,30/01/2017 00:00,AUTORIZADO,TÉRMINADO
701,365,21/02/2017 12:08,11/03/2017 00:00,01/02/2017 00:00,072/2017,20/02/2017 00:00,AUTORIZADO,TÉRMINADO
702,318,21/02/2017 12:39,19/06/2017 00:00,15/02/2017 00:00,073/2017,20/02/2017 00:00,AUTORIZADO,TÉRMINADO
703,104,21/02/2017 13:46,31/01/2017 00:00,26/01/2017 00:00,074/2017,02/02/2017 00:00,AUTORIZADO,TÉRMINADO
704,126,21/02/2017 13:53,07/01/2017 00:00,31/01/2017 00:00,075/2017,20/02/2017 00:00,AUTORIZADO,TÉRMINADO
705,309,21/02/2017 14:19,14/02/2017 00:00,09/02/2017 00:00,076/2017,16/02/2017 00:00,AUTORIZADO,TÉRMINADO
706,531,21/02/2017 14:24,25/03/2017 00:00,09/02/2017 00:00,077/2017,22/02/2017 00:00,AUTORIZADO,TÉRMINADO
707,366,21/02/2017 14:28,04/04/2017 00:00,06/02/2017 00:00,078/2017,20/02/2017 00:00,AUTORIZADO,TÉRMINADO
708,532,21/02/2017 15:29,11/02/2017 00:00,06/02/2017 00:00,079/2017,16/02/2017 00:00,AUTORIZADO,TÉRMINADO
709,366,22/02/2017 08:37,04/04/2017 00:00,14/02/2017 00:00,080/2017,20/02/2017 00:00,AUTORIZADO,TÉRMINADO
710,241,22/02/2017 08:52,30/03/2017 00:00,01/02/2017 00:00,081/2017,10/02/2017 00:00,AUTORIZADO,TÉRMINADO
711,344,22/02/2017 09:44,20/03/2017 00:00,01/02/2017 00:00,082/2017,17/02/2017 00:00,AUTORIZADO,TÉRMINADO
712,213,22/02/2017 11:52,03/01/2017 00:00,26/11/2016 00:00,083/2017,02/02/2017 00:00,AUTORIZADO,TÉRMINADO
713,196,22/02/2017 14:55,06/02/2017 00:00,30/12/2016 00:00,084/2017,12/01/2017 00:00,AUTORIZADO,TÉRMINADO
714,321,23/02/2017 11:23,28/01/2017 00:00,18/01/2017 00:00,085/2017,30/01/2017 00:00,AUTORIZADO,TÉRMINADO
715,220,23/02/2017 11:41,04/02/2017 00:00,25/01/2017 00:00,086/2017,13/02/2017 00:00,AUTORIZADO,TÉRMINADO
716,123,23/02/2017 13:28,14/02/2017 00:00,16/12/2016 00:00,088/2017,23/02/2017 00:00,AUTORIZADO,TÉRMINADO
717,318,23/02/2017 13:48,19/06/2017 00:00,06/01/2017 00:00,087/2017,13/01/2017 00:00,AUTORIZADO,TÉRMINADO
718,414,23/02/2017 14:29,18/03/2017 00:00,16/02/2017 00:00,089/2017,23/02/2017 00:00,AUTORIZADO,TÉRMINADO
719,344,24/02/2017 09:12,20/03/2017 00:00,01/02/2017 00:00,090/2017,17/02/2017 00:00,AUTORIZADO,TÉRMINADO
720,229,24/02/2017 11:41,11/01/2017 00:00,20/01/2017 00:00,046-1/2017,30/01/2017 00:00,AUTORIZADO,TÉRMINADO
721,413,24/02/2017 12:12,12/02/2017 00:00,24/01/2017 00:00,091/2017,03/02/2017 00:00,AUTORIZADO,TÉRMINADO
722,340,27/02/2017 15:04,11/02/2017 00:00,23/02/2017 00:00,094/2017,27/02/2017 00:00,AUTORIZADO,TÉRMINADO
723,364,27/02/2017 15:12,25/02/2017 00:00,17/02/2017 00:00,092/2017,27/02/2017 00:00,AUTORIZADO,TÉRMINADO
724,382,27/02/2017 15:21,25/02/2017 00:00,06/02/2017 00:00,093/2017,27/02/2017 00:00,AUTORIZADO,TÉRMINADO
725,167,01/03/2017 12:13,25/02/2017 00:00,16/01/2017 00:00,095/2017,26/01/2017 00:00,AUTORIZADO,TÉRMINADO
726,167,01/03/2017 12:15,25/02/2017 00:00,16/01/2017 00:00,096/2017,26/01/2017 00:00,AUTORIZADO,TÉRMINADO
727,167,01/03/2017 12:19,25/02/2017 00:00,16/01/2017 00:00,097/2017,26/01/2017 00:00,AUTORIZADO,TÉRMINADO
728,167,01/03/2017 12:22,25/02/2017 00:00,16/01/2017 00:00,098/2017,27/01/2017 00:00,AUTORIZADO,TÉRMINADO
729,167,01/03/2017 12:24,25/02/2017 00:00,03/02/2017 00:00,099/2017,13/02/2017 00:00,AUTORIZADO,TÉRMINADO
730,167,01/03/2017 12:28,25/02/2017 00:00,03/02/2017 00:00,100/2017,13/02/2017 00:00,AUTORIZADO,TÉRMINADO
731,337,01/03/2017 15:20,18/03/2017 00:00,17/02/2017 00:00,101/2017,01/03/2017 00:00,AUTORIZADO,TÉRMINADO
732,336,01/03/2017 15:23,18/03/2017 00:00,17/02/2017 00:00,102/2017,01/03/2017 00:00,AUTORIZADO,TÉRMINADO
733,134,02/03/2017 08:52,13/02/2017 00:00,18/01/2017 00:00,103/2017,16/02/2017 00:00,AUTORIZADO,TÉRMINADO
734,423,02/03/2017 11:54,06/05/2017 00:00,20/02/2017 00:00,104/2017,24/02/2017 00:00,AUTORIZADO,TÉRMINADO
735,425,02/03/2017 12:00,06/05/2017 00:00,20/02/2017 00:00,105/2017,24/02/2017 00:00,AUTORIZADO,TÉRMINADO
736,231,02/03/2017 14:44,30/12/2016 00:00,20/02/2017 00:00,106/2017,02/03/2017 00:00,AUTORIZADO,TÉRMINADO
737,365,03/03/2017 13:16,11/03/2017 00:00,13/01/2017 00:00,107/2017,26/01/2017 00:00,AUTORIZADO,TÉRMINADO
738,121,03/03/2017 13:26,07/03/2017 00:00,01/02/2017 00:00,108/2017,06/02/2017 00:00,AUTORIZADO,TÉRMINADO
740,93,03/03/2017 13:40,09/12/2016 00:00,06/12/2016 00:00,111/2017,20/02/2017 00:00,AUTORIZADO,TÉRMINADO
741,229,03/03/2017 14:31,08/02/2017 00:00,05/02/2017 00:00,112/2017,10/02/2017 00:00,AUTORIZADO,TÉRMINADO
742,101,03/03/2017 15:27,14/01/2017 00:00,17/01/2017 00:00,113/2017,03/02/2017 00:00,AUTORIZADO,TÉRMINADO
744,375,06/03/2017 09:20,02/04/2017 00:00,27/02/2017 00:00,115/2017,06/03/2017 00:00,AUTORIZADO,TÉRMINADO
745,196,06/03/2017 13:18,06/02/2017 00:00,30/01/2017 00:00,116/2017,10/02/2017 00:00,AUTORIZADO,TÉRMINADO
746,366,06/03/2017 13:30,04/04/2017 00:00,03/02/2017 00:00,117/2017,16/02/2017 00:00,AUTORIZADO,TÉRMINADO
747,361,06/03/2017 14:31,15/04/2017 00:00,13/02/2017 00:00,118/2017,23/02/2017 00:00,AUTORIZADO,TÉRMINADO
748,280,06/03/2017 14:36,21/02/2017 00:00,17/02/2017 00:00,119/2017,24/02/2017 00:00,AUTORIZADO,TÉRMINADO
749,382,06/03/2017 14:54,25/02/2017 00:00,23/02/2017 00:00,120/2017,02/03/2017 00:00,AUTORIZADO,TÉRMINADO
750,336,06/03/2017 15:04,18/03/2017 00:00,17/02/2017 00:00,121/2017,02/03/2017 00:00,AUTORIZADO,TÉRMINADO
751,375,07/03/2017 08:45,02/04/2017 00:00,27/02/2017 00:00,122/2017,03/03/2017 00:00,AUTORIZADO,TÉRMINADO
752,531,07/03/2017 09:17,25/03/2017 00:00,22/02/2017 00:00,123/2017,03/03/2017 00:00,AUTORIZADO,TÉRMINADO
754,216,07/03/2017 13:20,09/06/2017 00:00,21/02/2017 00:00,125/2017,07/03/2017 00:00,AUTORIZADO,TÉRMINADO
755,319,08/03/2017 09:34,25/02/2017 00:00,13/02/2017 00:00,126/2017,02/03/2017 00:00,AUTORIZADO,TÉRMINADO
756,359,08/03/2017 11:28,11/03/2017 00:00,21/02/2017 00:00,127/2017,06/03/2017 00:00,AUTORIZADO,TÉRMINADO
758,366,10/03/2017 09:27,04/04/2017 00:00,09/02/2017 00:00,129/2017,16/02/2017 00:00,AUTORIZADO,TÉRMINADO
759,532,10/03/2017 09:36,15/03/2017 00:00,06/02/2017 00:00,130/2017,16/02/2017 00:00,AUTORIZADO,TÉRMINADO
760,344,10/03/2017 09:49,20/03/2017 00:00,06/02/2017 00:00,131/2017,06/03/2017 00:00,AUTORIZADO,TÉRMINADO
761,485,13/03/2017 11:24,03/05/2017 00:00,19/01/2017 00:00,132/2017,27/01/2017 00:00,AUTORIZADO,TÉRMINADO
762,307,13/03/2017 11:37,23/03/2017 00:00,02/03/2017 00:00,133/2017,10/03/2017 00:00,AUTORIZADO,TÉRMINADO
763,307,13/03/2017 11:39,23/03/2017 00:00,28/02/2017 00:00,134/2017,10/03/2017 00:00,AUTORIZADO,TÉRMINADO
764,244,14/03/2017 12:04,15/02/2017 00:00,15/02/2017 00:00,135/2017,20/02/2017 00:00,AUTORIZADO,TÉRMINADO
765,242,14/03/2017 12:18,21/03/2017 00:00,20/02/2017 00:00,136/2017,03/03/2017 00:00,AUTORIZADO,TÉRMINADO
766,293,14/03/2017 12:23,30/01/2017 00:00,30/01/2017 00:00,137/2017,10/03/2017 00:00,AUTORIZADO,TÉRMINADO
767,324,14/03/2017 15:02,11/03/2017 00:00,06/03/2017 00:00,141/2017,13/03/2017 00:00,AUTORIZADO,TÉRMINADO
768,325,14/03/2017 15:05,11/03/2017 00:00,06/03/2017 00:00,142/2017,13/03/2017 00:00,AUTORIZADO,TÉRMINADO
769,371,14/03/2017 15:13,04/04/2017 00:00,08/03/2017 00:00,138/2017,13/03/2017 00:00,AUTORIZADO,TÉRMINADO
770,371,14/03/2017 15:17,04/04/2017 00:00,03/03/2017 00:00,139/2017,13/03/2017 00:00,AUTORIZADO,TÉRMINADO
771,370,14/03/2017 15:33,04/04/2017 00:00,22/02/2017 00:00,140/2017,13/03/2017 00:00,AUTORIZADO,TÉRMINADO
772,259,15/03/2017 11:49,31/12/2016 00:00,18/12/2016 00:00,143/2017,20/02/2017 00:00,AUTORIZADO,TÉRMINADO
773,258,15/03/2017 11:57,16/02/2017 00:00,01/02/2017 00:00,144/2017,16/02/2017 00:00,AUTORIZADO,TÉRMINADO
774,229,15/03/2017 12:13,08/02/2017 00:00,04/02/2017 00:00,145/2017,16/02/2017 00:00,AUTORIZADO,TÉRMINADO
775,258,15/03/2017 13:34,16/02/2017 00:00,14/02/2017 00:00,146/2017,23/02/2017 00:00,AUTORIZADO,TÉRMINADO
776,244,15/03/2017 14:38,15/02/2017 00:00,15/02/2017 00:00,147/2017,20/02/2017 00:00,AUTORIZADO,TÉRMINADO
777,326,16/03/2017 09:44,08/03/2017 00:00,23/02/2017 00:00,148/2017,03/03/2017 00:00,AUTORIZADO,TÉRMINADO
778,327,16/03/2017 09:47,08/03/2017 00:00,23/02/2017 00:00,149/2017,03/03/2017 00:00,AUTORIZADO,TÉRMINADO
779,344,16/03/2017 10:27,20/03/2017 00:00,06/02/2017 00:00,150/2017,06/03/2017 00:00,AUTORIZADO,TÉRMINADO
781,368,16/03/2017 15:29,03/04/2017 00:00,23/02/2017 00:00,153/2017,10/03/2017 00:00,AUTORIZADO,TÉRMINADO
782,123,21/03/2017 10:03,14/02/2017 00:00,09/03/2017 00:00,154/2017,17/03/2017 00:00,AUTORIZADO,TÉRMINADO
783,286,21/03/2017 12:36,14/02/2017 00:00,14/02/2017 00:00,155/2017,17/02/2017 00:00,AUTORIZADO,TÉRMINADO
784,286,21/03/2017 12:38,14/02/2017 00:00,14/02/2017 00:00,156/2017,17/02/2017 00:00,AUTORIZADO,TÉRMINADO
785,330,22/03/2017 10:15,25/03/2017 00:00,31/01/2017 00:00,157/2017,16/02/2017 00:00,AUTORIZADO,TÉRMINADO
786,374,22/03/2017 10:19,26/03/2017 00:00,03/02/2017 00:00,158/2017,17/02/2017 00:00,AUTORIZADO,TÉRMINADO
787,365,22/03/2017 10:23,11/03/2017 00:00,17/02/2017 00:00,159/2017,06/03/2017 00:00,AUTORIZADO,TÉRMINADO
788,363,23/03/2017 10:25,07/03/2017 00:00,07/03/2017 00:00,160/2017,17/03/2017 00:00,AUTORIZADO,TÉRMINADO
790,366,23/03/2017 12:58,04/04/2017 00:00,24/02/2017 00:00,162/2017,13/03/2017 00:00,AUTORIZADO,TÉRMINADO
791,307,23/03/2017 13:16,23/03/2017 00:00,28/02/2017 00:00,161/2017,10/03/2017 00:00,AUTORIZADO,TÉRMINADO
792,363,24/03/2017 14:04,07/03/2017 00:00,03/03/2017 00:00,164/2017,13/03/2017 00:00,AUTORIZADO,TÉRMINADO
793,531,27/03/2017 12:04,25/03/2017 00:00,22/02/2017 00:00,166/2017,06/03/2017 00:00,AUTORIZADO,TÉRMINADO
794,294,27/03/2017 13:01,14/03/2017 00:00,07/03/2017 00:00,168/2017,17/03/2017 00:00,AUTORIZADO,TÉRMINADO
795,378,28/03/2017 13:25,04/04/2017 00:00,08/03/2017 00:00,169/2017,13/03/2017 00:00,AUTORIZADO,TÉRMINADO
796,531,29/03/2017 14:04,25/03/2017 00:00,22/02/2017 00:00,166-1/2017,06/03/2017 00:00,AUTORIZADO,TÉRMINADO
797,81,30/03/2017 10:14,17/01/2017 00:00,12/01/2017 00:00,171/2017,23/01/2017 00:00,AUTORIZADO,TÉRMINADO
798,396,30/03/2017 12:56,22/04/2017 00:00,14/03/2017 00:00,172/2017,27/03/2017 00:00,AUTORIZADO,TÉRMINADO
799,346,31/03/2017 09:56,25/03/2017 00:00,10/03/2017 00:00,174/2017,24/03/2017 00:00,AUTORIZADO,TÉRMINADO
800,230,31/03/2017 10:14,15/01/2017 00:00,13/02/2017 00:00,109/2017,17/02/2017 00:00,AUTORIZADO,TÉRMINADO
801,295,31/03/2017 13:06,25/05/2017 00:00,27/02/2017 00:00,177/2017,03/03/2017 00:00,AUTORIZADO,TÉRMINADO
802,296,31/03/2017 13:17,20/06/2017 00:00,22/02/2017 00:00,175/2017,03/03/2017 00:00,AUTORIZADO,TÉRMINADO
803,254,31/03/2017 13:24,10/03/2017 00:00,22/02/2017 00:00,176/2017,03/03/2017 00:00,AUTORIZADO,TÉRMINADO
805,281,04/04/2017 13:57,31/12/2016 00:00,16/12/2016 00:00,748/2016,23/12/2016 00:00,AUTORIZADO,TÉRMINADO
806,340,04/04/2017 14:03,04/03/2017 00:00,11/02/2017 00:00,179/2017,09/03/2017 00:00,AUTORIZADO,TÉRMINADO
807,229,04/04/2017 14:07,08/02/2017 00:00,05/02/2017 00:00,180/2017,10/02/2017 00:00,AUTORIZADO,TÉRMINADO
808,67,04/04/2017 14:18,22/11/2016 00:00,08/11/2016 00:00,182/2017,04/04/2017 00:00,AUTORIZADO,TÉRMINADO
809,68,04/04/2017 14:21,22/11/2016 00:00,08/11/2016 00:00,183/2017,04/04/2017 00:00,AUTORIZADO,TÉRMINADO
810,320,04/04/2017 14:53,08/07/2017 00:00,03/03/2017 00:00,181/2017,10/03/2017 00:00,AUTORIZADO,TÉRMINADO
811,258,04/04/2017 14:57,16/02/2017 00:00,13/03/2017 00:00,184/2017,24/03/2017 00:00,AUTORIZADO,TÉRMINADO
812,101,05/04/2017 08:55,19/02/2017 00:00,16/02/2017 00:00,114/2017,27/02/2017 00:00,AUTORIZADO,TÉRMINADO
813,167,05/04/2017 11:58,10/03/2017 00:00,07/03/2017 00:00,186/2017,13/03/2017 00:00,AUTORIZADO,TÉRMINADO
814,167,05/04/2017 12:01,10/03/2017 00:00,07/03/2017 00:00,187/2017,13/03/2017 00:00,AUTORIZADO,TÉRMINADO
815,348,05/04/2017 12:24,21/01/2017 00:00,19/01/2017 00:00,189/2017,26/01/2017 00:00,AUTORIZADO,TÉRMINADO
816,347,06/04/2017 09:15,23/04/2017 00:00,09/03/2017 00:00,188/2017,17/03/2017 00:00,AUTORIZADO,TÉRMINADO
817,401,06/04/2017 09:29,23/04/2017 00:00,06/03/2017 00:00,185/2017,13/03/2017 00:00,AUTORIZADO,TÉRMINADO
818,441,06/04/2017 10:03,18/03/2017 00:00,23/03/2017 00:00,190/2017,03/04/2017 00:00,AUTORIZADO,TÉRMINADO
819,537,06/04/2017 12:01,25/02/2017 00:00,23/01/2017 00:00,069/2017,30/01/2017 00:00,AUTORIZADO,TÉRMINADO
820,537,06/04/2017 12:04,25/02/2017 00:00,23/02/2017 00:00,170/2017,06/03/2017 00:00,AUTORIZADO,TÉRMINADO
821,336,06/04/2017 12:30,18/03/2017 00:00,16/03/2017 00:00,192/2017,27/03/2017 00:00,AUTORIZADO,TÉRMINADO
822,337,06/04/2017 13:12,18/03/2017 00:00,16/03/2017 00:00,193/2017,27/03/2017 00:00,AUTORIZADO,TÉRMINADO
823,167,07/04/2017 09:11,10/03/2017 00:00,07/03/2017 00:00,194/2017,13/03/2017 00:00,AUTORIZADO,TÉRMINADO
824,307,07/04/2017 09:56,23/03/2017 00:00,22/03/2017 00:00,198/2017,03/04/2017 00:00,AUTORIZADO,TÉRMINADO
825,348,07/04/2017 12:01,21/01/2017 00:00,19/01/2017 00:00,199/2017,26/01/2017 00:00,AUTORIZADO,TÉRMINADO
827,365,07/04/2017 12:15,11/03/2017 00:00,10/03/2017 00:00,201/2017,24/03/2017 00:00,AUTORIZADO,TÉRMINADO
828,134,07/04/2017 12:21,13/02/2017 00:00,18/01/2017 00:00,202/2017,24/03/2017 00:00,AUTORIZADO,TÉRMINADO
829,368,07/04/2017 12:30,03/04/2017 00:00,13/03/2017 00:00,203/2017,27/03/2017 00:00,AUTORIZADO,TÉRMINADO
831,370,07/04/2017 13:20,04/04/2017 00:00,22/02/2017 00:00,205/2017,13/03/2017 00:00,AUTORIZADO,TÉRMINADO
832,244,07/04/2017 13:22,17/03/2017 00:00,17/03/2017 00:00,206/2017,07/04/2017 00:00,AUTORIZADO,TÉRMINADO
833,230,07/04/2017 13:28,15/01/2017 00:00,03/04/2017 00:00,207/2017,07/04/2017 00:00,AUTORIZADO,TÉRMINADO
834,330,07/04/2017 15:45,25/03/2017 00:00,08/03/2017 00:00,191/2017,27/03/2017 00:00,AUTORIZADO,TÉRMINADO
835,244,07/04/2017 16:05,17/03/2017 00:00,17/03/2017 00:00,209/2017,07/04/2017 00:00,AUTORIZADO,TÉRMINADO
836,374,12/04/2017 10:20,26/03/2017 00:00,03/04/2017 00:00,211/2017,10/04/2017 00:00,AUTORIZADO,TÉRMINADO
837,292,17/04/2017 08:35,24/04/2017 00:00,07/03/2017 00:00,208/2017,03/04/2017 00:00,AUTORIZADO,TÉRMINADO
838,414,17/04/2017 09:08,17/04/2017 00:00,17/03/2017 00:00,212/2017,07/04/2017 00:00,AUTORIZADO,TÉRMINADO
839,414,17/04/2017 09:10,17/04/2017 00:00,24/03/2017 00:00,213/2017,07/04/2017 00:00,AUTORIZADO,TÉRMINADO
840,371,17/04/2017 09:15,04/04/2017 00:00,28/03/2017 00:00,214/2017,07/04/2017 00:00,AUTORIZADO,TÉRMINADO
841,369,17/04/2017 09:25,04/04/2017 00:00,29/03/2017 00:00,215/2017,07/04/2017 00:00,AUTORIZADO,TÉRMINADO
842,368,17/04/2017 14:19,03/04/2017 00:00,29/03/2017 00:00,216/2017,10/04/2017 00:00,AUTORIZADO,TÉRMINADO
843,196,17/04/2017 14:37,10/06/2017 00:00,22/03/2017 00:00,217/2017,31/03/2017 00:00,AUTORIZADO,TÉRMINADO
844,448,18/04/2017 10:11,15/04/2017 00:00,21/03/2017 00:00,221/2017,30/03/2017 00:00,AUTORIZADOS,TÉRMINADO
845,163,18/04/2017 12:23,04/06/2017 00:00,22/02/2017 00:00,218/2017,06/03/2017 00:00,AUTORIZADO,TÉRMINADO
846,278,18/04/2017 12:30,15/04/2017 00:00,01/03/2017 00:00,219/2017,21/03/2017 00:00,AUTORIZADO,TÉRMINADO
847,131,18/04/2017 12:38,12/12/2016 00:00,24/03/2017 00:00,220/2017,03/04/2017 00:00,AUTORIZADO,TÉRMINADO
849,131,19/04/2017 13:03,12/12/2016 00:00,27/02/2017 00:00,223/2017,13/03/2017 00:00,AUTORIZADO,TÉRMINADO
851,421,20/04/2017 11:51,10/03/2017 00:00,27/03/2017 00:00,225/2017,20/04/2017 00:00,AUTORIZADO,TÉRMINADO
852,233,20/04/2017 14:39,01/04/2017 00:00,01/03/2017 00:00,226/2017,03/04/2017 00:00,AUTORIZADO,TÉRMINADO
853,289,20/04/2017 15:29,20/03/2017 00:00,16/03/2017 00:00,227/2017,24/03/2017 00:00,AUTORIZADO,TÉRMINADO
854,289,20/04/2017 15:30,20/03/2017 00:00,16/03/2017 00:00,228/2017,24/03/2017 00:00,AUTORIZADO,TÉRMINADO
855,421,21/04/2017 09:26,10/03/2017 00:00,17/02/2017 00:00,229/2017,21/04/2017 00:00,AUTORIZADO,TÉRMINADO
856,421,21/04/2017 13:03,10/03/2017 00:00,16/03/2017 00:00,230/2017,21/04/2017 00:00,AUTORIZADO,TÉRMINADO
857,421,21/04/2017 13:23,10/03/2017 00:00,27/03/2017 00:00,225-1/2017,20/04/2017 00:00,AUTORIZADO,TÉRMINADO
858,388,21/04/2017 15:34,13/03/2017 00:00,02/03/2017 00:00,232/2017,13/03/2017 00:00,AUTORIZADO,TÉRMINADO
859,363,24/04/2017 11:29,07/03/2017 00:00,07/03/2017 00:00,160-1/2017,17/03/2017 00:00,AUTORIZADO,TÉRMINADO
861,295,25/04/2017 10:06,25/05/2017 00:00,13/03/2017 00:00,234/2017,27/03/2017 00:00,AUTORIZADO,TÉRMINADO
862,368,25/04/2017 10:09,03/04/2017 00:00,13/03/2017 00:00,235/2017,27/03/2017 00:00,AUTORIZADO,TÉRMINADO
863,289,25/04/2017 14:51,20/03/2017 00:00,08/03/2017 00:00,236/2017,17/03/2017 00:00,AUTORIZADO,TÉRMINADO
864,289,25/04/2017 14:53,20/03/2017 00:00,08/03/2017 00:00,237/2017,17/03/2017 00:00,AUTORIZADO,TÉRMINADO
865,289,25/04/2017 14:54,20/03/2017 00:00,21/03/2017 00:00,238/2017,17/03/2017 00:00,AUTORIZADO,TÉRMINADO
866,537,25/04/2017 14:56,11/03/2017 00:00,23/02/2017 00:00,239/2017,03/04/2017 00:00,AUTORIZADO,TÉRMINADO
867,421,26/04/2017 10:25,10/03/2017 00:00,16/03/2017 00:00,230-1/2017,21/04/2017 00:00,AUTORIZADO,TÉRMINADO
868,476,26/04/2017 12:14,18/03/2017 00:00,14/03/2017 00:00,241/2017,24/03/2017 00:00,AUTORIZADO,TÉRMINADO
869,359,26/04/2017 12:22,31/03/2017 00:00,21/02/2017 00:00,242/2017,03/04/2017 00:00,AUTORIZADO,TÉRMINADO
872,70,28/04/2017 15:25,31/01/2017 00:00,24/02/2017 00:00,243/2017,27/03/2017 00:00,AUTORIZADO,TÉRMINADO
874,358,02/05/2017 09:10,06/04/2017 00:00,03/03/2017 00:00,245/2017,17/03/2017 00:00,AUTORIZADO,TÉRMINADO
875,405,02/05/2017 09:43,07/03/2017 00:00,27/02/2017 00:00,152/2017,06/03/2017 00:00,AUTORIZADO,TÉRMINADO
876,503,03/05/2017 09:13,16/05/2017 00:00,28/02/2017 00:00,246/2017,28/04/2017 00:00,AUTORIZADO,TÉRMINADO
877,215,03/05/2017 09:39,17/04/2017 00:00,17/02/2017 00:00,224/2017,06/03/2017 00:00,AUTORIZADO,TÉRMINADO
879,371,03/05/2017 11:32,04/04/2017 00:00,28/03/2017 00:00,248/2017,07/04/2017 00:00,AUTORIZADO,TÉRMINADO
880,414,03/05/2017 14:39,17/04/2017 00:00,12/04/2017 00:00,250/2017,24/04/2017 00:00,AUTORIZADO,TÉRMINADO
881,414,03/05/2017 14:43,17/04/2017 00:00,03/05/2017 00:00,251/2017,20/04/2017 00:00,AUTORIZADO,TÉRMINADO
882,414,03/05/2017 14:45,17/04/2017 00:00,12/04/2017 00:00,252/2017,24/04/2017 00:00,AUTORIZADO,TÉRMINADO
883,414,04/05/2017 10:32,17/04/2017 00:00,17/03/2017 00:00,253/2017,07/04/2017 00:00,AUTORIZADO,TÉRMINADO
884,478,04/05/2017 13:22,08/05/2017 00:00,07/03/2017 00:00,254/2017,20/04/2017 00:00,AUTORIZADO,TÉRMINADO
885,396,04/05/2017 13:37,22/04/2017 00:00,31/03/2017 00:00,256/2017,28/04/2017 00:00,AUTORIZADO,TÉRMINADO
886,483,04/05/2017 13:41,24/04/2017 00:00,20/04/2017 00:00,257/2017,02/05/2017 00:00,AUTORIZADO,TÉRMINADO
888,477,04/05/2017 14:11,01/05/2017 00:00,20/04/2017 00:00,259/2017,02/05/2017 00:00,AUTORIZADO,TÉRMINADO
889,492,04/05/2017 14:16,16/09/2017 00:00,25/04/2017 00:00,260/2017,04/05/2017 00:00,AUTORIZADO,TÉRMINADO
890,361,04/05/2017 14:20,15/04/2017 00:00,27/04/2017 00:00,261/2017,04/05/2017 00:00,AUTORIZADO,TÉRMINADO
891,504,04/05/2017 14:28,15/05/2017 00:00,19/04/2017 00:00,262/2017,04/05/2017 00:00,AUTORIZADO,TÉRMINADO
892,511,04/05/2017 14:51,30/04/2017 00:00,27/03/2017 00:00,263/2017,03/04/2017 00:00,AUTORIZADO,TÉRMINADO
893,526,04/05/2017 14:55,28/05/2017 00:00,17/04/2017 00:00,264/2017,24/04/2017 00:00,AUTORIZADO,TÉRMINADO
894,320,05/05/2017 14:53,08/07/2017 00:00,13/03/2017 00:00,266/2017,24/03/2017 00:00,AUTORIZADO,TÉRMINADO
895,376,08/05/2017 11:45,03/04/2017 00:00,10/04/2017 00:00,204/2017,24/04/2017 00:00,AUTORIZADO,TÉRMINADO
896,291,08/05/2017 14:33,16/04/2017 00:00,04/04/2017 00:00,267/2017,10/04/2017 00:00,AUTORIZADO,TÉRMINADO
897,296,11/05/2017 13:25,20/06/2017 00:00,26/04/2017 00:00,268/2017,08/05/2017 00:00,AUTORIZADO,TÉRMINADO
898,296,11/05/2017 13:30,20/06/2017 00:00,26/04/2017 00:00,269/2017,08/05/2017 00:00,AUTORIZADO,TÉRMINADO
899,296,11/05/2017 13:33,20/06/2017 00:00,26/04/2017 00:00,270/2017,08/05/2017 00:00,AUTORIZADO,TÉRMINADO
900,296,11/05/2017 13:36,20/06/2017 00:00,26/04/2017 00:00,271/2017,08/05/2017 00:00,AUTORIZADO,TÉRMINADO
901,296,11/05/2017 13:41,20/06/2017 00:00,26/04/2017 00:00,272/2017,08/05/2017 00:00,AUTORIZADO,TÉRMINADO
902,296,11/05/2017 13:43,20/06/2017 00:00,26/04/2017 00:00,273/2017,08/05/2017 00:00,AUTORIZADO,TÉRMINADO
903,486,11/05/2017 13:50,03/05/2017 00:00,19/04/2017 00:00,274/2017,28/04/2017 00:00,AUTORIZADO,TÉRMINADO
904,76,12/05/2017 09:27,24/12/2016 00:00,08/12/2016 00:00,710-1/2016,19/12/2016 00:00,AUTORIZADO,TÉRMINADO
905,396,12/05/2017 11:41,22/04/2017 00:00,14/03/2017 00:00,275/2017,27/03/2017 00:00,AUTORIZADO,TÉRMINADO
906,320,12/05/2017 11:52,08/07/2017 00:00,13/03/2017 00:00,266-1/2017,24/03/2017 00:00,AUTORIZADO,TÉRMINADO
907,394,12/05/2017 13:12,13/05/2017 00:00,20/04/2017 00:00,276/2017,05/05/2017 00:00,AUTORIZADO,TÉRMINADO
908,291,12/05/2017 15:44,16/04/2017 00:00,08/03/2017 00:00,233/2017,13/03/2017 00:00,AUTORIZADO,TÉRMINADO
909,291,12/05/2017 15:47,16/04/2017 00:00,07/04/2017 00:00,244/2017,24/04/2017 00:00,AUTORIZADO,TÉRMINADO
910,532,15/05/2017 08:56,15/03/2017 00:00,06/02/2017 00:00,279/2017,15/05/2017 00:00,AUTORIZADO,TÉRMINADO
911,418,16/05/2017 09:58,24/06/2017 00:00,16/02/2017 00:00,280/2017,27/02/2017 00:00,AUTORIZADO,TÉRMINADO
912,397,16/05/2017 10:09,17/07/2017 00:00,13/03/2017 00:00,281/2017,21/03/2017 00:00,AUTORIZADO,TÉRMINADO
914,396,16/05/2017 11:18,22/04/2017 00:00,20/04/2017 00:00,283/2017,05/05/2017 00:00,AUTORIZADO,TÉRMINADO
915,396,16/05/2017 11:29,22/04/2017 00:00,20/04/2017 00:00,284/2017,05/05/2017 00:00,AUTORIZADO,TÉRMINADO
916,422,16/05/2017 11:45,22/07/2017 00:00,05/05/2017 00:00,286/2017,15/05/2017 00:00,AUTORIZADO,TÉRMINADO
917,443,16/05/2017 12:03,01/05/2017 00:00,06/04/2017 00:00,287/2017,08/05/2017 00:00,AUTORIZADO,TÉRMINADO
918,216,16/05/2017 13:31,09/06/2017 00:00,20/04/2017 00:00,288/2017,28/04/2017 00:00,AUTORIZADO,TÉRMINADO
919,450,16/05/2017 14:41,17/07/2017 00:00,17/04/2017 00:00,289/2017,28/04/2017 00:00,AUTORIZADO,TÉRMINADO
920,87,17/05/2017 10:17,14/01/2017 00:00,05/04/2017 00:00,290/2017,28/04/2017 00:00,AUTORIZADO,TÉRMINADO
921,88,17/05/2017 10:19,14/01/2017 00:00,05/04/2017 00:00,291/2017,28/04/2017 00:00,AUTORIZADO,TÉRMINADO
922,470,17/05/2017 12:01,06/05/2017 00:00,14/04/2017 00:00,293/2017,02/05/2017 00:00,AUTORIZADO,TÉRMINADO
923,471,17/05/2017 12:07,06/05/2017 00:00,14/04/2017 00:00,294/2017,02/05/2017 00:00,AUTORIZADO,TÉRMINADO
924,472,17/05/2017 12:15,06/05/2017 00:00,14/04/2017 00:00,295/2017,02/05/2017 00:00,CONCEPTOS,TÉRMINADO
925,473,17/05/2017 12:22,06/05/2017 00:00,14/04/2017 00:00,296/2017,02/05/2017 00:00,AUTORIZADO,TÉRMINADO
926,474,17/05/2017 12:28,06/05/2017 00:00,14/04/2017 00:00,297/2017,02/05/2017 00:00,AUTORIZADO,TÉRMINADO
927,465,17/05/2017 12:50,30/12/2017 00:00,01/02/2017 00:00,292/2017,02/05/2017 00:00,AUTORIZADO,TÉRMINADO
928,443,18/05/2017 10:11,01/05/2017 00:00,06/04/2017 00:00,298/2017,08/05/2017 00:00,AUTORIZADO,TÉRMINADO
929,412,19/05/2017 13:40,01/05/2017 00:00,18/04/2017 00:00,299/2017,11/05/2017 00:00,AUTORIZADO,TÉRMINADO
930,493,19/05/2017 13:50,30/06/2017 00:00,03/01/2017 00:00,301/2017,07/04/2017 00:00,AUTORIZADO,TÉRMINADO
931,123,19/05/2017 14:25,08/04/2017 00:00,16/05/2017 00:00,300/2017,19/05/2017 00:00,AUTORIZADO,TÉRMINADO
932,371,19/05/2017 15:30,04/04/2017 00:00,23/03/2017 00:00,302/2017,15/06/2017 00:00,AUTORIZADO,TÉRMINADO
933,477,19/05/2017 15:33,01/05/2017 00:00,20/04/2017 00:00,303/2017,02/05/2017 00:00,AUTORIZADO,TÉRMINADO
934,368,19/05/2017 15:35,03/04/2017 00:00,29/03/2017 00:00,304/2017,25/05/2017 00:00,AUTORIZADO,TÉRMINADO
935,396,22/05/2017 10:15,22/04/2017 00:00,31/03/2017 00:00,305/2017,28/04/2017 00:00,AUTORIZADO,TÉRMINADO
936,503,23/05/2017 09:50,16/05/2017 00:00,08/05/2017 00:00,307/2017,22/05/2017 00:00,AUTORIZADO,TÉRMINADO
937,31,23/05/2017 09:57,03/10/2016 00:00,21/02/2017 00:00,306/2017,02/03/2017 00:00,AUTORIZADO,TÉRMINADO
938,369,23/05/2017 13:00,04/04/2017 00:00,06/03/2017 00:00,308/2017,23/06/2017 00:00,AUTORIZADO,TÉRMINADO
939,311,23/05/2017 14:51,06/06/2017 00:00,08/05/2017 00:00,310/2017,15/05/2017 00:00,AUTORIZADO,TÉRMINADO
940,372,24/05/2017 09:49,22/04/2017 00:00,17/04/2017 00:00,311/2017,08/05/2017 00:00,AUTORIZADO,TÉRMINADO
941,422,24/05/2017 10:17,22/07/2017 00:00,05/05/2017 00:00,286-1/2017,15/05/2017 00:00,AUTORIZADO,TÉRMINADO
942,378,24/05/2017 10:29,04/04/2017 00:00,10/03/2017 00:00,312/2017,27/03/2017 00:00,AUTORIZADO,TÉRMINADO
943,275,24/05/2017 10:51,17/04/2017 00:00,30/03/2017 00:00,313/2017,07/04/2017 00:00,AUTORIZADO,TÉRMINADO
944,241,24/05/2017 11:00,30/03/2017 00:00,27/03/2017 00:00,314/2017,07/04/2017 00:00,AUTORIZADO,TÉRMINADO
945,540,25/05/2017 10:29,18/02/2017 00:00,25/05/2017 00:00,S/N,25/05/2017 00:00,CAPTURADO 25/05/2017 ALMA,TÉRMINADO
946,541,25/05/2017 10:46,18/02/2017 00:00,25/05/2017 00:00,S/N,25/05/2017 00:00,25/05/2017 ALMA,TÉRMINADO
947,91,25/05/2017 12:51,20/02/2017 00:00,08/02/2017 00:00,222/2017,13/02/2017 00:00,AUTORIZADO,TÉRMINADO
948,330,25/05/2017 13:14,15/04/2017 00:00,30/03/2017 00:00,315/2017,20/04/2017 00:00,AUTORIZADO,TÉRMINADO
949,537,26/05/2017 12:18,20/03/2017 00:00,23/02/2017 00:00,316/2017,06/04/2017 00:00,AUTORIZADO,TÉRMINADO
950,438,26/05/2017 13:05,28/06/2017 00:00,02/05/2017 00:00,317/2017,15/05/2017 00:00,AUTORIZADO,TÉRMINADO
951,318,26/05/2017 15:10,14/07/2017 00:00,28/03/2017 00:00,318/2017,03/04/2017 00:00,AUTORIZADO,TÉRMINADO
952,374,26/05/2017 15:30,22/04/2017 00:00,21/03/2017 00:00,319/2017,03/04/2017 00:00,AUTORIZADO,TÉRMINADO
953,414,29/05/2017 10:31,17/04/2017 00:00,04/04/2017 00:00,320/2017,20/04/2017 00:00,AUTORIZADO,TÉRMINADO
954,292,29/05/2017 14:43,24/04/2017 00:00,07/03/2017 00:00,321/2017,31/03/2017 00:00,AUTORIZADO,TÉRMINADO
956,177,01/06/2017 09:28,30/04/2017 00:00,17/03/2017 00:00,322/2017,03/04/2017 00:00,AUTORIZADO,TÉRMINADO
957,254,01/06/2017 09:37,11/05/2017 00:00,06/03/2017 00:00,178/2017,13/03/2017 00:00,AUTORIZADO,TÉRMINADO
958,254,01/06/2017 09:41,11/05/2017 00:00,04/04/2017 00:00,323/2017,24/04/2017 00:00,AUTORIZADO,TÉRMINADO
959,254,01/06/2017 09:43,11/05/2017 00:00,04/04/2017 00:00,324/2017,24/04/2017 00:00,AUTORIZADO,TÉRMINADO
960,439,01/06/2017 13:26,26/07/2017 00:00,04/04/2017 00:00,325/2017,20/04/2017 00:00,AUTORIZADO,TÉRMINADO
961,296,01/06/2017 14:09,20/06/2017 00:00,01/06/2017 00:00,326/2017,01/06/2017 00:00,AUTORIZADO,TÉRMINADO
962,361,02/06/2017 10:11,20/05/2017 00:00,12/05/2017 00:00,328/2017,19/05/2017 00:00,AUTORIZADO,TÉRMINADO
963,339,02/06/2017 10:20,18/04/2017 00:00,27/02/2017 00:00,329/2017,13/03/2017 00:00,AUTORIZADO,TÉRMINADO
964,374,02/06/2017 11:08,22/04/2017 00:00,17/04/2017 00:00,330/2017,28/04/2017 00:00,AUTORIZADO,TÉRMINADO
965,430,02/06/2017 12:29,13/06/2017 00:00,21/03/2017 00:00,331/2017,07/04/2017 00:00,AUTORIZADO,TÉRMINADO
967,332,02/06/2017 13:33,25/04/2017 00:00,17/03/2017 00:00,333/2017,28/04/2017 00:00,AUTORIZADO,TÉRMINADO
968,543,02/06/2017 13:44,03/04/2017 00:00,27/02/2017 00:00,128/2017,08/03/2017 00:00,AUTORIZADO,TÉRMINADO
969,543,02/06/2017 13:49,03/04/2017 00:00,27/03/2017 00:00,124/2017,07/03/2017 00:00,AUTORIZADO,TÉRMINADO
970,543,02/06/2017 13:52,03/04/2017 00:00,10/03/2017 00:00,200/2017,21/03/2017 00:00,AUTORIZADO,TÉRMINADO
971,543,02/06/2017 13:56,03/04/2017 00:00,31/03/2017 00:00,258/2017,02/05/2017 00:00,AUTORIZADO,TÉRMINADO
972,505,06/06/2017 08:44,14/05/2017 00:00,08/05/2017 00:00,335/2017,22/05/2017 00:00,AUTORIZADO,TÉRMINADO
973,523,06/06/2017 08:57,14/05/2017 00:00,08/05/2017 00:00,336/2017,26/05/2017 00:00,AUTORIZADO,TÉRMINADO
974,408,06/06/2017 09:09,10/06/2017 00:00,18/05/2017 00:00,337/2017,26/05/2017 00:00,AUTORIZADO,TÉRMINADO
975,415,06/06/2017 09:17,27/05/2017 00:00,25/05/2017 00:00,339/2017,02/06/2017 00:00,AUTORIZADO,TÉRMINADO
976,464,06/06/2017 09:22,28/04/2017 00:00,26/05/2017 00:00,340/2017,05/06/2017 00:00,AUTORIZADO,TÉRMINADO
977,132,06/06/2017 09:27,08/04/2017 00:00,29/03/2017 00:00,341/2017,05/06/2017 00:00,AUTORIZADO,TÉRMINADO
978,132,06/06/2017 09:31,08/04/2017 00:00,29/03/2017 00:00,342/2017,05/06/2017 00:00,AUTORIZADO,TÉRMINADO
979,285,06/06/2017 09:45,27/05/2017 00:00,15/03/2017 00:00,338/2017,23/03/2017 00:00,AUTORIZADO,TÉRMINADO
980,311,06/06/2017 10:19,06/06/2017 00:00,17/05/2017 00:00,347/2017,26/05/2017 00:00,AUTORIZADO,TÉRMINADO
981,102,06/06/2017 10:33,25/03/2017 00:00,09/05/2017 00:00,344/2017,15/05/2017 00:00,AUTORIZADO,TÉRMINADO
982,216,06/06/2017 10:49,09/06/2017 00:00,15/05/2017 00:00,348/2017,26/05/2017 00:00,AUTORIZADO,TÉRMINADO
983,543,06/06/2017 11:42,27/05/2017 00:00,22/05/2017 00:00,349/2017,01/06/2017 00:00,AUTORIZADO,TÉRMINADO
984,442,06/06/2017 15:19,04/06/2017 00:00,26/04/2017 00:00,351/2017,15/05/2017 00:00,AUTORIZADO,TÉRMINADO
985,318,07/06/2017 09:20,14/07/2017 00:00,01/05/2017 00:00,350/2017,11/05/2017 00:00,AUTORIZADO,TÉRMINADO
986,370,07/06/2017 09:28,04/04/2017 00:00,09/02/2017 00:00,352/2017,18/05/2017 00:00,AUTORIZADO,TÉRMINADO
987,365,08/06/2017 13:05,31/03/2017 00:00,25/03/2017 00:00,353/2017,07/04/2017 00:00,AUTORIZADO,TÉRMINADO
988,254,08/06/2017 13:11,11/05/2017 00:00,04/04/2017 00:00,354/2017,24/04/2017 00:00,AUTORIZADO,TÉRMINADO
989,278,08/06/2017 15:08,15/04/2017 00:00,18/04/2017 00:00,355/2017,15/05/2017 00:00,AUTORIZADO,TÉRMINADO
990,505,09/06/2017 14:09,14/05/2017 00:00,08/05/2017 00:00,356/2017,22/05/2017 00:00,AUTORIZADO,TÉRMINADO
991,360,09/06/2017 14:30,15/04/2017 00:00,23/05/2017 00:00,357/2017,05/06/2017 00:00,AUTORIZADO,TÉRMINADO
992,484,09/06/2017 14:38,08/07/2017 00:00,26/05/2017 00:00,358/2017,05/06/2017 00:00,AUTORIZADO,TÉRMINADO
993,412,09/06/2017 14:55,01/05/2017 00:00,23/05/2017 00:00,359/2017,01/06/2017 00:00,AUTORIZADO,TÉRMINADO
994,534,12/06/2017 10:12,23/05/2017 00:00,18/04/2017 00:00,332/2017,28/04/2017 00:00,AUTORIZADO,TÉRMINADO
995,534,12/06/2017 10:16,23/05/2017 00:00,18/04/2017 00:00,332-1/2017,28/04/2017 00:00,AUTORIZADO,TÉRMINADO
996,320,12/06/2017 12:08,08/07/2017 00:00,19/05/2017 00:00,360/2017,26/05/2017 00:00,AUTORIZADO,TÉRMINADO
997,439,14/06/2017 10:08,26/07/2017 00:00,08/05/2017 00:00,361/2017,29/05/2017 00:00,AUTORIZADO,TÉRMINADO
998,253,14/06/2017 10:26,09/11/2016 00:00,11/10/2016 00:00,765/2016,24/10/2016 00:00,AUTORIZADO,TÉRMINADO
999,253,14/06/2017 10:30,09/11/2016 00:00,11/10/2016 00:00,766/2016,24/10/2016 00:00,AUTORIZADO,TÉRMINADO
1000,253,14/06/2017 10:36,09/11/2016 00:00,11/10/2016 00:00,767/2016,24/10/2016 00:00,AUTORIZADO,TÉRMINADO
1001,253,14/06/2017 10:39,09/11/2016 00:00,20/10/2016 00:00,768/2016,24/10/2016 00:00,AUTORIZADO,TÉRMINADO
1002,253,14/06/2017 10:42,09/11/2016 00:00,20/10/2016 00:00,769/2016,24/10/2016 00:00,AUTORIZADO,TÉRMINADO
1003,522,14/06/2017 14:02,11/07/2017 00:00,16/03/2017 00:00,362/2017,03/04/2017 00:00,AUTORIZADO,TÉRMINADO
1004,522,14/06/2017 14:05,11/07/2017 00:00,16/03/2017 00:00,363/2017,03/04/2017 00:00,AUTORIZADO,TÉRMINADO
1005,296,15/06/2017 09:52,20/06/2017 00:00,15/05/2017 00:00,364/2017,26/05/2017 00:00,AUTORIZADO,TÉRMINADO
1006,320,15/06/2017 11:02,08/07/2017 00:00,07/04/2017 00:00,365/2017,01/06/2017 00:00,AUTORIZADO,TÉRMINADO
1007,306,15/06/2017 11:52,30/06/2017 00:00,16/03/2017 00:00,282/2017,27/03/2017 00:00,AUTORIZADO,TÉRMINADO
1008,502,15/06/2017 12:39,25/03/2017 00:00,14/03/2017 00:00,366/2017,26/06/2017 00:00,AUTORIZADO,TÉRMINADO
1009,253,16/06/2017 15:24,09/11/2016 00:00,20/10/2016 00:00,770/2016,24/10/2016 00:00,AUTORIZADO,TÉRMINADO
1010,441,19/06/2017 09:14,14/05/2017 00:00,08/05/2017 00:00,367/2017,18/05/2017 00:00,AUTORIZADO,TÉRMINADO
1011,534,19/06/2017 09:21,23/05/2017 00:00,17/05/2017 00:00,368/2017,29/05/2017 00:00,AUTORIZADO,TÉRMINADO
1012,319,19/06/2017 09:26,18/03/2017 00:00,12/05/2017 00:00,369/2017,01/06/2017 00:00,AUTORIZADO,TÉRMINADO
1013,319,19/06/2017 09:28,18/03/2017 00:00,12/05/2017 00:00,370/17,01/06/2017 00:00,AUTORIZADO,TÉRMINADO
1014,421,20/06/2017 09:05,05/06/2017 00:00,01/03/2017 00:00,372/2017,03/03/2017 00:00,AUTORIZADO,TÉRMINADO
1015,421,20/06/2017 09:09,05/06/2017 00:00,27/03/2017 00:00,373/2017,31/03/2017 00:00,AUTORIZADO,TÉRMINADO
1016,207,20/06/2017 15:14,19/05/2017 00:00,12/05/2017 00:00,374/2017,22/05/2017 00:00,AUTORIZADO,TÉRMINADO
1017,421,21/06/2017 09:12,05/06/2017 00:00,31/03/2017 00:00,375/2017,31/03/2017 00:00,AUTORIZADO,TÉRMINADO
1018,508,21/06/2017 09:44,09/05/2017 00:00,21/06/2017 00:00,431-2016,21/06/2017 00:00,21/06/2017 CLAU,TÉRMINADO
1019,507,21/06/2017 10:25,09/05/2017 00:00,21/06/2017 00:00,431-2016,21/06/2017 00:00,21/06/2017 CLAU,TÉRMINADO
1020,67,21/06/2017 16:31,22/11/2016 00:00,21/06/2017 00:00,S/N,21/06/2017 00:00,21/06/2017 ANA LAURA,TÉRMINADO
1021,421,22/06/2017 12:13,05/06/2017 00:00,31/03/2017 00:00,377/2017,31/03/2017 00:00,AUTORIZADO,TÉRMINADO
1022,350,22/06/2017 12:43,13/04/2017 00:00,31/03/2017 00:00,378/2017,12/06/2017 00:00,AUTORIZADO,TÉRMINADO
1023,504,22/06/2017 12:48,15/05/2017 00:00,12/06/2017 00:00,379/2017,12/06/2017 00:00,AUTORIZADO,TÉRMINADO
1024,499,22/06/2017 13:04,10/06/2017 00:00,05/06/2017 00:00,380/2017,15/06/2017 00:00,AUTORIZADO,TÉRMINADO
1025,482,22/06/2017 13:13,11/06/2017 00:00,08/06/2017 00:00,381/2017,16/06/2017 00:00,AUTORIZADO,TÉRMINADO
1026,477,22/06/2017 13:16,01/05/2017 00:00,20/04/2017 00:00,382/2017,19/06/2017 00:00,AUTORIZADO,TÉRMINADO
1027,499,22/06/2017 13:55,10/06/2017 00:00,08/06/2017 00:00,384/2017,16/06/2017 00:00,AUTORIZADO,TÉRMINADO
1028,37,22/06/2017 16:14,17/09/2016 00:00,22/06/2017 00:00,S/N,22/06/2017 00:00,22/06/2017 CLAU,TÉRMINADO
1029,421,23/06/2017 15:13,05/06/2017 00:00,31/03/2017 00:00,377-1/2017,31/03/2017 00:00,AUTORIZADO,TÉRMINADO
1030,421,26/06/2017 11:40,05/06/2017 00:00,31/03/2017 00:00,377-2/2017,31/03/2017 00:00,AUTORIZADO,TÉRMINADO
1031,254,27/06/2017 11:14,11/05/2017 00:00,29/05/2017 00:00,393/2017,08/06/2017 00:00,AUTORIZADO,TÉRMINADO
1032,421,27/06/2017 11:23,05/06/2017 00:00,31/03/2017 00:00,377-3/2017,31/03/2017 00:00,AUTORIZADO,TÉRMINADO
1033,296,28/06/2017 09:39,20/06/2017 00:00,05/06/2017 00:00,394/2017,12/06/2017 00:00,AUTORIZADO,TÉRMINADO
1034,350,28/06/2017 14:33,13/04/2017 00:00,04/04/2017 00:00,397/2017,12/06/2017 00:00,AUTORIZACION,TÉRMINADO
1035,421,28/06/2017 15:20,05/06/2017 00:00,27/03/2017 00:00,398/2017,27/03/2017 00:00,AUTORIZADO,TÉRMINADO
1036,295,29/06/2017 12:58,29/07/2017 00:00,22/05/2017 00:00,403/2017,26/05/2017 00:00,AUTORIZADO,TÉRMINADO
1037,421,29/06/2017 16:01,05/06/2017 00:00,27/03/2017 00:00,225-2/2017,20/04/2017 00:00,AUTORIZADO,TÉRMINADO
1038,421,29/06/2017 16:04,05/06/2017 00:00,27/03/2017 00:00,404/2017,27/03/2017 00:00,AUTORIZADO,TÉRMINADO
1039,315,30/06/2017 09:02,08/05/2017 00:00,25/05/2017 00:00,405/2017,15/06/2017 00:00,AUTORIZADO,TÉRMINADO
1040,295,30/06/2017 09:34,29/07/2017 00:00,22/05/2017 00:00,406/2017,26/05/2017 00:00,AUTORIZADO,TÉRMINADO
1041,295,30/06/2017 09:37,29/07/2017 00:00,22/05/2017 00:00,407/2017,26/05/2017 00:00,AUTORIZADO,TÉRMINADO
1042,522,30/06/2017 13:55,11/07/2017 00:00,23/06/2017 00:00,408/2017,30/06/2017 00:00,AUTORIZADO,TÉRMINADO
1044,430,03/07/2017 12:58,13/06/2017 00:00,15/05/2017 00:00,410/2017,26/05/2017 00:00,AUTORIZADO,TÉRMINADO
1045,430,03/07/2017 13:00,13/06/2017 00:00,05/06/2017 00:00,411/2017,12/06/2017 00:00,AUTORIZADO,TÉRMINADO
1046,215,03/07/2017 13:06,17/04/2017 00:00,06/05/2017 00:00,412/2017,19/06/2017 00:00,AUTORIZADO,TÉRMINADO
1048,330,03/07/2017 14:21,15/04/2017 00:00,06/04/2017 00:00,414/2017,16/05/2017 00:00,AUTORIZADO,TÉRMINADO
1049,102,04/07/2017 09:55,06/06/2017 00:00,05/06/2017 00:00,415/2017,09/06/2017 00:00,AUTORIZADO,TÉRMINADO
1050,457,04/07/2017 09:58,06/08/2017 00:00,03/04/2017 00:00,417/2017,23/06/2017 00:00,AUTORIZADO,TÉRMINADO
1051,275,04/07/2017 14:12,14/06/2017 00:00,30/03/2017 00:00,418/2017,05/06/2017 00:00,AUTORIZADO,TÉRMINADO
1052,102,05/07/2017 09:47,06/06/2017 00:00,06/06/2017 00:00,419/2017,12/06/2017 00:00,AUTORIZADO,TÉRMINADO
1053,102,05/07/2017 09:48,06/06/2017 00:00,05/06/2017 00:00,420/2017,12/06/2017 00:00,AUTORIZADO,TÉRMINADO
1054,102,05/07/2017 09:50,06/06/2017 00:00,06/06/2017 00:00,421/2017,12/06/2017 00:00,AUTORIZADO,TÉRMINADO
1055,477,05/07/2017 13:03,30/05/2017 00:00,24/04/2017 00:00,422/2017,19/06/2017 00:00,AUTORIZADO,TÉRMINADO
1056,523,06/07/2017 15:03,14/05/2017 00:00,08/05/2017 00:00,423/2017,26/05/2017 00:00,AUTORIZADO,TÉRMINADO
1058,504,07/07/2017 10:28,15/05/2017 00:00,19/04/2017 00:00,425/2017,05/05/2017 00:00,AUTORIZADO,TÉRMINADO
1059,544,07/07/2017 10:44,22/05/2017 00:00,19/04/2017 00:00,426/2017,08/05/2017 00:00,AUTORIZADO,TÉRMINADO
1060,504,07/07/2017 12:42,15/05/2017 00:00,19/04/2017 00:00,427/2017,05/05/2017 00:00,AUTORIZADO,TÉRMINADO
1061,504,07/07/2017 12:44,15/05/2017 00:00,19/04/2017 00:00,428/2017,08/05/2017 00:00,AUTORIZADO,TÉRMINADO
1062,493,07/07/2017 14:49,30/06/2017 00:00,02/06/2017 00:00,429/2017,08/06/2017 00:00,AUTORIZADO,TÉRMINADO
1063,465,07/07/2017 15:27,30/12/2017 00:00,04/04/2017 00:00,430/2017,23/06/2017 00:00,AUTORIZADO,TÉRMINADO
1064,397,10/07/2017 12:42,17/07/2017 00:00,26/04/2017 00:00,431/2017,15/05/2017 00:00,AUTORIZADO,TÉRMINADO
1065,421,10/07/2017 13:30,05/06/2017 00:00,23/03/2017 00:00,432/2017,27/03/2017 00:00,AUTORIZADO,TÉRMINADO
1066,418,10/07/2017 14:16,24/06/2017 00:00,23/05/2017 00:00,433/2017,05/06/2017 00:00,AUTORIZADO,TÉRMINADO
1067,127,11/07/2017 13:54,22/11/2016 00:00,08/11/2016 00:00,771/2016,14/11/2016 00:00,AUTORIZADO,TÉRMINADO
1068,522,11/07/2017 14:03,11/07/2017 00:00,02/06/2017 00:00,436/2017,15/06/2017 00:00,AUTORIZADO,TÉRMINADO
1069,127,11/07/2017 15:22,22/11/2016 00:00,08/11/2016 00:00,772/2016,14/11/2016 00:00,AUTORIZADO,TÉRMINADO
1070,421,12/07/2017 13:27,05/06/2017 00:00,23/03/2017 00:00,443/2017,27/03/2017 00:00,AUTORIZADO,TÉRMINADO
1071,439,12/07/2017 13:32,26/07/2017 00:00,26/05/2017 00:00,442/2017,05/06/2017 00:00,AUTORIZADO,TÉRMINADO
1072,439,12/07/2017 13:33,26/07/2017 00:00,12/06/2017 00:00,444/2017,23/06/2017 00:00,AUTORIZADO,TÉRMINADO
1073,434,12/07/2017 14:59,25/05/2017 00:00,11/05/2017 00:00,445/2017,18/05/2017 00:00,AUTORIZADO,TÉRMINADO
1074,435,12/07/2017 15:00,25/05/2017 00:00,11/05/2017 00:00,446/2017,18/05/2017 00:00,AUTORIZADO,TÉRMINADO
1075,436,12/07/2017 15:01,25/05/2017 00:00,11/05/2017 00:00,447/2017,18/05/2017 00:00,AUTORIZADO,TÉRMINADO
1076,524,12/07/2017 15:03,25/05/2017 00:00,11/05/2017 00:00,448/2017,18/05/2017 00:00,AUTORIZADO,TÉRMINADO
1077,295,14/07/2017 09:08,29/07/2017 00:00,07/06/2017 00:00,449/2017,19/06/2017 00:00,AUTORIZADO,TÉRMINADO
1078,285,14/07/2017 09:12,27/05/2017 00:00,12/06/2017 00:00,450/2017,19/06/2017 00:00,AUTORIZADO,TÉRMINADO
1079,295,18/07/2017 11:38,29/07/2017 00:00,02/06/2017 00:00,451/2017,19/06/2017 00:00,AUTORIZADO,TÉRMINADO
1080,422,18/07/2017 11:41,22/07/2017 00:00,19/06/2017 00:00,452/2017,29/06/2017 00:00,AUTORIZADO,TÉRMINADO
1081,422,18/07/2017 11:43,22/07/2017 00:00,19/06/2017 00:00,453/2017,29/06/2017 00:00,AUTORIZADO,TÉRMINADO
1082,483,18/07/2017 12:12,20/05/2017 00:00,20/04/2017 00:00,454/2017,28/04/2017 00:00,AUTORIZADO,TÉRMINADO
1084,320,19/07/2017 13:36,08/07/2017 00:00,02/06/2017 00:00,457/2017,05/06/2017 00:00,AUTORIZADO,TÉRMINADO
1085,526,19/07/2017 13:49,28/05/2017 00:00,19/06/2017 00:00,459/2017,26/06/2017 00:00,AUTORIZADO,TÉRMINADO
1086,526,19/07/2017 13:50,28/05/2017 00:00,20/06/2017 00:00,460/2017,29/06/2017 00:00,AUTORIZADO,TÉRMINADO
1087,526,19/07/2017 14:46,28/05/2017 00:00,19/06/2017 00:00,458/2017,26/06/2017 00:00,AUTORIZADO,TÉRMINADO
1088,215,20/07/2017 11:51,31/05/2017 00:00,27/03/2017 00:00,409/2017,05/06/2017 00:00,AUTORIZADO,TÉRMINADO
1089,333,20/07/2017 14:20,06/05/2017 00:00,14/04/2017 00:00,462/2017,05/06/2017 00:00,AUTORIZADO,TÉRMINADO
1090,102,21/07/2017 14:20,06/06/2017 00:00,09/05/2017 00:00,463/2017,18/05/2017 00:00,AUTORIZADO,TÉRMINADO
1091,163,21/07/2017 14:31,29/08/2017 00:00,03/06/2017 00:00,465/2017,16/06/2017 00:00,AUTORIZADO,TÉRMINADO
1092,163,21/07/2017 14:33,29/08/2017 00:00,03/06/2017 00:00,466/2017,16/06/2017 00:00,AUTORIZADO,TÉRMINADO
1093,457,21/07/2017 14:45,06/08/2017 00:00,16/06/2017 00:00,464/2017,29/06/2017 00:00,AUTORIZADO,TÉRMINADO
1094,526,21/07/2017 14:49,28/05/2017 00:00,03/07/2017 00:00,467/2017,10/07/2017 00:00,AUTORIZADO,TÉRMINADO
1095,450,22/07/2017 18:09,17/07/2017 00:00,22/07/2017 00:00,2,22/07/2017 00:00,"AUTIRIZACIÓN PARA CREAR NUEVA PARTIDA ""AJUSTE DE COSTOS (ESCALATORIA)",TÉRMINADO
1096,457,22/07/2017 19:11,06/08/2017 00:00,22/07/2017 00:00,003-2017,22/07/2017 00:00,AJUSTE DE COSTOS (ÍNDICE DE ESCALATORIA),TÉRMINADO
1097,296,25/07/2017 12:26,11/07/2017 00:00,12/07/2017 00:00,471/2017,24/07/2017 00:00,AUTORIZADO,TÉRMINADO
1098,320,25/07/2017 13:38,08/07/2017 00:00,26/06/2017 00:00,473/2017,17/07/2017 00:00,AUTORIZADO,TÉRMINADO
1099,416,25/07/2017 13:45,03/06/2017 00:00,30/05/2017 00:00,472/2017,08/06/2017 00:00,AUTORIZADO,TÉRMINADO
1100,306,26/07/2017 16:38,30/06/2017 00:00,19/12/2016 00:00,004-2017,24/05/2017 00:00,AJUSTE DE COSTOS (ESCALATORIA),TÉRMINADO
1101,296,27/07/2017 15:16,11/07/2017 00:00,26/06/2017 00:00,475/2017,07/07/2017 00:00,AUTORIZADO,TÉRMINADO
1102,296,27/07/2017 15:18,11/07/2017 00:00,03/07/2017 00:00,476/2017,17/07/2017 00:00,AUTORIZADO,TÉRMINADO
1103,296,27/07/2017 15:20,11/07/2017 00:00,03/07/2017 00:00,477/2017,17/07/2017 00:00,AUTORIZADO,TÉRMINADO
1104,296,27/07/2017 15:22,11/07/2017 00:00,03/07/2017 00:00,478/2017,17/07/2017 00:00,AUTORIZADO,TÉRMINADO
1105,275,27/07/2017 15:23,14/06/2017 00:00,19/06/2017 00:00,479/2017,17/07/2017 00:00,AUTORIZADO,TÉRMINADO
1106,275,27/07/2017 15:25,14/06/2017 00:00,19/06/2017 00:00,480/2017,17/07/2017 00:00,AUTORIZADO,TÉRMINADO
1107,295,28/07/2017 10:20,29/07/2017 00:00,22/05/2017 00:00,482/2017,26/05/2017 00:00,AUTORIZADO,TÉRMINADO
1108,438,28/07/2017 10:29,28/06/2017 00:00,22/06/2017 00:00,483/2017,28/07/2017 00:00,AUTORIZADO,TÉRMINADO
1109,177,28/07/2017 10:39,11/06/2017 00:00,23/06/2017 00:00,484/2017,10/07/2017 00:00,AUTORIZADO,TÉRMINADO
1111,418,31/07/2017 12:47,24/06/2017 00:00,08/05/2017 00:00,485/2017,15/06/2017 00:00,AUTORIZADO,TÉRMINADO
1112,418,31/07/2017 12:48,24/06/2017 00:00,08/07/2017 00:00,487/2017,17/07/2017 00:00,AUTORIZADO,TÉRMINADO
1113,296,02/08/2017 11:56,11/07/2017 00:00,26/06/2017 00:00,486-1/2017,07/07/2017 00:00,AUTORIZADO,TÉRMINADO
1114,177,02/08/2017 12:36,11/06/2017 00:00,02/06/2017 00:00,488/2017,15/06/2017 00:00,AUTORIZADO,TÉRMINADO
1115,418,02/08/2017 12:44,24/06/2017 00:00,08/07/2017 00:00,489/2017,17/07/2017 00:00,AUTORIZADO,TÉRMINADO
1116,418,02/08/2017 12:47,24/06/2017 00:00,08/07/2017 00:00,490/2017,17/07/2017 00:00,AUTORIZADO,TÉRMINADO
1117,295,02/08/2017 13:04,29/07/2017 00:00,19/07/2017 00:00,491/2017,24/07/2017 00:00,AUTORIZADO,TÉRMINADO
1118,215,07/08/2017 13:00,31/05/2017 00:00,06/04/2017 00:00,413/2017,19/06/2017 00:00,AUTORIZADO,TÉRMINADO
1119,215,07/08/2017 13:09,31/05/2017 00:00,06/04/2017 00:00,424/2017,15/06/2017 00:00,AUTORIZADO,TÉRMINADO
1121,296,07/08/2017 13:24,11/07/2017 00:00,03/07/2017 00:00,496/2017,17/07/2017 00:00,AUTORIZADO,TÉRMINADO
1122,418,07/08/2017 14:31,24/06/2017 00:00,13/07/2017 00:00,501/2017,21/07/2017 00:00,AUTORIZADO,TÉRMINADO
1123,221,08/08/2017 10:00,02/12/2016 00:00,08/09/2016 00:00,502/2017,06/03/2017 00:00,AUTORIZADO,TÉRMINADO
1124,370,09/08/2017 13:41,04/04/2017 00:00,22/02/2017 00:00,503/2017,18/05/2017 00:00,AUTORIZADO,TÉRMINADO
1125,296,09/08/2017 14:48,11/07/2017 00:00,26/06/2017 00:00,486-2/2017,07/07/2017 00:00,AUTORIZADO,TÉRMINADO
1126,397,09/08/2017 14:57,17/07/2017 00:00,14/07/2017 00:00,505/2017,28/07/2017 00:00,AUTORIZADO,TÉRMINADO
1127,544,10/08/2017 14:59,22/05/2017 00:00,19/04/2017 00:00,506/2017,18/05/2017 00:00,AUTORIZADO,TÉRMINADO
1128,296,11/08/2017 12:37,11/07/2017 00:00,12/07/2017 00:00,507/2017,28/07/2017 00:00,AUTORIZADO,TÉRMINADO
1129,296,11/08/2017 12:39,11/07/2017 00:00,19/07/2017 00:00,508/2017,03/08/2017 00:00,AUTORIZADO,TÉRMINADO
1130,320,14/08/2017 13:20,08/07/2017 00:00,19/06/2017 00:00,509/2017,29/06/2017 00:00,AUTORIZADO,TÉRMINADO
1131,162,14/08/2017 13:35,09/07/2017 00:00,17/07/2017 00:00,510/2017,24/07/2017 00:00,AUTORIZADO,TÉRMINADO
1132,320,15/08/2017 13:32,08/07/2017 00:00,20/06/2017 00:00,512/2017,17/07/2017 00:00,AUTORIZADO,TÉRMINADO
1133,320,15/08/2017 13:34,08/07/2017 00:00,31/07/2017 00:00,516/2017,07/08/2017 00:00,AUTORIZADO,TÉRMINADO
1134,306,15/08/2017 13:45,30/06/2017 00:00,24/07/2017 00:00,513/2017,28/07/2017 00:00,AUTORIZADO,TÉRMINADO
1135,526,15/08/2017 14:12,28/05/2017 00:00,25/07/2017 00:00,514/2017,31/07/2017 00:00,AUTORIZADO,TÉRMINADO
1136,439,15/08/2017 14:18,26/07/2017 00:00,24/07/2017 00:00,515/2017,31/07/2017 00:00,AUTORIZADO,TÉRMINADO
1137,296,16/08/2017 09:16,11/07/2017 00:00,03/07/2017 00:00,518/2017,17/07/2017 00:00,AUTORIZADO,TÉRMINADO
1138,418,16/08/2017 09:21,24/06/2017 00:00,26/07/2017 00:00,519/17,10/08/2017 00:00,AUTORIZADO,TÉRMINADO
1139,418,16/08/2017 09:25,24/06/2017 00:00,26/07/2017 00:00,520/17,10/08/2017 00:00,AUTORIZADO,TÉRMINADO
1140,504,17/08/2017 14:43,11/06/2017 00:00,01/08/2017 00:00,525/2017,04/08/2017 00:00,AUTORIZADO,TÉRMINADO
1141,360,17/08/2017 14:45,28/05/2017 00:00,23/05/2017 00:00,526/2017,13/07/2017 00:00,AUTORIZADO,TÉRMINADO
1142,296,21/08/2017 09:14,11/07/2017 00:00,26/06/2017 00:00,486-3/2017,07/07/2017 00:00,AUTORIZADO,TÉRMINADO
1143,296,21/08/2017 09:46,11/07/2017 00:00,03/07/2017 00:00,530/2017,17/07/2017 00:00,AUTORIZADO,TÉRMINADO
1145,397,21/08/2017 10:18,17/07/2017 00:00,14/07/2017 00:00,531/2017,28/07/2017 00:00,AUTORIZADO,TÉRMINADO
1146,418,21/08/2017 10:33,24/06/2017 00:00,26/07/2017 00:00,533/2017,10/08/2017 00:00,AUTORIZADO,TÉRMINADO
1147,215,21/08/2017 14:13,31/05/2017 00:00,06/04/2017 00:00,535/2017,19/06/2017 00:00,AUTORIZADO,TÉRMINADO
1148,162,22/08/2017 11:58,09/07/2017 00:00,23/06/2017 00:00,455/2017,17/07/2017 00:00,AUTORIZADO,TÉRMINADO
1149,320,23/08/2017 12:51,12/08/2017 00:00,04/08/2017 00:00,537/2017,30/08/2017 00:00,AUTORIZADO,TÉRMINADO
1150,320,23/08/2017 12:52,12/08/2017 00:00,10/08/2017 00:00,538/2017,30/08/2017 00:00,AUTORIZADO,TÉRMINADO
1151,339,23/08/2017 13:02,18/04/2017 00:00,18/07/2017 00:00,541/2017,30/08/2017 00:00,AUTORIZADO,TÉRMINADO
1152,310,29/08/2017 11:50,11/03/2017 00:00,23/08/2017 00:00,547/2017,29/08/2017 00:00,AUTORIZADO,TÉRMINADO
1153,240,29/08/2017 14:13,22/09/2017 00:00,24/07/2017 00:00,548/2017,28/08/2017 00:00,AUTORIZADO,TÉRMINADO
1154,240,29/08/2017 14:14,22/09/2017 00:00,24/07/2017 00:00,549/2017,28/08/2017 00:00,AUTORIZADO,TÉRMINADO
1155,418,30/08/2017 12:03,15/08/2017 00:00,08/08/2017 00:00,550/2017,24/08/2017 00:00,AUTORIZADO,TÉRMINADO
1156,450,30/08/2017 12:14,17/07/2017 00:00,26/07/2017 00:00,551/2017,28/08/2017 00:00,AUTORIZADO,TÉRMINADO
1157,310,30/08/2017 12:20,11/03/2017 00:00,23/08/2017 00:00,552/2017,30/08/2017 00:00,AUTORIZADO,TÉRMINADO
1158,295,31/08/2017 15:42,02/09/2017 00:00,19/07/2017 00:00,563/2017,24/07/2017 00:00,AUTORIZADO,TÉRMINADO
1159,418,31/08/2017 15:50,15/08/2017 00:00,10/08/2017 00:00,564/2017,21/08/2017 00:00,AUTORIZADO,TÉRMINADO
1160,480,05/09/2017 13:33,20/04/2017 00:00,31/08/2017 00:00,570/2017,05/09/2017 00:00,AUTORIZADO,TÉRMINADO
1161,544,08/09/2017 14:05,22/05/2017 00:00,19/04/2017 00:00,506-1/2017,18/05/2017 00:00,AUTORIZADO,TÉRMINADO
1162,365,13/09/2017 17:20,31/03/2017 00:00,27/03/2017 00:00,005-2017,27/03/2017 00:00,AUTORIZACIÓN PARA TRÁMITE DE ESCALATORIAS (AJUSTE DE COSTOS) ,TÉRMINADO
1163,421,14/09/2017 08:54,05/06/2017 00:00,27/03/2017 00:00,585/2017,27/03/2017 00:00,AUTORIZADO,TÉRMINADO
1164,421,14/09/2017 09:05,05/06/2017 00:00,27/03/2017 00:00,398-1/2017,27/03/2017 00:00,AUTORIZADO,TÉRMINADO
1165,421,14/09/2017 09:07,05/06/2017 00:00,27/03/2017 00:00,404-1/2017,27/03/2017 00:00,AUTORIZADO,TÉRMINADO
1166,373,14/09/2017 12:55,17/01/2017 00:00,03/12/2016 00:00,586/2017,29/05/2017 00:00,AUTORIZADO,TÉRMINADO
1167,380,14/09/2017 12:57,17/01/2017 00:00,03/12/2016 00:00,587/2017,29/05/2017 00:00,AUTORIZADO,TÉRMINADO
1168,383,14/09/2017 12:59,17/01/2017 00:00,03/12/2016 00:00,588/2017,29/05/2017 00:00,AUTORIZADO,TÉRMINADO
1169,386,14/09/2017 13:02,17/01/2017 00:00,03/12/2016 00:00,589/2017,29/05/2017 00:00,AUTORIZADO,TÉRMINADO
1170,387,14/09/2017 13:04,17/01/2017 00:00,03/12/2016 00:00,590/2017,29/05/2017 00:00,AUTORIZADO,TÉRMINADO
1171,389,14/09/2017 13:05,17/01/2017 00:00,03/12/2016 00:00,591/2017,29/05/2017 00:00,AUTORIZADO,TÉRMINADO
1172,397,15/09/2017 10:17,17/07/2017 00:00,14/07/2017 00:00,593/2017,28/08/2017 00:00,AUTORIZADO,TÉRMINADO
1173,397,15/09/2017 10:19,17/07/2017 00:00,14/07/2017 00:00,594/2017,28/08/2017 00:00,AUTORIZADO,TÉRMINADO
1174,320,21/09/2017 13:54,12/08/2017 00:00,19/06/2017 00:00,509-1/2017,29/06/2017 00:00,autorizacion,TÉRMINADO
1175,320,22/09/2017 14:38,12/08/2017 00:00,02/06/2017 00:00,457-1/2017,05/06/2017 00:00,AUTORIZACION,TÉRMINADO
1176,422,25/09/2017 09:50,22/07/2017 00:00,24/08/2017 00:00,596/2017,31/08/2017 00:00,AUTORIZADO,TÉRMINADO
1177,254,25/09/2017 10:05,08/07/2017 00:00,28/08/2017 00:00,597/2017,14/09/2017 00:00,AUTORIZADO,TÉRMINADO
1178,480,25/09/2017 13:05,20/04/2017 00:00,31/08/2017 00:00,600/2017,07/09/2017 00:00,AUTORIZADO,TÉRMINADO
1179,526,26/09/2017 10:14,26/07/2017 00:00,25/07/2017 00:00,611/2017,31/07/2017 00:00,AUTORIZADO,TÉRMINADO
1180,457,26/09/2017 15:35,06/09/2017 00:00,23/08/2017 00:00,613/2017,08/09/2017 00:00,AUTORIZADO,TÉRMINADO
1181,457,26/09/2017 15:37,06/09/2017 00:00,01/09/2017 00:00,615/2017,11/09/2017 00:00,AUTORIZADO,TÉRMINADO
1182,457,26/09/2017 15:42,06/09/2017 00:00,18/09/2017 00:00,616/2017,26/09/2017 00:00,AUTORIZADO,TÉRMINADO
1183,163,26/09/2017 16:12,29/08/2017 00:00,14/08/2017 00:00,614/2017,28/08/2017 00:00,AUTORIZADO,TÉRMINADO
1184,254,02/10/2017 09:32,08/07/2017 00:00,28/08/2017 00:00,622/2017,14/09/2017 00:00,AUTORIZADO,TÉRMINADO
1185,254,02/10/2017 09:55,08/07/2017 00:00,28/08/2017 00:00,623/2017,14/09/2017 00:00,AUTORIZADO,TÉRMINADO
1186,275,02/10/2017 13:27,28/08/2017 00:00,06/07/2017 00:00,624/2017,18/08/2017 00:00,AUTORIZADO,TÉRMINADO
1187,275,02/10/2017 13:28,28/08/2017 00:00,22/08/2017 00:00,625/2017,28/08/2017 00:00,AUTORIZADO,TÉRMINADO
1188,275,02/10/2017 13:30,28/08/2017 00:00,25/08/2017 00:00,626/2017,01/09/2017 00:00,AUTORIZADO,TÉRMINADO
1189,121,02/10/2017 13:55,28/09/2017 00:00,08/09/2017 00:00,632/2017,28/09/2017 00:00,AUTORIZADO,TÉRMINADO
1190,492,03/10/2017 09:05,31/12/2017 00:00,19/09/2017 00:00,638/2017,29/09/2017 00:00,AUTORIZADO,TÉRMINADO
1191,275,03/10/2017 15:43,28/08/2017 00:00,30/03/2017 00:00,313-1/2017,07/04/2017 00:00,AUTORIZADO,TÉRMINADO
1192,296,09/10/2017 13:13,25/07/2017 00:00,26/06/2017 00:00,486/2017,07/07/2017 00:00,AUTORIZADO,TÉRMINADO
1195,295,23/10/2017 14:13,28/10/2017 00:00,11/10/2017 00:00,682/2017,19/10/2017 00:00,AUTORIZADO,TÉRMINADO
1196,339,23/10/2017 19:44,18/04/2017 00:00,24/04/2017 00:00,008-2017,24/04/2017 00:00,POR AJUSTE DE COSTOS (ESCALATORIAS),TÉRMINADO
1197,295,24/10/2017 14:21,28/10/2017 00:00,11/10/2017 00:00,686/2017,19/10/2017 00:00,AUTORIZADO,TÉRMINADO
1198,439,25/10/2017 21:49,26/07/2017 00:00,03/07/2017 00:00,010-2017,03/07/2017 00:00,AJUSTE DE COSTOS (ESCALATORIA),TÉRMINADO
1199,295,26/10/2017 14:33,28/10/2017 00:00,17/10/2017 00:00,687/2017,26/10/2017 00:00,AUTORIZADO,TÉRMINADO
1200,295,27/10/2017 15:53,28/10/2017 00:00,09/10/2017 00:00,691/2017,19/10/2017 00:00,AUTORIZADO,TÉRMINADO
1201,296,27/10/2017 16:22,25/07/2017 00:00,19/07/2017 00:00,532/2017,04/08/2017 00:00,AUTORIZADO,TÉRMINADO
1202,296,27/10/2017 16:39,25/07/2017 00:00,03/07/2017 00:00,530-1/2017,17/07/2017 00:00,AUTORIZADO,TÉRMINADO
1203,318,30/10/2017 12:11,19/08/2017 00:00,19/08/2017 00:00,672/2017,31/08/2017 00:00,AUTORIZADO,TÉRMINADO
1205,295,31/10/2017 09:25,28/10/2017 00:00,24/10/2017 00:00,695/2017,30/10/2017 00:00,AUTORIZADO,TÉRMINADO
1206,295,31/10/2017 10:38,28/10/2017 00:00,20/10/2017 00:00,696/2017,30/10/2017 00:00,AUTORIZADO,TÉRMINADO
1207,308,31/10/2017 14:09,26/04/2017 00:00,23/03/2017 00:00,697/2017,21/11/2017 00:00,AUTORIZADO,TÉRMINADO
1208,254,31/10/2017 21:34,01/03/2017 00:00,31/03/2017 00:00,011-2017,03/04/2017 00:00,AUTORIZACIÓN AJUSTE DE COSTOS (ESCALATORIA),TÉRMINADO
1209,296,01/11/2017 15:34,25/07/2017 00:00,26/06/2017 00:00,486-4/2017,07/07/2017 00:00,AUTORIZADO,TÉRMINADO
1210,296,01/11/2017 16:09,25/07/2017 00:00,03/07/2017 00:00,495/2017,17/07/2017 00:00,AUTORIZADO,TÉRMINADO
1211,320,02/11/2017 16:33,10/07/2017 00:00,30/06/2017 00:00,012-2017,10/07/2017 00:00,AJUSTE DE COSTOS (ESCALATORIAS),TÉRMINADO
1212,296,03/11/2017 09:28,25/07/2017 00:00,03/11/2017 00:00,702/2017,03/11/2017 00:00,AUTORIZADO,TÉRMINADO
1213,275,03/11/2017 10:02,28/08/2017 00:00,26/08/2017 00:00,703/2017,09/10/2017 00:00,AUTORIZADO,TÉRMINADO
1214,422,07/11/2017 10:06,29/08/2017 00:00,30/10/2017 00:00,693/2017,30/10/2017 00:00,AUTORIZADO,TÉRMINADO
1215,397,08/11/2017 14:50,17/07/2017 00:00,14/07/2017 00:00,505-1/2017,28/07/2017 00:00,AUTORIZADO,TÉRMINADO
1216,439,13/11/2017 11:04,20/07/2017 00:00,20/07/2017 00:00,013-2017,20/07/2017 00:00,"AJUSTE DE COSTOS ESTIMS. 3A, 6 Y 7",TÉRMINADO
1217,306,14/11/2017 08:59,30/06/2017 00:00,30/08/2017 00:00,744/2017,26/10/2017 00:00,AUTORIZADO,TÉRMINADO
1218,295,14/11/2017 12:17,28/10/2017 00:00,17/10/2017 00:00,687-1/2017,26/10/2017 00:00,AUTORIZADO,TÉRMINADO
1219,397,14/11/2017 12:34,17/07/2017 00:00,14/07/2017 00:00,745/2017,28/08/2017 00:00,AUTORIZADO,TÉRMINADO
1220,163,15/11/2017 08:22,29/08/2017 00:00,24/08/2017 00:00,748/2017,08/09/2017 00:00,AUTORIZADO,TÉRMINADO
1221,163,15/11/2017 08:30,29/08/2017 00:00,14/08/2017 00:00,654-1/2017,28/08/2017 00:00,AUTORIZADO,TÉRMINADO
1222,306,15/11/2017 12:13,30/06/2017 00:00,14/11/2017 00:00,749/2017,15/11/2017 00:00,AUTORIZADO,TÉRMINADO
1223,324,15/11/2017 13:48,11/03/2017 00:00,07/03/2017 00:00,751/2017,13/11/2017 00:00,AUTORIZADO,TÉRMINADO
1224,325,15/11/2017 13:49,11/03/2017 00:00,06/03/2017 00:00,752/2017,13/11/2017 00:00,AUTORIZADO,TÉRMINADO
1225,163,16/11/2017 10:11,29/08/2017 00:00,14/08/2017 00:00,654-2/2017,29/08/2017 00:00,AUTORIZADO,TÉRMINADO
1227,494,17/11/2017 10:07,18/11/2017 00:00,13/11/2017 00:00,777/2017,17/11/2017 00:00,AUTORIZADO,TÉRMINADO
1229,295,17/11/2017 12:42,28/10/2017 00:00,17/11/2017 00:00,779/2017,17/11/2017 00:00,AUTORIZADO,TÉRMINADO
1230,451,21/11/2017 11:43,17/06/2017 00:00,16/06/2017 00:00,789/2017,16/06/2017 00:00,AUTORIZADO,TÉRMINADO
1231,452,21/11/2017 11:44,17/06/2017 00:00,16/06/2017 00:00,790/2017,16/06/2017 00:00,AUTORIZADO,TÉRMINADO
1232,418,21/11/2017 12:13,15/08/2017 00:00,08/08/2017 00:00,791/2017,24/08/2017 00:00,AUTORIZADO,TÉRMINADO
1233,418,21/11/2017 12:24,15/08/2017 00:00,15/08/2017 00:00,792/2017,28/08/2017 00:00,AUTORIZADO,TÉRMINADO
1235,306,21/11/2017 13:49,30/06/2017 00:00,14/11/2017 00:00,800/2017,21/11/2017 00:00,AUTORIZADO,TÉRMINADO
1236,275,21/11/2017 13:54,28/08/2017 00:00,27/08/2017 00:00,799/2017,11/09/2017 00:00,AUTORIZADO,TÉRMINADO
1237,221,21/11/2017 16:26,02/12/2016 00:00,21/07/2017 00:00,754/2017,23/10/2017 00:00,AUTORIZADO,TÉRMINADO
1238,422,22/11/2017 09:21,29/08/2017 00:00,14/09/2017 00:00,767/2017,13/10/2017 00:00,AUTORIZADO,TÉRMINADO
1239,422,22/11/2017 09:22,29/08/2017 00:00,19/09/2017 00:00,806/2017,13/10/2017 00:00,AUTORIZADO,TÉRMINADO
1240,422,22/11/2017 09:24,29/08/2017 00:00,13/09/2017 00:00,807/2017,19/10/2017 00:00,AUTORIZADO,TÉRMINADO
1241,221,22/11/2017 11:02,02/12/2016 00:00,21/07/2017 00:00,754-1/2017,23/10/2017 00:00,AUTORIZADO,TÉRMINADO
1242,221,22/11/2017 11:35,02/12/2016 00:00,21/07/2017 00:00,754-2/2017,23/10/2017 00:00,AUTORIZADO,TÉRMINADO
1243,295,22/11/2017 13:41,28/10/2017 00:00,22/11/2017 00:00,817/2017,22/11/2017 00:00,AUTORIZADO,TÉRMINADO
1244,422,22/11/2017 15:31,29/08/2017 00:00,19/09/2017 00:00,818/2017,06/10/2017 00:00,AUTORIZADO,TÉRMINADO
1245,422,22/11/2017 15:32,29/08/2017 00:00,19/09/2017 00:00,819/2017,06/10/2017 00:00,AUTORIZADO,TÉRMINADO
1246,422,22/11/2017 15:33,29/08/2017 00:00,19/09/2017 00:00,820/2017,09/10/2017 00:00,AUTORIZADO,TÉRMINADO
1247,422,22/11/2017 15:35,29/08/2017 00:00,19/09/2017 00:00,821/2017,19/10/2017 00:00,AUTORIZADO,TÉRMINADO
1248,422,22/11/2017 15:37,29/08/2017 00:00,19/09/2017 00:00,822/2017,19/10/2017 00:00,AUTORIZADO,TÉRMINADO
1249,422,22/11/2017 15:40,29/08/2017 00:00,13/09/2017 00:00,807-1/2017,19/10/2017 00:00,AUTORIZADO,TÉRMINADO
1250,422,23/11/2017 15:39,29/08/2017 00:00,14/09/2017 00:00,823/2017,06/10/2017 00:00,AUTORIZADO,TÉRMINADO
1251,422,23/11/2017 15:40,29/08/2017 00:00,19/09/2017 00:00,824/2017,06/10/2017 00:00,AUTORIZADO,TÉRMINADO
1252,422,23/11/2017 15:42,29/08/2017 00:00,19/09/2017 00:00,825/2017,06/10/2017 00:00,AUTORIZADO,TÉRMINADO
1253,422,23/11/2017 15:45,29/08/2017 00:00,19/09/2017 00:00,826/2017,06/10/2017 00:00,AUTORIZADO,TÉRMINADO
1254,422,23/11/2017 15:47,29/08/2017 00:00,14/09/2017 00:00,827/2017,09/10/2017 00:00,AUTORIZADO,TÉRMINADO
1255,422,23/11/2017 15:48,29/08/2017 00:00,19/09/2017 00:00,828/2017,19/10/2017 00:00,AUTORIZADO,TÉRMINADO
1256,544,23/11/2017 16:43,22/05/2017 00:00,19/04/2017 00:00,506-2/2017,18/05/2017 00:00,autorizado,TÉRMINADO
1257,306,24/11/2017 10:32,15/12/2017 00:00,14/11/2017 00:00,830/2017,24/11/2017 00:00,AUTORIZADO,TÉRMINADO
1258,421,24/11/2017 12:03,05/06/2017 00:00,23/03/2017 00:00,443-1/2017,27/03/2017 00:00,AUTORIZADO,TÉRMINADO
1259,163,24/11/2017 12:10,29/08/2017 00:00,22/02/2017 00:00,218-1/2017,06/03/2017 00:00,AUTORIZADO,TÉRMINADO
1260,163,24/11/2017 12:12,29/08/2017 00:00,14/08/2017 00:00,654-3/2017,29/08/2017 00:00,AUTORIZADO,TÉRMINADO
1261,121,24/11/2017 16:17,27/10/2017 00:00,27/10/2017 00:00,844/2017,06/11/2017 00:00,AUTORIZADO,TÉRMINADO
1262,121,27/11/2017 12:44,27/10/2017 00:00,17/10/2017 00:00,846/2017,06/11/2017 00:00,AUTORIZADO,TÉRMINADO
1263,421,27/11/2017 14:32,05/06/2017 00:00,31/03/2017 00:00,377-4/2017,31/03/2017 00:00,AUTORIZADO,TÉRMINADO
1264,421,27/11/2017 14:36,05/06/2017 00:00,23/03/2017 00:00,432-1/2017,27/03/2017 00:00,AUTORIZADO,TÉRMINADO
1265,163,28/11/2017 13:04,29/08/2017 00:00,14/08/2017 00:00,654/2017,29/08/2017 00:00,AUTORIZADO,TÉRMINADO
1266,215,28/11/2017 20:44,06/02/2017 00:00,06/02/2017 00:00,015-2017,26/09/2017 00:00,AJUSTE DE COSTOS EST. 4 A 8,TÉRMINADO
1267,306,29/11/2017 16:05,15/12/2017 00:00,14/11/2017 00:00,868/2017,29/11/2017 00:00,AUTORIZADO,TÉRMINADO
1268,416,29/11/2017 17:12,03/06/2017 00:00,30/05/2017 00:00,472-1/2017,08/06/2017 00:00,AUTORIZADO,TÉRMINADO
1269,163,29/11/2017 18:55,28/04/2017 00:00,28/04/2017 00:00,016-2017,07/11/2017 00:00,AJUSTE DE COSTOS,TÉRMINADO
1270,254,30/11/2017 13:52,08/07/2017 00:00,29/05/2017 00:00,870/2017,09/06/2017 00:00,AUTORIZADO,TÉRMINADO
1271,254,30/11/2017 18:00,08/07/2017 00:00,29/05/2017 00:00,870-1/2017,09/06/2017 00:00,AUTORIZADO,TÉRMINADO
1272,450,01/12/2017 13:35,17/03/2017 00:00,17/03/2017 00:00,017-2017,13/06/2017 00:00,"AJUSTE DE COSTOS (OFIC DE ""SUSTITUYE A LA ANTERIOR"" DGOP/DCP/0378/2017)",TÉRMINADO
1273,450,01/12/2017 19:37,28/09/2017 00:00,28/09/2017 00:00,018-2017,24/11/2017 00:00,AJUSTE DE COSTOS (ESCALATORIA),TÉRMINADO
1274,306,06/12/2017 18:09,15/12/2017 00:00,06/12/2017 00:00,890/2017,06/12/2017 00:00,AUTORIZADO,TÉRMINADO
1275,412,10/12/2017 16:02,03/04/2017 00:00,31/03/2017 00:00,019-2017,22/11/2017 00:00,AJUSTE DE COSTOS (ESCALATORIA),TÉRMINADO
1276,397,10/12/2017 16:59,28/02/2017 00:00,01/03/2017 00:00,020-2017,19/09/2017 00:00,AJUSTE DE COSTOS,TÉRMINADO
1277,306,11/12/2017 12:01,15/12/2017 00:00,14/11/2017 00:00,898/2017,11/12/2017 00:00,AUTORIZADO,TÉRMINADO
1278,306,11/12/2017 12:02,15/12/2017 00:00,14/11/2017 00:00,899/2017,11/12/2017 00:00,AUTORIZADO,TÉRMINADO
1279,544,14/12/2017 08:43,22/05/2017 00:00,19/04/2017 00:00,506-3/2017,18/05/2017 00:00,AUTORIZADO,TÉRMINADO
1280,544,20/12/2017 11:52,22/05/2017 00:00,20/05/2017 00:00,919/2017,25/05/2017 00:00,AUTORIZADO,TÉRMINADO
1281,544,20/12/2017 13:31,22/05/2017 00:00,20/05/2017 00:00,920/2017,25/05/2017 00:00,AUTORIZADO,TÉRMINADO
1282,479,21/12/2017 16:07,16/05/2017 00:00,21/12/2017 00:00,923/2017,21/12/2017 00:00,AUTORIZADO,TÉRMINADO
1283,397,08/01/2018 09:14,17/07/2017 00:00,14/07/2017 00:00,505-2/2017,28/07/2017 00:00,AUTORIZADO,TÉRMINADO
1284,162,10/01/2018 12:15,19/08/2017 00:00,13/10/2017 00:00,946/2017,19/10/2017 00:00,AUTORIZADO,TÉRMINADO
1285,162,10/01/2018 12:56,19/08/2017 00:00,10/10/2017 00:00,004/2018,10/01/2018 00:00,AUTORIZADO,TÉRMINADO
1286,162,11/01/2018 08:39,19/08/2017 00:00,18/10/2017 00:00,005/2018,10/01/2018 00:00,AUTORIZADO,TÉRMINADO
1287,162,26/01/2018 10:19,10/01/2018 00:00,13/10/2017 00:00,946-1/2017,19/10/2017 00:00,AUTORIZADO,TÉRMINADO
1288,221,30/01/2018 09:20,26/12/2017 00:00,08/09/2016 00:00,502-1/2017,06/03/2017 00:00,AUTORIZADO,TÉRMINADO
1289,221,01/02/2018 13:22,26/12/2017 00:00,21/10/2017 00:00,058/2018,30/10/2017 00:00,AUTORIZADO,TÉRMINADO
1290,397,02/02/2018 14:54,17/07/2017 00:00,21/07/2017 00:00,062/2018,21/07/2017 00:00,AUTORIZADO,TÉRMINADO
1291,397,02/02/2018 14:56,17/07/2017 00:00,22/05/2017 00:00,063/2018,19/01/2018 00:00,AUTORIZADO,TÉRMINADO
1292,221,07/02/2018 12:50,26/12/2017 00:00,21/07/2017 00:00,073/2018,31/07/2017 00:00,AUTORIZADO,TÉRMINADO
1293,240,12/03/2018 09:49,22/09/2017 00:00,07/08/2017 00:00,958/2017,25/09/2017 00:00,AUTORIZADO,TÉRMINADO
1294,439,04/04/2018 14:47,26/07/2017 00:00,26/07/2017 00:00,002-2018,03/04/2018 00:00,AJUSTE DE COSTO (ESCALATORIA ESTI. 10 FINIQ),TÉRMINADO
1295,240,09/04/2018 12:26,22/09/2017 00:00,24/07/2017 00:00,548-1/2017,28/08/2017 00:00,AUTORIZADO,TÉRMINADO
1296,221,08/06/2018 08:42,31/03/2018 00:00,08/06/2018 00:00,375/2018,08/06/2018 00:00,AUTORIZADO,TÉRMINADO
1297,221,21/06/2018 13:34,31/03/2018 00:00,21/10/2017 00:00,419/2018,21/06/2018 00:00,AUTORIZADO,TÉRMINADO
1298,221,21/06/2018 13:52,31/03/2018 00:00,28/03/2018 00:00,420/2018,06/04/2018 00:00,AUTORIZADO,TÉRMINADO
1299,221,21/06/2018 13:54,31/03/2018 00:00,28/03/2018 00:00,421/2018,06/04/2018 00:00,AUTORIZADO,TÉRMINADO
1300,221,26/06/2018 11:22,31/03/2018 00:00,14/03/2018 00:00,429/2018,23/03/2018 00:00,AUTORIZADO,TÉRMINADO
1301,221,29/06/2018 10:17,31/03/2018 00:00,27/02/2018 00:00,465/2018,08/03/2018 00:00,AUTORIZADO,TÉRMINADO
1302,421,02/07/2018 15:52,05/06/2017 00:00,24/03/2018 00:00,475/2018,02/07/2018 00:00,AUTORIZADO,TÉRMINADO
1303,421,02/07/2018 15:59,05/06/2017 00:00,24/03/2018 00:00,476/2018,02/07/2018 00:00,AUTORIZADO,TÉRMINADO
1304,68,05/07/2018 12:37,22/11/2016 00:00,29/05/2018 00:00,490/2018,02/07/2018 00:00,AUTORIZADO,TÉRMINADO
1305,221,20/07/2018 10:50,31/03/2018 00:00,11/06/2018 00:00,017-2018,20/06/2018 00:00,AJUSTE DE COSTOS (ESCALATORIA),TÉRMINADO
1306,221,08/08/2018 08:44,31/05/2018 00:00,02/04/2018 00:00,582/2018,09/04/2018 00:00,AUTORIZADO,TÉRMINADO
1307,221,07/09/2018 12:42,31/05/2018 00:00,21/07/2017 00:00,504/2018,04/06/2018 00:00,AUTORIZADO,TÉRMINADO
1308,68,21/09/2018 11:16,31/08/2018 00:00,19/09/2016 00:00,519-2/2016,10/10/2016 00:00,AUTORIZADO,TÉRMINADO
1309,40,11/10/2018 09:18,31/12/2016 00:00,13/02/2018 00:00,743/2018,16/02/2018 00:00,AUTORIZADO,TÉRMINADO
