Id_Contrato_Fianza,Id_Contrato,Id_Fianza,Numero_Fianza,Fecha_Emision,Fecha_Recepcion,Nombre_Afianzadora,Fecha_Liberacion,Id_Contrato_Ampliacion,Descripcion_Fianza,Importe_Fianza
1,4,2,1875432,12/01/2015 00:00,12/01/2015 00:00,"AFIANZADORA SOFIMEX, S.A.",12/01/2016 00:00,,CUMPLIMIENTO,81599.44
2,4,1,1875430,12/01/2015 00:00,12/01/2015 00:00,"AFIANZADORA SOFIMEX, S.A.",12/01/2016 00:00,,30% ANTICIPO,244798.32
3,4,2,1875432-AMP,12/01/2015 00:00,12/01/2015 00:00,"AFIANZADORA SOFIMEX, S.A.",12/01/2016 00:00,,CUMPLIMIENTO,81599.44
4,3,1,1876959,19/01/2015 00:00,19/01/2015 00:00,"AFIANZADORA SOFIMEX, S.A.",19/01/2016 00:00,,30% ANTICIPO,173651.47
5,3,2,1876968,19/01/2015 00:00,19/01/2015 00:00,"AFIANZADORA SOFIMEX, S.A.",19/01/2016 00:00,,CUMPLIMIENTO,57883.82
6,1,2,1545827,12/01/2015 00:00,12/01/2015 00:00,"PRIMERO FIANZAS, S.A. DE C.V.",12/01/2016 00:00,,CUMPLIMIENTO,55134.82
7,1,1,1545828,12/01/2015 00:00,12/01/2015 00:00,"PRIMERO FIANZAS, S.A. DE C.V.",12/01/2016 00:00,,30% ANTICIPO,165404.45
8,5,2,1595940,02/05/2015 00:00,02/05/2015 00:00,"ACE FIANZAS MONTERREY, S.A. DE",02/05/2016 00:00,,CUMPLIMIENTO,28300.33
9,5,1,1595938,02/05/2015 00:00,02/05/2015 00:00,"ACE FIANZAS MONTERREY, S.A. DE",02/05/2016 00:00,,30% ANTICIPO,84901
10,6,2,1595528,04/02/2015 00:00,04/02/2015 00:00,"FIANZAS MONTERREY, S.A.",04/02/2016 00:00,,CUMPLIMIENTO,21844.74
11,6,1,1595526,04/02/2015 00:00,04/02/2015 00:00,"FIANZAS MONTERREY, S.A.",04/02/2016 00:00,,30% ANTICIPO,65534.23
12,7,2,III-470248-RC,03/02/2015 00:00,03/02/2015 00:00,"FIANZAS ATLAS, S.A.",03/02/2016 00:00,,CUMPLIMIENTO,21816.17
13,2,2,1378611,03/02/2015 00:00,03/02/2015 00:00,"PRIMERO FIANZAS, S.A. DE C.V.",03/02/2016 00:00,,CUMPLIMIENTO,17368.85
14,16,1,88238122,03/02/2015 00:00,03/02/2015 00:00,CHUBB DE MEXICO COMPAÑIA AFIAN,03/02/2016 00:00,,30% ANTICIPO,732485.55
15,16,2,8823/8128,03/02/2015 00:00,03/02/2015 00:00,CHUBB DE MEXICO COMPAÑIA AFIAN,03/02/2016 00:00,,CUMPLIMIENTO,244161.85
16,8,1,88238111,04/02/2015 00:00,04/02/2015 00:00,CHUBB DE MEXICO COMPAÑIA AFIAN,04/02/2016 00:00,,30% ANTICIPO,85371.42
17,8,2,88238112,04/02/2015 00:00,04/02/2015 00:00,CHUBB DE MEXICO COMPAÑIA AFIAN,04/02/2016 00:00,,CUMPLIMIENTO,28457.14
18,9,2,88237936,04/02/2015 00:00,04/02/2015 00:00,CHUBB DE MEXICO COMPAÑIA AFIAN,04/02/2016 00:00,,CUMPLIMIENTO,24162.94
19,10,1,1231-00392-1,04/02/2015 00:00,04/02/2015 00:00,"AFIANZADORA ASERTA, S.A. DE C.",04/02/2016 00:00,,30% ANTICIPO,84465.87
20,10,2,1231-00390-3,04/02/2015 00:00,04/02/2015 00:00,"AFIANZADORA ASERTA, S.A. DE C.",04/02/2016 00:00,,CUMPLIMIENTO,28155.29
21,14,2,88238377,11/02/2015 00:00,11/02/2015 00:00,CHUBB DE MEXICO COMPAÑIA AFIAN,11/02/2016 00:00,,CUMPLIMIENTO,26608.83
22,14,1,88238373,11/02/2015 00:00,11/02/2015 00:00,CHUBB DE MEXICO COMPAÑIA AFIAN,11/02/2016 00:00,,30% ANTICIPO,79826.5
23,15,1,1597563,12/02/2015 00:00,12/02/2015 00:00,"FIANZAS MONTERREY, S.A.",12/02/2016 00:00,,30% ANTICIPO,16493999.03
24,15,2,1597560,12/02/2015 00:00,12/02/2015 00:00,"FIANZAS MONTERREY, S.A.",12/02/2016 00:00,,CUMPLIMIENTO,5497999.68
25,15,2,1597560-AMP,07/04/2015 00:00,07/04/2015 00:00,"ACE FIANZAS MONTERREY, S.A.",07/04/2016 00:00,,CUMPLIMIENTO,6000000
26,17,2,1545739,16/02/2015 00:00,16/02/2015 00:00,"PRIMERO FIANZAS, S.A. DE C.V.",16/02/2016 00:00,,CUMPLIMIENTO,21816.18
27,17,1,1545738,16/02/2015 00:00,16/02/2015 00:00,"PRIMERO FIANZAS, S.A. DE C.V.",16/02/2016 00:00,,30% ANTICIPO,65448.52
28,19,1,1886633,13/02/2015 00:00,13/02/2015 00:00,"AFIANZADORA SOFIMEX, S.A.",13/02/2016 00:00,,30% ANTICIPO,267152.17
29,19,2,1886635,13/02/2015 00:00,13/02/2015 00:00,"AFIANZADORA SOFIMEX, S.A.",13/02/2016 00:00,,CUMPLIMIENTO,89050.72
30,18,1,III-470740-RC,17/02/2015 00:00,17/02/2015 00:00,"FIANZAS ATLAS, S.A.",17/02/2016 00:00,,30% ANTICIPO,98085.03
31,18,2,III-470742-RC,17/02/2015 00:00,17/02/2015 00:00,"FIANZAS ATLAS, S.A.",17/02/2016 00:00,,CUMPLIMIENTO,32695
32,20,2,1436744,06/03/2015 00:00,06/03/2015 00:00,"AFIANZADORA ASERTA, S.A. DE C.",06/03/2016 00:00,,CUMPLIMIENTO,269561.46
33,20,1,1436734,06/03/2015 00:00,06/03/2015 00:00,"AFIANZADORA ASERTA, S.A. DE C.",06/03/2016 00:00,,30% ANTICIPO,808684.39
34,22,1,4197-00094-8,18/03/2015 00:00,18/03/2015 00:00,"AFIANZADORA ASERTA, S.A. DE C.",18/03/2016 00:00,,30% ANTICIPÓ,90413.56
35,22,2,4197-00095-5,18/03/2015 00:00,18/03/2015 00:00,"AFIANZADORA ASERTA, S.A. DE C.",18/03/2016 00:00,,CUMPLIMIENTO,30137.85
36,22,2,4197-00095-5 AMPLIAC,18/03/2015 00:00,18/03/2015 00:00,"AFIANZAD0RA ASERTA, S.A. DE CÑ",18/03/2016 00:00,,CUMPLIMIENTO,30137.85
37,21,2,1604743,17/03/2015 00:00,17/03/2015 00:00,"ACE FIANZAS MONTERREY, S.A.",17/03/2016 00:00,,CUMPLIMIENTO,518971.33
38,21,1,1604738,17/03/2015 00:00,17/03/2015 00:00,"ACE FIANZAS MONTERREY, S.A.",17/03/2016 00:00,,30% ANTICIPO,1556916.99
39,24,2,1545755,18/03/2015 00:00,18/03/2015 00:00,"PRIMERO FIANZAS, S.A. DE C.V.",18/03/2016 00:00,,CUMPLIMIENTO,75803.89
40,24,1,1545754,18/03/2015 00:00,18/03/2015 00:00,"PRIMERO FIANZAS, S.A. DE C.V.",18/03/2016 00:00,,30% ANTICIPO,227411.68
41,25,2,1545755,18/03/2015 00:00,18/03/2015 00:00,"PRIMERO FIANZAS, S.A. DE C.V.",18/03/2016 00:00,,CUMPLIMIENTO,75803.89
42,25,1,1545754,18/03/2015 00:00,18/03/2015 00:00,"PRIMERO FIANZAS, S.A. DE C.V.",18/03/2016 00:00,,30% ANTICIPO,227411.68
43,26,2,1545755,18/03/2015 00:00,18/03/2015 00:00,"PRIMERO FIANZAS, S.A. DE C.V.",18/03/2016 00:00,,CUMPLIMIENTO,75803.89
44,26,1,1545754,18/03/2015 00:00,18/03/2015 00:00,"PRIMERO FIANZAS, S.A. DE C.V.",18/03/2016 00:00,,30% ANTICIPO,227411.68
45,27,2,1545755,18/03/2015 00:00,18/03/2015 00:00,"PRIMERO FIANZAS, S.A. DE C.V.",18/03/2016 00:00,,CUMPLIMIENTO,75803.89
46,27,1,1545754,18/03/2015 00:00,18/03/2015 00:00,"PRIMERO FIANZAS, S.A. DE C.V.",18/03/2016 00:00,,30% ANTICIPO,227411.68
47,63,2,1560430,25/03/2015 00:00,25/03/2015 00:00,"PRIMERO FIANZAS, S.A. DE C.V.",25/03/2016 00:00,,CUMPLIMIENTO,986957.33
48,63,1,1560431,25/03/2015 00:00,25/03/2015 00:00,"PRIMERO FIANZAS, S.A. DE C.V.",25/03/2016 00:00,,30% ANTICIPO,2960871.99
49,63,2,1560430-AMP,28/03/2016 00:00,28/03/2016 00:00,"PRIMERO FIANZAS, S.A. DE C.V.",28/03/2017 00:00,,CUMPLIMIENTO,216984.04
50,64,1,1379442,25/03/2015 00:00,25/03/2015 00:00,"PRIMERO FIANZAS, S.A. DE C.V.",25/03/2016 00:00,,30% ANTICIPO,3630780.16
51,64,2,1378975,25/03/2015 00:00,25/03/2015 00:00,"PRIMERO FIANZAS, S.A. DE C.V.",25/03/2016 00:00,,CUMPLIMIENTO,1210260.05
52,65,1,1560433,25/03/2015 00:00,25/03/2015 00:00,"PRIMERO FIANZAS, S.A. DE C..V",25/03/2016 00:00,,30% ANTICIPÓ,4391163.83
53,65,2,1560432,25/03/2015 00:00,25/03/2015 00:00,"PRIMERO FIANZAS, S.A. DE C..V",25/03/2016 00:00,,CUMPLIMIENTO,1463721.28
54,66,2,1606914,25/03/2015 00:00,25/03/2015 00:00,"FIANZAS MONTERREY, S.A.",25/03/2016 00:00,,CUMPLIMIENTO,2515642.79
55,66,1,1606909,25/03/2015 00:00,25/03/2015 00:00,"FIANZAS MONTERREY, S.A.",25/03/2016 00:00,,30% ANTICIPO,7546928.36
56,67,1,3270--01197-0,25/03/2015 00:00,25/03/2015 00:00,"AFIANZADORA ASERTA, S.A. DE C.",25/03/2016 00:00,,30% ANTICIPO,4705715.74
57,67,2,3270-01198-1,25/03/2015 00:00,25/03/2015 00:00,"AFIANZADORA ASERTA, S.A. DE C.",25/03/2016 00:00,,CUMPLIMIENTO,1568571.91
58,28,1,1379447,07/04/2015 00:00,07/04/2015 00:00,"PRIMERO FIANZAS, S.A. DE C.V.",07/04/2016 00:00,,30% ANTICIPO,233340.94
59,28,2,1379446,07/04/2015 00:00,07/04/2015 00:00,"PRIMERO FIANZAS, S.A. DE C.V.",07/04/2016 00:00,,CUMPLIMIENTO,77780.31
60,30,1,3344-00037-2,07/04/2015 00:00,07/04/2015 00:00,"AFIANZADORA ASERTA, S.A. DE C.",07/04/2016 00:00,,30% ANTICIPO,101874.71
61,30,2,3344-00038-5,07/04/2015 00:00,07/04/2015 00:00,"AFIANZADORA ASERTA, S.A. DE C.",07/04/2016 00:00,,CUMPLIMIENTO,33958.23
62,29,2,1610767,14/04/2015 00:00,14/04/2015 00:00,"ACE FIANZAS MONTERREY, S.A.",14/04/2016 00:00,,CUMPLIMIENTO,33030.31
63,36,2,III-472790-RC,07/04/2015 00:00,07/04/2015 00:00,"FIANZAS ATLAS, S.A.",07/04/2016 00:00,,CUMPLIMIENTO,45058.66
64,60,2,1895103,09/04/2015 00:00,09/04/2015 00:00,"AFIANZADORA SOFIMEX, S.A.",09/04/2016 00:00,,CUMPLIMIENTO,3140115.23
65,60,1,1895098,09/04/2015 00:00,09/04/2015 00:00,"AFIANZADORA SOFIMEX, S.A.",09/04/2016 00:00,,30% ANTICIPO,9420345.78
66,61,2,88244203,08/04/2015 00:00,08/04/2015 00:00,CHUBB DE MEXICO COMPAÑIA AFIAN,08/04/2016 00:00,,CUMPLIMIENTO,5097978.75
67,61,1,88244202,08/04/2015 00:00,08/04/2015 00:00,CHUBB DE MEXICO COMPAÑIA AFIAN,08/04/2016 00:00,,30% ANTICIPO,15293926.26
68,62,1,1895320,08/04/2015 00:00,08/04/2015 00:00,"AFIANZADORA SOFIMEX, S.A.",08/04/2016 00:00,,30% ANTICIPO,4652338.05
69,62,2,1895324,08/04/2015 00:00,08/04/2015 00:00,"AFIANZADORA SOFIMEX, S.A.",08/04/2016 00:00,,CUMPLIMIENTO,1550779.35
70,35,1,88244315,08/04/2015 00:00,08/04/2015 00:00,CHUBB DE MEXICO COMPAÑIA AFIAN,08/04/2016 00:00,,30% ANTICIPO,375605.14
71,35,2,88244309,08/04/2015 00:00,08/04/2015 00:00,CHUBB DE MEXICO COMPAÑIA AFIAN,08/04/2016 00:00,,CUMPLIMIENTO,125201.71
72,37,2,1611726,08/04/2015 00:00,08/04/2015 00:00,"ACE FIANZAS MONTERREY, S.A.",08/04/2016 00:00,,CUMPLIMIENTO,129335.94
73,37,1,1611728,08/04/2015 00:00,08/04/2015 00:00,"ACE FIANZAS MONTERREY, S.A.",08/04/2016 00:00,,30% ANTICIPO,388007.92
74,32,2,88244720,10/04/2015 00:00,10/04/2015 00:00,CHUBB DE MEXICO COMPAÑIA AFIAN,10/04/2016 00:00,,CUMPLIMIENT0,284857.07
75,32,1,88244721,10/04/2015 00:00,10/04/2015 00:00,CHUBB DE MEXICO COMPAÑIA AFIAN,10/04/2016 00:00,,30% ANTICIPO,854571.21
76,33,2,III-472711-RC,10/04/2015 00:00,10/04/2015 00:00,"FIANZAS ATLAS, S.A.",10/04/2016 00:00,,CUMPLIMIENTO,221453.05
77,33,1,III-472713-RC,10/04/2015 00:00,10/04/2015 00:00,"FIANZAS ATLAS, S.A.",10/04/2016 00:00,,30% ANTICIPO,664359.17
78,31,2,88244759,13/04/2015 00:00,13/04/2015 00:00,CHUBB DE MEXICO COMPAÑIA AFIAN,13/04/2016 00:00,,CUMPLIMIENTO,31626.56
79,31,1,88244755,13/04/2015 00:00,13/04/2015 00:00,CHUBB DE MEXICO COMPAÑIA AFIAN,13/04/2016 00:00,,30% ANTICIPO,94879.69
80,53,1,88245364,15/04/2015 00:00,15/04/2015 00:00,CHUBB DE MEXICO COMPAÑIA AFIAN,15/04/2016 00:00,,30% ANTICIPO,446182.13
81,53,2,88245584,15/04/2015 00:00,15/04/2015 00:00,CHUBB DE MEXICO COMPAÑIA AFIAN,15/04/2016 00:00,,CUMPLIMIENTO,148727.38
82,34,2,III-473145-RC,15/04/2015 00:00,15/04/2015 00:00,"FIANZAS ATLAS, S.A.",15/04/2016 00:00,,CUMPLIMIENTO,273404.41
83,34,1,III-4731472-RC,15/04/2015 00:00,15/04/2015 00:00,"FIANZAS ATLAS, S.A.",15/04/2016 00:00,,30% ANTICIPO,820213.26
84,40,2,88245332,15/04/2015 00:00,15/04/2015 00:00,CHUBB DE MEXICO COM´PAÑIA AFIA,15/04/2016 00:00,,CUMPLIMIENTO,237421.24
85,40,1,88245334,15/04/2015 00:00,15/04/2015 00:00,CHUBB DE MEXICO COM´PAÑIA AFIA,15/04/2016 00:00,,30% ANTICIPO,712263.74
86,43,2,4197-00101-2,20/04/2015 00:00,20/04/2015 00:00,"AFIANZADORA ASERTA, S.A. DE C.",20/04/2016 00:00,,CUMPLIMIENTO,123990.95
87,43,1,4197-00100-0,20/04/2015 00:00,20/04/2015 00:00,"AFIANZADORA ASERTA, S.A. DE C.",20/04/2016 00:00,,30% ANTICIPO,371972.87
88,41,1,4143-01136-1,17/04/2015 00:00,17/04/2015 00:00,"AFIANZADORA ASERTA, S.A. DE C.",17/04/2016 00:00,,30% ANTICIPO,89194.61
89,41,2,4143-01137-6,17/04/2015 00:00,17/04/2015 00:00,"AFIANZADORA ASERTA, S.A. DE C.",17/04/2016 00:00,,CUMPLIMIENTO,29731.53
90,51,1,88246675,17/04/2015 00:00,17/04/2015 00:00,CHUBB DE MEXICO COMPAÑIA AFIAM,17/04/2016 00:00,,30% ANTICIPO,695901.24
91,51,2,88246672,17/04/2015 00:00,17/04/2015 00:00,CHUBB DE MEXICO COMPAÑIA AFIAM,17/04/2016 00:00,,CUMPLIMIENTO,231967.08
92,59,2,1560417,17/04/2015 00:00,17/04/2015 00:00,"PRIMERO FIANZAS, S.A. DE C.V.",17/04/2016 00:00,,CUMPLIMIENTO,25189.55
93,74,2,88246204,20/04/2015 00:00,20/04/2015 00:00,CHUBB DE MEXICO COMPAÑIA AFIAN,20/04/2016 00:00,,CUMPLIMIENTO,71402.85
94,74,1,88246202,20/04/2015 00:00,20/04/2015 00:00,CHUBB DE MEXICO COMPAÑIA AFIAN,20/04/2016 00:00,,30% ANTICIPO,214208.56
95,42,1,88245783,20/04/2015 00:00,20/04/2015 00:00,CHUBB DE MEXICO COMPAÑIA AFI9A,20/04/2016 00:00,,30% ANTICIPO,350512.18
96,42,2,88245787,20/04/2015 00:00,20/04/2015 00:00,CHUBB DE MEXICO COMPAÑIA AFI9A,20/04/2016 00:00,,CUMPLIMIENTO,116837.39
97,77,2,88245713,20/04/2015 00:00,20/04/2015 00:00,CHUBB DE MEXICO COMPAÑIA AFIAN,20/04/2016 00:00,,CUMPLIMIENTO,12194.12
98,77,2,88245713,20/04/2015 00:00,20/04/2015 00:00,CHUBB DE MEXICO COMPAÑIA AFIAN,20/04/2016 00:00,,CUMPLIMIENTO,112194.12
99,73,2,88246050,21/04/2015 00:00,21/04/2015 00:00,CHUBB DE MEXICO COMPAÑIA AFIAN,21/04/2016 00:00,,CUMPLIMIENTO,75859.38
100,73,1,88246051,21/04/2015 00:00,21/04/2015 00:00,CHUBB DE MEXICO COMPAÑIA AFIAN,21/04/2016 00:00,,30% ANTICIPO,227578.15
101,54,1,III-473106-RC,21/04/2015 00:00,21/04/2015 00:00,"FIANZAS ATLAS, S.A.",21/04/2016 00:00,,30% ANTICIPO,180057.18
102,54,2,III-473109-RC,21/04/2015 00:00,21/04/2015 00:00,"FIANZAS ATLAS, S.A.",21/04/2016 00:00,,CUMPLIMIENTO,60019.06
103,38,1,III-473341-RC,21/04/2015 00:00,21/04/2015 00:00,"FIANZAS ATLAS, S.A.",21/04/2016 00:00,,30% ANTICIPO,347594.71
104,38,2,III-473345-RC,21/04/2015 00:00,21/04/2015 00:00,"FIANZAS ATLAS, S.A.",21/04/2016 00:00,,CUMPLIMIENTO,115864.9
105,39,1,88245638,21/04/2015 00:00,21/04/2015 00:00,CHUBB DE MEXICO COMPAÑIA AFIAM,21/04/2016 00:00,,30% ANTICIPO,327465.18
106,39,2,88245642,21/04/2015 00:00,21/04/2015 00:00,CHUBB DE MEXICO COMPAÑIA AFIAM,21/04/2016 00:00,,CUMPLIMIENTO,109155.05
107,52,2,88246261,21/04/2015 00:00,21/04/2015 00:00,CHUBB DE MEXICO COMPAÑIA AFIAM,21/04/2016 00:00,,CUMPLIMIENTO,69290.62
108,52,1,88246348,21/04/2015 00:00,21/04/2015 00:00,CHUBB DE MEXICO COMPAÑIA AFIAM,21/04/2016 00:00,,30% ANTICIPO,207871.87
109,44,1,III-473255-RC,21/04/2015 00:00,21/04/2015 00:00,"FIANZAS ATLAS, S.A.",21/04/2016 00:00,,30% ANTICIPO,432551.76
110,44,2,III-473256-RC,21/04/2015 00:00,21/04/2015 00:00,"FIANZAS ATLAS, S.A.",21/04/2016 00:00,,CUMPLIMIENTO,144183.92
111,45,2,1541371,21/04/2015 00:00,21/04/2015 00:00,"PRIMERO FIANZAS, S.A. DE C.V.",21/04/2016 00:00,,CUMPLIMIENTO,19024.95
112,45,1,1541370,21/04/2015 00:00,21/04/2015 00:00,"PRIMERO FIANZAS, S.A. DE C.V.",21/04/2016 00:00,,30% ANTICIPO,57074.84
113,46,2,1612825,22/04/2015 00:00,22/04/2015 00:00,"ACE FIANZAS MONTERREY, S.A.",22/04/2016 00:00,,CUMPLIMIENTO,18884.94
114,46,1,1612821,22/04/2015 00:00,22/04/2015 00:00,"ACE FIANZAS MONTERREY, S.A.",22/04/2016 00:00,,30% ANTICIPO,56654.81
115,47,2,88246457,21/04/2015 00:00,21/04/2015 00:00,CHUBB DE MEXICO COMPAÑIA AFIAN,21/04/2016 00:00,,CUMPLIMIENTO,30694.55
116,47,1,88246456,21/04/2015 00:00,21/04/2015 00:00,CHUBB DE MEXICO COMPAÑIA AFIAN,21/04/2016 00:00,,30% ANTICIPO,92083.67
117,90,2,1379470,22/04/2015 00:00,22/04/2015 00:00,"PRIMERO FIANZAS, S.A. DE C.V.",22/04/2016 00:00,,CUMPLIMIENTO,124470.28
118,90,1,1379471,22/04/2015 00:00,22/04/2015 00:00,"PRIMERO FIANZAS, S.A. DE C.V.",22/04/2016 00:00,,30% ANTICIPO,373410.85
119,68,1,88246241,23/04/2015 00:00,23/04/2015 00:00,CHUBB DE MEXICO COMPAÑIA AFIAN,23/04/2016 00:00,,30% ANTICIPO,2435501.7
120,68,2,88246243,23/04/2015 00:00,23/04/2015 00:00,CHUBB DE MEXICO COMPAÑIA AFIAN,23/04/2016 00:00,,CUMPLIMIENTO,811833.9
121,95,1,1616456,23/04/2015 00:00,23/04/2015 00:00,"ACE FIANZAS MONTERREY, S.A.",23/04/2016 00:00,,30% ANTICIPO,2916370.64
122,95,2,1616459,23/04/2015 00:00,23/04/2015 00:00,"ACE FIANZAS MONTERREY, S.A.",23/04/2016 00:00,,CUMPLIMIENTO,972123.55
123,49,2,1379982,27/04/2015 00:00,27/04/2015 00:00,"PRIMERO FIANZAS, S.A. DE C.V.",27/04/2016 00:00,,CUMPLIMIENTO,137252.35
124,58,2,1614564,27/04/2015 00:00,27/04/2015 00:00,"ACE FIANZAS MONTERREY, S.A.",27/04/2016 00:00,,CUMPLIMIENTO,70423.2
125,78,2,1901011,27/04/2015 00:00,27/04/2015 00:00,"AFIANZADORA SOFIMEX, S.A.",27/04/2016 00:00,,CUMPLIMIENTO,121145.5
126,78,1,1901006,27/04/2015 00:00,27/04/2015 00:00,"AFIANZADORA SOFIMEX, S.A.",27/04/2016 00:00,,30% ANTICIPO,363436.52
127,48,1,1573118,27/04/2015 00:00,27/04/2015 00:00,"PRIMERO FIANZAS, S.A.",27/04/2016 00:00,,30% ANTICIPO,95293.65
128,48,2,1573116,27/04/2015 00:00,27/04/2015 00:00,"PRIMERO FIANZAS, S.A.",27/04/2016 00:00,,CUMPLIMIENTO,31764.55
129,55,2,88247048,27/04/2015 00:00,27/04/2015 00:00,CHUBB DE MEXICO COMPAÑIA AFIAN,27/04/2016 00:00,,CUMPLIMIENTO,20871.62
130,56,2,88247048,27/04/2015 00:00,27/04/2015 00:00,CHUBB DE MEXICO COMPAÑIA AFIAN,27/04/2016 00:00,,CUMPLIMIENTO,20871.62
131,76,2,88246920,28/04/2015 00:00,28/04/2015 00:00,CHUBB DE MEXICO COMPAÑIA AFI9A,28/04/2016 00:00,,CUMPLIMIENTO,142929.48
132,76,1,88246918,28/04/2015 00:00,28/04/2015 00:00,CHUBB DE MEXICO COMPAÑIA AFI9A,28/04/2016 00:00,,30% ANTICIPO,428788.44
133,69,1,88246663,28/04/2015 00:00,28/04/2015 00:00,CHUBB DE MEXICO COMPAÑIA AFIAN,28/04/2016 00:00,,30% ANTICIPO,9329834.6
134,69,2,88246662,28/04/2015 00:00,28/04/2015 00:00,CHUBB DE MEXICO COMPAÑIA AFIAN,28/04/2016 00:00,,CUMPLIMIENTO,3109944.86
135,70,2,8824911,28/04/2015 00:00,28/04/2015 00:00,CHUBB DE MEXICO COMPAÑIA AFIAN,28/04/2016 00:00,,CUMPLIMIENTO,1699132.83
136,70,1,88246907,28/04/2015 00:00,28/04/2015 00:00,CHUBB DE MEXICO COMPAÑIA AFIAN,28/04/2016 00:00,,30% ANTICIPO,5097398.5
137,71,2,88247213,28/04/2015 00:00,28/04/2015 00:00,CHUBB DE MEXICO COMPAÑIA AFIAN,28/04/2016 00:00,,CUMPLIMIENTO,1758358.76
138,71,1,88247152,28/04/2015 00:00,28/04/2015 00:00,CHUBB DE MEXICO COMPAÑIA AFIAN,28/04/2016 00:00,,30% ANTICIPO,5275076.29
139,72,2,1573120,28/04/2015 00:00,28/04/2015 00:00,"PRIMERO FIANZAS, S.A. DE C.V.",28/04/2016 00:00,,CUMPLIMIENTO,3298685.75
140,72,1,1573121,28/04/2015 00:00,28/04/2015 00:00,"PRIMERO FIANZAS, S.A. DE C.V.",28/04/2016 00:00,,30% ANTICIPO,9896057.25
141,75,2,1379993,30/04/2015 00:00,30/04/2015 00:00,"PRIMERO FIANZAS, S.A DE C.V.",30/04/2016 00:00,,CUMPLIMIENTO,59519.34
142,75,1,13799994,30/04/2015 00:00,30/04/2015 00:00,"PRIMERO FIANZAS, S.A DE C.V.",30/04/2016 00:00,,30% ANTICIPO,178558.03
143,75,1,1379994 ADICIONAL,15/05/2015 00:00,15/05/2015 00:00,"PRIMERO FIANZAS, S.A. DE C.V.",15/05/2016 00:00,,20% ANTICIPO,119038.69
144,50,2,88247043,04/05/2014 00:00,04/05/2014 00:00,"CHUBB DE MEXICO AFIANZADORA, S",04/05/2015 00:00,,CUMPLIMIENTO,87917.46
145,50,1,88247042,04/05/2014 00:00,04/05/2014 00:00,"CHUBB DE MEXICO AFIANZADORA, S",04/05/2015 00:00,,30% ANTICIPO,263752.39
146,96,2,88247410,05/05/2015 00:00,05/05/2015 00:00,CHUBB DE MEXICO COMPAÑIA AFIAM,05/05/2016 00:00,,CUMPLIMIENTO,706320.51
147,96,1,88247405,05/05/2015 00:00,05/05/2015 00:00,CHUBB DE MEXICO COMPAÑIA AFIAM,05/05/2016 00:00,,30% ANTICIPO,2118961.52
148,97,2,88247488,05/05/2015 00:00,05/05/2015 00:00,CHUBB DE MEXICO COMPAÑIA AFIAN,05/05/2016 00:00,,CUMPLIMIENTO,1010014.09
149,97,1,88247489,05/05/2015 00:00,05/05/2015 00:00,CHUBB DE MEXICO COMPAÑIA AFIAN,05/05/2016 00:00,,30% ANTICIPO,3030042.27
150,98,1,4143-0165-5,05/05/2015 00:00,05/05/2015 00:00,"AFIANZADORA ASERTA, S.A. DE C.",05/05/2016 00:00,,30% ANTICIPO,6478527.35
151,98,2,4143-021167-7,05/05/2015 00:00,05/05/2015 00:00,"AFIANZADORA ASERTA, S.A. DE C.",05/05/2016 00:00,,CUMPLIMIENTO,2159509.11
152,91,1,1576289,12/05/2015 00:00,12/05/2015 00:00,"PRIMERO FIANZAS, S.A. DE C.V.",12/05/2016 00:00,,30% ANTICIPO,3225769.7
153,91,2,1576290,12/05/2015 00:00,12/05/2015 00:00,"PRIMERO FIANZAS, S.A. DE C.V.",12/05/2016 00:00,,CUMPLIMIENTO,1075256.56
154,80,2,1901892,07/05/2015 00:00,07/05/2015 00:00,"AFIANZADORA SOFIMEX, S.A.",07/05/2016 00:00,,CUMPLIMIENTO,36257.93
155,80,1,1901885,07/05/2015 00:00,07/05/2015 00:00,"AFIANZADORA SOFIMEX, S.A.",07/05/2016 00:00,,30% ANTICIPO,108773.8
156,79,1,88248222,07/05/2015 00:00,07/05/2015 00:00,CHUBB DE MEXICO COMPAÑIA AFIAN,07/05/2016 00:00,,30% ANTICIPO,156818.17
157,79,2,88248225,07/05/2015 00:00,07/05/2015 00:00,CHUBB DE MEXICO COMPAÑIA AFIAN,07/05/2016 00:00,,CUMPLIMIENTO,52272.72
158,84,2,88248033,11/05/2015 00:00,11/05/2015 00:00,CHUBB DE MEXICO COMPAÑIA AFIAN,11/05/2016 00:00,,CUMPLIMIENTO,80051.74
159,84,1,88248029,11/05/2015 00:00,11/05/2015 00:00,CHUBB DE MEXICO COMPAÑIA AFIAN,11/05/2016 00:00,,30% ANTICIPO,240155.24
160,88,1,1904622,11/05/2015 00:00,11/05/2015 00:00,"AFIANZADORA SOFIMEX, S.A.",11/05/2016 00:00,,30% ANTICIPO,94420.41
161,88,2,1904635,11/05/2015 00:00,11/05/2015 00:00,"AFIANZADORA SOFIMEX, S.A.",11/05/2016 00:00,,CUMPLIMIENTO,31473.47
162,92,1,88248796,12/05/2015 00:00,12/05/2015 00:00,CHUBB DE MEXICO COMPAÑIA AFIAN,12/05/2016 00:00,,30% ANTICIPO,3320180.45
163,92,2,88248800,12/05/2015 00:00,12/05/2015 00:00,CHUBB DE MEXICO COMPAÑIA AFIAN,12/05/2016 00:00,,CUMPLIMIENTO,1106726.82
164,85,2,1618022,12/05/2015 00:00,12/05/2015 00:00,"ACE FIANZAS MONTERREY, S.A.",12/05/2016 00:00,,CUMPLIMIENTO,107224.47
165,85,1,1618020,12/05/2015 00:00,12/05/2015 00:00,"ACE FIANZAS MONTERREY, S.A.",12/05/2016 00:00,,30% ANTICIPO,321673
166,83,2,1619009,15/05/2015 00:00,15/05/2015 00:00,"ACE FIANZAS MONTERREY, S.A.",15/05/2016 00:00,,CUMPLIMIENTO,128906.94
167,83,1,1619007,15/05/2015 00:00,15/05/2015 00:00,"ACE FIANZAS MONTERREY, S.A.",15/05/2016 00:00,,30% ANTICIPO,386720.81
168,94,1,1578073,15/05/2015 00:00,15/05/2015 00:00,"PRIMERO FIANZAS, S.A. DE C.V.",15/05/2016 00:00,,30% ANTICIPO,1350557.91
169,94,2,1578074,15/05/2015 00:00,15/05/2015 00:00,"PRIMERO FIANZAS, S.A. DE C.V.",15/05/2016 00:00,,CUMPLIMIENTO,450185.97
170,86,2,88249736,22/05/2015 00:00,22/05/2015 00:00,CHUBB DE MEXICO COMPAÑIA AFIAN,22/05/2016 00:00,,CUMPLIMIENTO,296086.61
171,86,1,88249739,22/05/2015 00:00,22/05/2015 00:00,CHUBB DE MEXICO COMPAÑIA AFIAN,22/05/2016 00:00,,30% ANTICIPÓ,888259.85
172,81,2,553620,22/05/2015 00:00,22/05/2015 00:00,"FIANZAS DORAMA, S.A.",22/05/2016 00:00,,CUMPLIMIENTO,253459.8
173,81,1,553609,22/05/2015 00:00,22/05/2015 00:00,"FIANZAS DORAMA, S.A.",22/05/2016 00:00,,30% ANTICIPO,760379.39
174,89,1,553049,27/05/2015 00:00,27/05/2015 00:00,"FIANZAS DORAMA, S.A.",27/05/2016 00:00,,30% ANTICIPO,119988.99
175,89,2,553051,27/05/2015 00:00,27/05/2015 00:00,"FIANZAS DORAMA, S.A.",27/05/2016 00:00,,CUMPLIMIENTO,39996.32
176,87,1,10083-00202-6,01/06/2015 00:00,01/06/2015 00:00,"AFIANZADORA INSURGENTES, S.A.",01/06/2016 00:00,,30% ANTICIPO,259407.47
177,87,2,10083-00203-5,01/06/2015 00:00,01/06/2015 00:00,"AFIANZADORA INSURGENTES, S.A.",01/06/2016 00:00,,CUMPLIMIENTO,86469.15
178,145,1,88250742,01/06/2015 00:00,01/06/2015 00:00,CHUBB DE MEXICO COMPAÑIA AFIAN,01/06/2016 00:00,,30% ANTICIPO,148182.08
179,145,2,88250745,01/06/2015 00:00,01/06/2015 00:00,CHUBB DE MEXICO COMPAÑIA AFIAN,01/06/2016 00:00,,CUMPLIMIENTO,49394.03
180,99,2,4197-00111-4,05/06/2015 00:00,05/06/2015 00:00,"AFIANZADORA ASERTA, S.A. DE C.",05/06/2016 00:00,,CUMPLIMIENTO,282124.62
181,99,1,4197-00110-7,05/06/2015 00:00,05/06/2015 00:00,"AFIANZADORA ASERTA, S.A. DE C.",05/06/2016 00:00,,30% ANTICIPO,846373.88
182,101,2,1910913,08/06/2015 00:00,08/06/2015 00:00,"AFIANZADORA SOFIMEX, S.A.",08/06/2016 00:00,,CUMPLIMIENTO,21104.18
183,101,1,1910906,08/06/2015 00:00,08/06/2015 00:00,"AFIANZADORA SOFIMEX, S.A.",08/06/2016 00:00,,30% ANTICIPO,63312.56
184,111,2,88252162,08/06/2015 00:00,08/06/2015 00:00,CHUBB DE MEXICO COMPAÑIA AFIAN,08/06/2016 00:00,,CUMPLIMIENTO,23592.78
185,102,1,556784,10/06/2015 00:00,10/06/2015 00:00,"FIANZAS DORAMA, S.A.",10/06/2016 00:00,,30% ANTICIPO,492229.9
186,102,2,556872,10/06/2015 00:00,10/06/2015 00:00,"FIANZAS DORAMA, S.A.",10/06/2016 00:00,,CUMPLIMIENTO,164076.63
187,104,1,1626065,10/06/2015 00:00,10/06/2015 00:00,"ACE FIANZAS MONTERREY, S.A.",10/06/2016 00:00,,30% ANTICIPO,540725.94
188,104,2,1626067,10/06/2015 00:00,10/06/2015 00:00,"ACE FIANZAS MONTERREY, S.A.",10/06/2016 00:00,,CUMPLIMIENTO,180241.98
189,112,1,88252614,15/06/2015 00:00,15/06/2015 00:00,CHUBB DE MEXICO COMPAÑIA AFIAN,15/06/2016 00:00,,30% ANTICIPO,306109.13
190,112,2,88252615,15/06/2015 00:00,15/06/2015 00:00,CHUBB DE MEXICO COMPAÑIA AFIAN,15/06/2016 00:00,,CUMPLIMIENTO,102306.38
191,109,1,1628244,15/06/2015 00:00,15/06/2015 00:00,"ACE FIANZAS MONTERREY, S.A.",15/06/2016 00:00,,30% ANTICIPO,405659.78
192,109,2,1628245,15/06/2015 00:00,15/06/2015 00:00,"ACE FIANZAS MONTERREY, S.A.",15/06/2016 00:00,,CUMPLIMIENTO,135219.92
193,113,2,1627143,15/06/2015 00:00,15/06/2015 00:00,"ACE FIANZAS MONTERREY, S.A. DE",15/06/2016 00:00,,CUMPLIMIENTO,106987.44
194,113,1,1627149,15/06/2015 00:00,15/06/2015 00:00,"ACE FIANZAS MONTERREY, S.A. DE",15/06/2016 00:00,,30% ANTICIPO,320962.31
195,113,1,1627143-AMP,15/06/2015 00:00,15/06/2015 00:00,"ACE FIANZAS MONTERREY, S.A.",15/06/2016 00:00,,AMPLIACION,125245.49
196,103,2,798AV0015,15/06/2015 00:00,15/06/2015 00:00,"FIANZAS DORAMA, S.A.",15/06/2016 00:00,,CUMPLIMIENTO,9244.27
197,103,1,796AV0015,15/06/2015 00:00,15/06/2015 00:00,"FIANZAS DORAMA, S.A.",15/06/2016 00:00,,30% ANTICIPO,27752.27
198,105,2,III-475351-RC,16/06/2015 00:00,16/06/2015 00:00,"FIANZAS ATLAS, S.A.",16/06/2016 00:00,,CUMPLIMIENTO,2917.5
199,105,1,III-475349-RC,16/06/2015 00:00,16/06/2015 00:00,"FIANZAS ATLAS, S.A.",16/06/2016 00:00,,30% ANTICIPO,5968.5
200,110,2,1628700,16/06/2015 00:00,16/06/2015 00:00,"ACE FIANZAS MONTEREY, S.A.",16/06/2016 00:00,,CUMPLIMIENTO,52490.64
201,110,1,1628696,16/06/2015 00:00,16/06/2015 00:00,"ACE FIANZAS MONTEREY, S.A.",16/06/2016 00:00,,30% ANTICIPO,157471.92
202,107,1,1912496,16/06/2015 00:00,16/06/2015 00:00,"AFIANZADORA SOFIMEX, S.A.",16/06/2016 00:00,,30% ANTICIPO,177795.75
203,107,2,1912500,16/06/2015 00:00,16/06/2015 00:00,"AFIANZADORA SOFIMEX, S.A.",16/06/2016 00:00,,CUMPLIMIENTO,59265.24
204,108,1,88253119,16/06/2015 00:00,16/06/2015 00:00,CHUBB DE MEXICO COMPAÑIA AFIAN,16/06/2016 00:00,,30% ANTICIPO,344379.85
205,108,2,88253118,16/06/2015 00:00,16/06/2015 00:00,CHUBB DE MEXICO COMPAÑIA AFIAN,16/06/2016 00:00,,CUMPLIMIENTO,114793.28
206,128,1,10124-00004-2,24/06/2015 00:00,24/06/2015 00:00,"AFIANZADORA INSURGENTES, S.A.",24/06/2016 00:00,,30% ANTICIPO,2952813.87
207,128,2,4197-00115-2,24/06/2015 00:00,24/06/2015 00:00,"AFIANZADORA INSURGENTES, S.A.",24/06/2016 00:00,,CUMPLIMIENTO,984271.29
208,106,2,560229,24/06/2015 00:00,24/06/2015 00:00,"FIANZAS DORAMA, S.A.",24/06/2016 00:00,,CUMPLIMIENTO,3073.05
209,129,1,88254109,25/06/2015 00:00,25/06/2015 00:00,CHUBB DE MEXICO COMPAÑIA AFIAN,25/06/2016 00:00,,30% ANTICIPO,622726.42
210,129,2,88254108,25/06/2015 00:00,25/06/2015 00:00,CHUBB DE MEXICO COMPAÑIA AFIAN,25/06/2016 00:00,,CUMPLIMIENTO,207575.47
211,155,1,88254434,25/06/2015 00:00,25/06/2015 00:00,CHUBB DE MEXICO COMPAÑIA AFIAB,25/06/2016 00:00,,30% ANTICIPO,435941.52
212,155,2,88254436,25/06/2015 00:00,25/06/2015 00:00,CHUBB DE MEXICO COMPAÑIA AFIAB,25/06/2016 00:00,,CUMPLIMIENTO,145313.83
213,114,2,33544-00056-5,30/06/2015 00:00,30/06/2015 00:00,"AFIANZADORA ASERTA, S.A. DE C.",30/06/2016 00:00,,CUMPLIMIENTO,338001.68
214,114,1,3344-00055-8,30/06/2015 00:00,30/06/2015 00:00,"AFIANZADORA ASERTA, S.A. DE C.",30/06/2016 00:00,,30% ANTICIPO,1014005.06
215,118,2,4197-00127-7,09/07/2015 00:00,09/07/2015 00:00,"AFIANZADORA ASERTA, S.A. DE C.",09/07/2016 00:00,,CUMPLIMIENTO,142099.55
216,118,1,4197-00122-2,09/07/2015 00:00,09/07/2015 00:00,"AFIANZADORA ASERTA, S.A. DE C.",09/07/2016 00:00,,30% ANTICIPO,426298.68
217,116,2,1632751,06/07/2015 00:00,06/07/2015 00:00,"ACE FIANZAS MONTERREY, S.A.",06/07/2016 00:00,,CUMPLIMIENTO,174048.23
218,116,1,1632744,06/07/2015 00:00,06/07/2015 00:00,"ACE FIANZAS MONTERREY, S.A.",06/07/2016 00:00,,30% ANTICIPO,522144.68
219,115,1,1635082,08/07/2015 00:00,08/07/2015 00:00,"ACE FIUANZAS MONTERREY, S.A.",08/07/2016 00:00,,30% ANTICIPO,76861.51
220,115,2,1635086,08/07/2015 00:00,08/07/2015 00:00,"ACE FIUANZAS MONTERREY, S.A.",08/07/2016 00:00,,CUMPLIMIENTO,24227.17
221,117,1,88256261,08/07/2015 00:00,08/07/2015 00:00,CHUBB DE MEXICO COMPAÑIA AFIAN,08/07/2016 00:00,,30% ANTICIPO,364391.32
222,117,2,88256266,08/07/2015 00:00,08/07/2015 00:00,CHUBB DE MEXICO COMPAÑIA AFIAN,08/07/2016 00:00,,CUMPLIMIENTO,121463.77
223,123,1,4197-00124-8,09/07/2015 00:00,09/07/2015 00:00,"AFIANZADORA ASERTA, S.A. DE C.",09/07/2016 00:00,,30% ANTICIPO,276950.46
224,123,2,4197-00125-7,09/07/2015 00:00,09/07/2015 00:00,"AFIANZADORA ASERTA, S.A. DE C.",09/07/2016 00:00,,CUMPLIMIENTO,92316.81
225,127,1,3073-03386-7,09/07/2015 00:00,09/07/2015 00:00,"AFIANZADORA ASERTA, S.A. DE C.",09/07/2016 00:00,,30% ANTICIPO,802797.85
226,127,2,3073-03387-4,09/07/2015 00:00,09/07/2015 00:00,"AFIANZADORA ASERTA, S.A. DE C.",09/07/2016 00:00,,CUMPLIMIENTO,267599.28
227,126,2,88256580,13/07/2015 00:00,13/07/2015 00:00,CHIUBB DE MEXICO COMPAÑIA AFIa,13/07/2016 00:00,,CUMPLIMIENTO,92197.63
228,126,1,88256581,13/07/2015 00:00,13/07/2015 00:00,CHIUBB DE MEXICO COMPAÑIA AFIa,13/07/2016 00:00,,30% anticipo,276592.92
229,120,2,1636410,22/07/2015 00:00,22/07/2015 00:00,"ACE FIANZAS MONTERREY, S.A.",22/07/2016 00:00,,CUMPLIMIENTO,41168.36
230,120,1,1636416,22/07/2015 00:00,22/07/2015 00:00,"ACE FIANZAS MONTERREY, S.A.",22/07/2016 00:00,,30% ANTICIPO,123505.08
231,121,2,1636487,17/07/2015 00:00,17/07/2015 00:00,"ACE FIANZAS MONTERREY, S.A. DE",17/07/2016 00:00,,CUMPLIMIENTO,237388.84
232,121,1,1636483,17/07/2015 00:00,17/07/2015 00:00,"ACE FIANZAS MONTERREY, S.A. DE",17/07/2016 00:00,,30% ANTICIPO,712166.52
233,121,2,1636487-1ER AMP,14/11/2015 00:00,14/11/2015 00:00,"ACE FIANZAS MONTERREY, S.A.",14/11/2016 00:00,,CUMPLIMIENTO,344824.37
234,121,1,1636483-1ER AMP,14/11/2015 00:00,14/11/2015 00:00,"ACE FIANZAS MONTERREY, S.A.",14/11/2016 00:00,,30% ANTICIPO,1034473.1
235,121,2,1636487-2DA AMP,14/11/2015 00:00,14/11/2015 00:00,"ACE FIANZAS MONTERREY, S.A.",14/11/2016 00:00,,CUMPLIMIENTO,424269.48
236,121,1,1636483-2DA AMP,14/11/2015 00:00,14/11/2015 00:00,"ACE FIANZAS MONTERREY, S.A.",14/11/2016 00:00,,30% ANTICIPO,1272808.43
237,119,2,88256937,17/07/2015 00:00,17/07/2015 00:00,CHUBB DE MEXICO COMPAÑIA AFIAM,17/07/2016 00:00,,CUMPLIMIENTO,205882.22
238,119,1,88256938,17/07/2015 00:00,17/07/2015 00:00,CHUBB DE MEXICO COMPAÑIA AFIAM,17/07/2016 00:00,,30% ANTICIPO,617646.69
239,133,2,88257491,17/07/2015 00:00,17/07/2015 00:00,CHUBB DE MEXICO COMPAÑIA AFIAN,17/07/2016 00:00,,CUMPLIMIENTO,135243.16
240,133,1,88257486,17/07/2015 00:00,17/07/2015 00:00,CHUBB DE MEXICO COMPAÑIA AFIAN,17/07/2016 00:00,,30% ANTICIPO,405729.49
241,125,1,1611671,22/07/2015 00:00,22/07/2015 00:00,"PRIMERO FIANZAS, S.A. DE C.V.",22/07/2016 00:00,,30% ANTICIPO,221904.4
242,125,2,1611670,22/07/2015 00:00,22/07/2015 00:00,"PRIMERO FIANZAS, S.A. DE C.V.",22/07/2016 00:00,,CUMPLIMIENTO,73968.13
243,130,1,1921758,22/07/2015 00:00,22/07/2015 00:00,"AFIANZADORA SOFIMEX, S.A.",22/07/2016 00:00,,30% ANTICIPÓ,59208.01
244,130,2,1921762,22/07/2015 00:00,22/07/2015 00:00,"AFIANZADORA SOFIMEX, S.A.",22/07/2016 00:00,,CUMPLIMIENTO,19736
245,149,2,1640171,24/07/2015 00:00,24/07/2015 00:00,"ACE FIANZAS MONTERREY, S.A.",24/07/2016 00:00,,CUMPLIMIENTO,66864.92
246,149,1,1640172,24/07/2015 00:00,24/07/2015 00:00,"ACE FIANZAS MONTERREY, S.A.",24/07/2016 00:00,,30% ANTICIPO,200594.79
247,122,2,1611798,24/07/2015 00:00,24/07/2015 00:00,"PRIMERO FIANZAS, S.A. DE C.V.",24/07/2016 00:00,,CUMPLIMIENTO,49999.86
248,122,1,1611799,24/07/2015 00:00,24/07/2015 00:00,"PRIMERO FIANZAS, S.A. DE C.V.",24/07/2016 00:00,,30% ANTICIPO,149999.59
249,159,1,1589568,24/07/2015 00:00,24/07/2015 00:00,"PRIMERO FIANZAS, S.A. DE C.V.",24/07/2016 00:00,,30% ANTICIPO,289713.22
250,159,2,1589567,24/07/2015 00:00,24/07/2015 00:00,"PRIMERO FIANZAS, S.A. DE C.V.",24/07/2016 00:00,,CUMPLIMIENTO,96571.07
251,153,2,88257858,24/07/2015 00:00,24/07/2015 00:00,CHUBB DE MEXICO COMPAÑIA AFIAN,24/07/2016 00:00,,CUMPLIMIENTO,32045.07
252,143,2,4197-00130-5,24/07/2015 00:00,24/07/2015 00:00,"AFIANZADORA ASERTA, S.A. DE C.",24/07/2016 00:00,,CUMPLIMIENTO,29664.54
253,144,1,88258726,28/07/2015 00:00,28/07/2015 00:00,CHUBB DE MEXICO COMPAÑIA AFIAJ,28/07/2016 00:00,,30% ANTICIPO,990672.64
254,144,2,88258732,28/07/2015 00:00,28/07/2015 00:00,CHUBB DE MEXICO COMPAÑIA AFIAN,28/07/2016 00:00,,CUMPLIMIENTO,330224.21
255,148,1,88259136,28/07/2015 00:00,28/07/2015 00:00,CHUBB DE MEXICO COMPAÑIA AFIAN,28/07/2016 00:00,,30% ANTICIPO,557569.53
256,148,2,88259143,28/07/2015 00:00,28/07/2015 00:00,CHUBB DE MEXICO COMPAÑIA AFIAN,28/07/2016 00:00,,CUMPLIMIENTO,185856.51
257,139,2,88258491,28/07/2015 00:00,28/07/2015 00:00,CHUBB DE MEXICO COMPAÑIA AFIAN,28/07/2016 00:00,,CUMPLIMIENTO,137878.62
258,139,1,88258492,28/07/2015 00:00,28/07/2015 00:00,CHUBB DE MEXICO COMPAÑIA AFIAN,28/07/2016 00:00,,30% ANTICIPO,413635.88
259,134,1,III-477204-RC,30/07/2015 00:00,30/07/2015 00:00,"FIANZAS ATLAS, S.A.",30/07/2016 00:00,,30% ANTICIPO,59593.97
260,134,2,III-477206-RC,30/07/2015 00:00,30/07/2015 00:00,"FIANZAS ATLAS, S.A.",30/07/2016 00:00,,CUMPLIMIENTO,19864.65
261,134,2,III-477206-RC AMP,12/10/2015 00:00,12/10/2015 00:00,"FIANZA ATLAS, S.A.",12/10/2016 00:00,,CUMP AMPLIACION,1411.05
262,152,1,1639079,30/07/2015 00:00,30/07/2015 00:00,"ACE FIANZAS MONTERREY, S.A.",30/07/2016 00:00,,30% ANTICIPO,996754
263,152,2,1639081,30/07/2015 00:00,30/07/2015 00:00,"ACE FIANZAS MONTERREY, S.A.",30/07/2016 00:00,,CUMPLIMIENTO,332251.33
264,147,1,88258673,30/07/2015 00:00,30/07/2015 00:00,CHUBB DE MEXICO COMPAÑIA AFIAN,30/07/2016 00:00,,30% ANTICIPO,1042983.79
265,147,2,88258672,30/07/2015 00:00,30/07/2015 00:00,CHUBB DE MEXICO COMPAÑIA AFIAN,30/07/2016 00:00,,CUMPLIMIENTO,347661.26
266,146,2,88259084,30/07/2015 00:00,30/07/2015 00:00,CHUBB DE MEXICO COMPAÑIA AFIAN,30/07/2016 00:00,,CUMPLIMIENTO,171851.05
267,146,1,88258919,30/07/2015 00:00,30/07/2015 00:00,CHUBB DE MEXICO COMPAÑIA AFIAN,30/07/2016 00:00,,30% ANTICIPO,515553.15
268,132,1,88258678,30/07/2015 00:00,30/07/2015 00:00,CH8BB DE MEXICO COMPAÑIA AFIAN,30/07/2016 00:00,,30% ANTICIPO,423072.39
269,132,2,88258677,30/07/2015 00:00,30/07/2015 00:00,CH8BB DE MEXICO COMPAÑIA AFIAN,30/07/2016 00:00,,CUMPLIMIENTO,141024.13
270,137,1,1640928,31/07/2015 00:00,31/07/2015 00:00,"ACE FIANZAS MONTERREY, S.A.",31/07/2016 00:00,,30% ANTICIPO,65026.75
271,137,2,1640937,31/07/2015 00:00,31/07/2015 00:00,"ACE FIANZAS MONTERREY, S.A.",31/07/2016 00:00,,CUMPLIMIENTO,21675.58
272,138,1,1640565,05/08/2015 00:00,05/08/2015 00:00,"ACE FIANZAS MONTERREY, S.A.",05/08/2016 00:00,,30% ANTICIPO,304482.49
273,138,2,1640562,05/08/2015 00:00,05/08/2015 00:00,"ACE FIANZAS MONTERREY, S.A.",05/08/2016 00:00,,CUMPLIMIENTO,101494.16
274,131,2,3270-01225-8,05/08/2015 00:00,05/08/2015 00:00,"AFIANZADORA ASERTA, S.A. DE C.",05/08/2016 00:00,,CUMPLIMIENTO,928723.85
275,151,1,88259705,05/08/2015 00:00,05/08/2015 00:00,CHUBB DE MEXICO COMPAÑIA AFIAN,05/08/2016 00:00,,30% ANTICIPO,293257.59
276,151,2,88259712,05/08/2015 00:00,05/08/2015 00:00,CHUBB DE MEXICO COMPAÑIA AFIAN,05/08/2016 00:00,,CUMPLIMIENTO,97752.53
277,158,2,1589598,06/08/2015 00:00,06/08/2015 00:00,"PRIMERO FIANZAS, S.A. DE C.V.",06/08/2016 00:00,,CUMPLIMIENTO,101142.55
278,158,1,1630110,06/08/2015 00:00,06/08/2015 00:00,"PRIMERO FIANZAS, S.A. DE C.V.",06/08/2016 00:00,,30% ANTICIPO,303427.65
279,142,1,III-477190-RC,06/08/2015 00:00,06/08/2015 00:00,"FIANZAS ATLAS, S.A.",06/08/2016 00:00,,30% ANTICIPO,125186.79
280,142,2,III-477192-RC,06/08/2015 00:00,06/08/2015 00:00,"FIANZAS ATLAS, S.A.",06/08/2016 00:00,,CUMPLIMIENTO,41728.93
281,135,1,1641110,07/08/2015 00:00,07/08/2015 00:00,"ACE FIANZAS MONTERREY, S.A.",07/08/2016 00:00,,30% ANTICIPO,236586.15
282,135,2,1641114,07/08/2015 00:00,07/08/2015 00:00,"ACE FIANZAS MONTERREY, S.A.",07/08/2016 00:00,,CUMPLIMIENTO,78862.05
283,141,1,1641259,11/08/2015 00:00,11/08/2015 00:00,"ACE FIANZAS MONTERREY, S.A.",11/08/2016 00:00,,30% ANTICIPO,252664.07
284,141,2,1641263,11/08/2015 00:00,11/08/2015 00:00,"ACE FIANZAS MONTERREY, S.A.",11/08/2016 00:00,,CUMPLIMIENTO,84221.36
285,150,1,III-477387-RC,11/07/2015 00:00,11/07/2015 00:00,"FIANZAS ATLAS, S.A.",11/07/2016 00:00,,30% ANTICIPO,310553.81
286,150,2,III-477388-RC,11/07/2015 00:00,11/07/2015 00:00,"FIANZAS ATLAS, S.A.",11/07/2016 00:00,,CUMPLIMIENTO,103517.93
287,162,2,88259874,11/08/2015 00:00,11/08/2015 00:00,CHUBB DE MEXICO COMPAÑIA AFIAN,11/08/2016 00:00,,CUMPLIMIENTO,39303.13
288,162,1,88259875,11/08/2015 00:00,11/08/2015 00:00,CHUBB DE MEXICO COMPAÑIA AFIAN,11/08/2016 00:00,,30% ANTICIPO,11799.42
289,156,1,1927583,12/08/2015 00:00,12/08/2015 00:00,"AFIANZADORA SOFIMEX, S.A.",12/08/2016 00:00,,30% ANTICIPO,1053975.81
290,156,2,1927658,12/08/2015 00:00,12/08/2015 00:00,"AFIANZADORA SOFIMEX, S.A.",12/08/2016 00:00,,CUMPLIMIENTO,351325.27
291,157,1,III-477413-RC,12/08/2015 00:00,12/08/2015 00:00,"FIANZAS ATLAS, S.A. DE C.V.",12/08/2016 00:00,,30% ANTICIPO,521703.23
292,157,1,III-477413-RC,12/08/2015 00:00,12/08/2015 00:00,"FIANZAS ATLAS, S.A. DE C.V.",12/08/2016 00:00,,30% ANTICIPO,52173.23
293,160,2,573516,12/08/2015 00:00,12/08/2015 00:00,"FIANZAS DORAMA, S.A. DE C.V.",12/08/2016 00:00,,CUMPLIMIENTO,185037.5
294,160,1,573519,12/08/2015 00:00,12/08/2015 00:00,"FIANZAS DORAMA, S.A. DE C.V.",12/08/2016 00:00,,30% ANTICIPO,555112.52
295,161,2,1930209,19/08/2015 00:00,19/08/2015 00:00,"AFIANZADORA SOFIMEX, S.A.",19/08/2016 00:00,,CUMPLIMIENTO,68062.19
296,161,1,1930194,19/08/2015 00:00,19/08/2015 00:00,"AFIANZADORA SOFIMEX, S.A.",19/08/2016 00:00,,30% ANTICIPO,204186.6
297,165,2,3449-00473-2,24/08/2015 00:00,24/08/2015 00:00,"AFIANZADORA ASERTA, S.A. DE C.",24/08/2016 00:00,,CUMPLIMIENTO,32255.34
298,165,1,3449-00472-3,24/08/2015 00:00,24/08/2015 00:00,"AFIANZADORA ASERTA, S.A. DE C.",24/08/2016 00:00,,30% ANTICIPO,96766.02
299,163,1,88261282,24/08/2015 00:00,24/08/2015 00:00,CHUBB DE MEXICO COMPAÑIA AFIAN,24/08/2016 00:00,,30% ANTICIPO,496835
300,163,2,88261285,24/08/2015 00:00,24/08/2015 00:00,CHUBB DE MEXICO COMPAÑIA AFIAN,24/08/2016 00:00,,CUMPLIMIENT0,165611.66
301,163,2,88261285-AMP,09/11/2015 00:00,09/11/2015 00:00,CHUBB DE MEXICO COMPAÑIA AFIAN,09/11/2016 00:00,,CUMPLIMIENTO,217806.29
302,166,1,1620079,26/08/2015 00:00,26/08/2015 00:00,"PRIMERO FIANZAS, S.A. DE C.V.",26/08/2016 00:00,,30% ANTICIPO,332671.69
303,166,2,1620078,26/08/2015 00:00,26/08/2015 00:00,"PRIMERO FIANZAS, S.A. DE C.V.",26/08/2016 00:00,,CUMPLIMIENTO,110890.56
304,167,1,1255-00405-6,27/08/2015 00:00,27/08/2015 00:00,"AFIANZADORA ASERTA, S.A. DE C.",27/08/2016 00:00,,30% ANTICIPO,134077.61
305,167,2,1255-00406-5,27/08/2015 00:00,27/08/2015 00:00,"AFIANZADORA ASERTA, S.A. DE C.",27/08/2016 00:00,,CUMPLIMIENTO,44692.54
306,171,2,578221,31/08/2015 00:00,31/08/2015 00:00,"FIANZAS DORAMA, S.A. DE C.V.",31/08/2016 00:00,,CUMPLIMIENTO,67519.27
307,171,1,578216,31/08/2015 00:00,31/08/2015 00:00,"FIANZAS DORAMA, S.A. DE C.V.",31/08/2016 00:00,,30% ANTICIPO,202557.8
308,180,1,88262756,31/08/2015 00:00,31/08/2015 00:00,CHUBB DE MEXICO COMPAÑIA AFIAN,31/08/2016 00:00,,30% ANTICIPO,674534.81
309,180,2,88262754,31/08/2015 00:00,31/08/2015 00:00,CHUBB DE MEXICO COMPAÑIA AFIAN,31/08/2016 00:00,,CUMPLIMIENTO,224844.93
310,181,1,19833400,31/08/2015 00:00,31/08/2015 00:00,"AFIANZADORA SOFIMEX, S.A.",31/08/2016 00:00,,30% ANTICIPO,632203.86
311,181,2,1932519,31/08/2015 00:00,31/08/2015 00:00,"AFIANZADORA SOFIMEX, S.A.",31/08/2016 00:00,,CUMPLIMIENTO,210734.62
312,178,2,1647997,31/08/2015 00:00,31/08/2015 00:00,"ACE FIANZAS MONTERREY, S.A.",31/08/2016 00:00,,CUMPLIMIENTO,249958.78
313,178,1,1647995,31/08/2015 00:00,31/08/2015 00:00,"ACE FIANZAS MONTERREY, S.A.",31/08/2016 00:00,,30% ANTICIPO,749876.35
314,182,1,1932533,31/08/2015 00:00,31/08/2015 00:00,"AFIANZADORA SOFIMEX, S.A.",31/08/2016 00:00,,30% ANTICIPO,414143.97
315,182,2,1932542,31/08/2015 00:00,31/08/2015 00:00,"AFIANZADORA SOFIMEX, S.A.",31/08/2016 00:00,,CUMPLIMIENTO,138047.99
316,170,2,88262085,31/08/2015 00:00,31/08/2015 00:00,CHUBB DE MEXICO COMPAÑIA AFIAN,31/08/2016 00:00,,CUMPLIMIENTO,114926.8
317,170,1,88262082,31/08/2015 00:00,31/08/2015 00:00,CHUBB DE MEXICO COMPAÑIA AFIAN,31/08/2016 00:00,,30% ANTICIPO,344780.4
318,189,1,88262329,31/08/2015 00:00,31/08/2015 00:00,CHUBB DE MEXICO COMPAÑIA AFIAN,31/08/2016 00:00,,30% ANTICIPO,356178.46
319,189,2,88262334,31/08/2015 00:00,31/08/2015 00:00,CHUBB DE MEXICO COMPAÑIA AFIAN,31/08/2016 00:00,,CUMPLIMIENTO,118726.15
320,183,1,4197-00141-1,03/09/2015 00:00,03/09/2015 00:00,"AFINZADORA ASERTA, S.A. DE C.V",03/09/2016 00:00,,30% ANTICIPO,349891.93
321,183,2,4197-00142-0,03/09/2015 00:00,03/09/2015 00:00,"AFINZADORA ASERTA, S.A. DE C.V",03/09/2016 00:00,,CUMPLIMIENTO,116630.64
322,179,2,3344-00065-5,31/08/2015 00:00,31/08/2015 00:00,"AFIANZADORA ASERTA, S.A. DE C.",31/08/2016 00:00,,CUMPLIMIENTO,100028.99
323,179,1,3344-00064-6,31/08/2015 00:00,31/08/2015 00:00,"AFIANZADORA ASERTA, S.A. DE C.",31/08/2016 00:00,,30%ANTICIPO,300086.98
324,179,2,3344-00065-5 AMP,29/12/2015 00:00,29/12/2015 00:00,"AFIANZADORA ASERTA, S.A. DE C.",29/12/2016 00:00,,CUMPLIMIENTO,27000
325,192,1,4197-00138-9,01/09/2015 00:00,01/09/2015 00:00,"AFIANZADORA ASERTA, S.A. DE C.",01/09/2016 00:00,,30% ANTICIPO,196233.55
326,192,2,4197-00139-0,01/09/2015 00:00,01/09/2015 00:00,"AFIANZADORA ASERTA, S.A. DE C.",01/09/2016 00:00,,CUMPLIMIENTO,65411.18
327,169,1,III-478262-RC,01/09/2013 00:00,01/09/2013 00:00,"FIANZAS ATLAS, S.A.",01/09/2014 00:00,,CUMLIMIENTO,113949.17
328,168,1,88262312,01/09/2015 00:00,01/09/2015 00:00,CHUBB DE MEXICO COMPAÑIA AFIAN,01/09/2016 00:00,,30% ANTICIPO,178803.2
329,168,2,88262315,01/09/2015 00:00,01/09/2015 00:00,CHUBB DE MEXICO COMPAÑIA AFIAN,01/09/2016 00:00,,CUMPLIMIENTO,59601.06
330,185,2,III-478485-RC,01/09/2015 00:00,01/09/2015 00:00,"FIANZAS ATLAS, S.A.",01/09/2016 00:00,,CUMPLIMIENTO,55062.09
331,185,1,III-478484-RC,01/09/2015 00:00,01/09/2015 00:00,"FIANZAS ATLAS, S.A.",01/09/2016 00:00,,30% ANTICIPO,165186.29
332,190,2,88262803,01/09/2015 00:00,01/09/2015 00:00,CHUBB DE MEXICO COMPAÑIA AFIAN,01/09/2016 00:00,,CUMPLIMIENTO,99395.46
333,190,1,88262801,01/09/2015 00:00,01/09/2015 00:00,CHUBB DE MEXICO COMPAÑIA AFIAN,01/09/2016 00:00,,30% ANTICIPO,298186.4
334,190,2,88262803-AMP,28/03/2016 00:00,28/03/2016 00:00,CHUBB DE MEXICO COMPAÑIA AFIAN,28/03/2017 00:00,,CUMPLIMIENTO AMP,99395.46
335,191,1,III-478251-RC,02/09/2015 00:00,02/09/2015 00:00,"FIANZAS ATLAS, S.A.",02/09/2016 00:00,,30% ANTICIPO,120000
336,191,2,III-478252-RC,02/09/2015 00:00,02/09/2015 00:00,"FIANZAS ATLAS, S.A.",02/09/2016 00:00,,CUMPLIMIENTO,40000
337,193,1,1625070,03/09/2015 00:00,03/09/2015 00:00,"PRMERO FIANZAS, S.A. DE C.V.",03/09/2016 00:00,,30% ANTICIPO,126262.38
338,193,2,1625069,03/09/2015 00:00,03/09/2015 00:00,"PRMERO FIANZAS, S.A. DE C.V.",03/09/2016 00:00,,CUMPLIMIENTO,42087.46
339,176,2,3344-0067-5,31/08/2015 00:00,31/08/2015 00:00,"AFIANZADORA ASERTA, S.A. DE C.",31/08/2016 00:00,,CUMPLIMIENTO,113706.29
340,176,1,3344-00066-8,31/08/2015 00:00,31/08/2015 00:00,"AFIANZADORA ASERTA, S.A. DE C.",31/08/2016 00:00,,30% ANTICIPO,341118.89
341,176,2,3344-00067-5 AMP,11/11/2015 00:00,11/11/2015 00:00,"AFIANZADORA ASERTA, S.A. DE C.",11/11/2016 00:00,,CUMPLIMIENTO,39048.84
342,177,1,III-478488-RC,31/08/2015 00:00,31/08/2015 00:00,"FIANZAS ATLAS, S.A.",31/08/2016 00:00,,30% ANTICIPO,233681.46
343,177,2,III-478489-RC,31/08/2015 00:00,31/08/2015 00:00,"FIANZAS ATLAS, S.A.",31/08/2016 00:00,,CUMPLIMIENTO,77893.81
344,229,1,1933018,04/09/2015 00:00,04/09/2015 00:00,"AFIANZADORA SOFIMEX, S.A.",04/09/2016 00:00,,30% ANTICIPO,782144.93
345,229,2,1933023,04/09/2015 00:00,04/09/2015 00:00,"AFIANZADORA SOFIMEX, S.A.",04/09/2016 00:00,,CUMPLIMIENTO,260714.98
346,184,1,579402,04/09/2015 00:00,04/09/2015 00:00,"FIANZAS DORAMA, S.A.",04/09/2016 00:00,,30% ANTICIPO,330020.98
347,184,2,579403,04/09/2015 00:00,04/09/2015 00:00,"FIANZAS DORAMA, S.A.",04/09/2016 00:00,,CUMPLIMIENTO,111006.99
348,187,2,1611778,08/09/2015 00:00,08/09/2015 00:00,"PRIMERO FIANZAS, S.A. DE C.V.",08/09/2016 00:00,,CUMPLIMIENTO,20389.16
349,187,1,1611777,08/09/2015 00:00,08/09/2015 00:00,"PRIMERO FIANZAS, S.A. DE C.V.",08/09/2016 00:00,,30% ANTICIPO,61167.48
350,186,2,1609785,08/09/2015 00:00,08/09/2015 00:00,"PRIMERO FIANZAS, S.A. DE C.V.",08/09/2016 00:00,,CUMPLIMIENTO,18345.52
351,194,2,88265428,08/09/2015 00:00,08/09/2015 00:00,"CHBB DE MEXICO, S.A. DE C.V.",08/09/2016 00:00,,CUMPLIMIENTO,49701.88
352,222,1,3848-06317-0,22/09/2016 00:00,22/09/2016 00:00,"AFIANZADORA ASERTA, S.A. DE C.",22/09/2017 00:00,,30% ANTICIPO,1316039.34
353,222,2,3848-06318-3,22/09/2016 00:00,22/09/2016 00:00,"AFIANZADORA ASERTA, S.A. DE C.",22/09/2017 00:00,,CUMPLIMIENTO,438679.78
354,215,1,1651913,18/09/2015 00:00,18/09/2015 00:00,"ACE FIANZAS MONTERREY, S.A.",18/09/2016 00:00,,30% ANTICIPO,268642.17
355,215,2,1651916,18/09/2015 00:00,18/09/2015 00:00,"ACE FIANZAS MONTERREY, S.A.",18/09/2016 00:00,,CUMPLIMIENTO,89547.39
356,195,1,1652281,18/09/2015 00:00,18/09/2015 00:00,"ACE FIANZAS MONTERRREY, S.A.",18/09/2016 00:00,,30% ANTICIPO,600673.37
357,195,2,1652284,18/09/2015 00:00,18/09/2015 00:00,"ACE FIANZAS MONTERRREY, S.A.",18/09/2016 00:00,,CUMPLIMIENTO,200224.45
358,231,2,88264609,18/09/2015 00:00,18/09/2015 00:00,CHUBB DE MEXICO COMPAÑIA AFIAN,18/09/2016 00:00,,CUMPLIMIENTO,104315.19
359,231,1,88264446,18/09/2015 00:00,18/09/2015 00:00,CHUBB DE MEXICO COMPAÑIA AFIAN,18/09/2016 00:00,,30% ANTICIPO,312945.57
360,220,2,10005-01401-8,22/09/2015 00:00,22/09/2015 00:00,"AFIANZADORA INSURGENTES, S.A.",22/09/2016 00:00,,CUMPLIMIENTO,43062.11
361,223,2,1936727,22/09/2015 00:00,22/09/2015 00:00,"AFIANZADORA SOFIMEX, S.A.",22/09/2016 00:00,,CUMPLIMIENTO,25663.4
362,223,1,1936724,22/09/2015 00:00,22/09/2015 00:00,"AFIANZADORA SOFIMEX, S.A.",22/09/2016 00:00,,30% ANTICIPO,76990.21
363,253,2,583262,23/09/2015 00:00,23/09/2015 00:00,"FIANZAS DORAMA, S.A.",23/09/2016 00:00,,CUMPLIMIENTO,19610.01
364,253,1,583259,23/09/2015 00:00,23/09/2015 00:00,"FIANZAS DORAMA, S.A.",23/09/2016 00:00,,30% ANTICIPO,58830.06
365,210,1,4197-0155-0,05/10/2015 00:00,05/10/2015 00:00,"AFIANZADORA ASERTA, S.A. DE C.",05/10/2016 00:00,,30% ANTICIPO,420479.09
366,210,2,4197-00154-3,05/10/2015 00:00,05/10/2015 00:00,"AFIANZADORA ASERTA, S.A. DE C.",05/10/2016 00:00,,CUMPLIMIENTO,140159.69
367,219,2,3344-00072-7,23/09/2015 00:00,23/09/2015 00:00,"AFIANZADORA ASERTA, S.A. DE C.",23/09/2016 00:00,,CUMPLIMIENTO,42878.93
368,196,2,10124-00008-2,25/09/2015 00:00,25/09/2015 00:00,"AFIANZADORA INSURGENTES, S.A.",25/09/2016 00:00,,CUMPLIMIENTO,116020.58
369,196,1,10124-00007-5,25/09/2015 00:00,25/09/2015 00:00,"AFIANZADORA INSURGENTES, S.A.",25/09/2016 00:00,,30% ANTICIPO,348061.77
370,196,2,10124-0008-2 AMP,26/10/2015 00:00,26/10/2015 00:00,"AFIANZADORA INSURGENTES, S.A.",26/10/2016 00:00,,CUMPLIMIENTO,134258.43
371,216,2,88265630,29/09/2015 00:00,29/09/2015 00:00,CHUBB DE MEXICO COMPAÑIA AFIAN,29/09/2016 00:00,,CUMPLIMIENTO,23325.39
372,216,1,88265632,29/09/2015 00:00,29/09/2015 00:00,CHUBB DE MEXICO COMPAÑIA AFIAN,29/09/2016 00:00,,30% ANTICIPO,69976.19
373,207,2,586338,29/09/2015 00:00,29/09/2015 00:00,"FIANZAS DORAMA, S.A.",29/09/2016 00:00,,CUMPLIMIENTO,3195.25
374,209,1,10124-00009-7,01/10/2015 00:00,01/10/2015 00:00,"AFIANZADORA INSURGENTES, S.A.",01/10/2016 00:00,,30% ANTICIPO,411208.73
375,209,2,10124-00010-3,01/10/2015 00:00,01/10/2015 00:00,"AFIANZADORA INSURGENTES, S.A.",01/10/2016 00:00,,CUMPLIMIENTO,137069.57
376,224,2,1654279,28/09/2015 00:00,28/09/2015 00:00,"ACE FIANZAS MONTERREY, S.A.",28/09/2016 00:00,,CUMPLIMIENTO,50173.09
377,221,2,1655270,05/10/2015 00:00,05/10/2015 00:00,"ACE FIANZAS MONTERREY, S.A.",05/10/2016 00:00,,CUMPLIMIENTO,28446.83
378,221,1,1655273,05/10/2015 00:00,05/10/2015 00:00,"ACE FIANZAS MONTERREY, S.A.",05/10/2016 00:00,,30% ANTICIPO,85340.49
379,208,1,585834,02/10/2015 00:00,02/10/2015 00:00,"FIANZAS DORAMA, S.A.",02/10/2016 00:00,,30% ANTICIPO,207935.55
380,208,2,585866,02/10/2015 00:00,02/10/2015 00:00,"FIANZAS DORAMA, S.A.",02/10/2016 00:00,,CUMPLIMIENTO,69311.85
381,212,2,3344-00074-5,02/10/2015 00:00,02/10/2015 00:00,"AFIANZADORA ASERTA, S.A. DE C.",02/10/2016 00:00,,CUMPLIMIENTO,51240.97
382,211,2,585300,06/10/2015 00:00,06/10/2015 00:00,"FIANZAS DORAMA, S.A.",06/10/2016 00:00,,CUMPLIMIENTO,38138.55
383,217,2,III-479322-RC,05/10/2015 00:00,05/10/2015 00:00,"FIANZAS ATLAS, S.A.",05/10/2016 00:00,,CUMPLIMIENTO,45720.4
384,217,1,III-479323-RC,05/10/2015 00:00,05/10/2015 00:00,"FIANZAS ATLAS, S.A.",05/10/2016 00:00,,30% ANTICIPO,137161.23
385,214,1,III-479839-RC,06/10/2015 00:00,06/10/2015 00:00,"FIANZAS ATLAS, S.A.",06/10/2016 00:00,,30% ANTICIPO,118592.96
386,214,2,III-479840,06/10/2015 00:00,06/10/2015 00:00,"FIANZAS ATLAS, S.A.",06/10/2016 00:00,,CUMPLIMIENTO,39530.98
387,202,2,1656179,06/10/2015 00:00,06/10/2015 00:00,ACE FIANZAS MONTERREY,06/10/2016 00:00,,CUMPLIMIENTO,35282.56
388,213,1,1628075,06/10/2015 00:00,06/10/2015 00:00,"PRIMERO FIANZAS, S.A. DE C.V.",06/10/2016 00:00,,30% ANTICIPO,248925.14
389,213,2,1628076,06/10/2015 00:00,06/10/2015 00:00,"PRIMERO FIANZAS, S.A. DE C.V.",06/10/2016 00:00,,CUMPLIMIENTO,82975.05
390,225,1,1655447,06/10/2015 00:00,06/10/2015 00:00,"ACE FIANZAS MONTERREY, S.A.",06/10/2016 00:00,,30% ANTICIPO,281556.04
391,225,2,1655442,06/10/2015 00:00,06/10/2015 00:00,"ACE FIANZAS MONTERREY, S.A.",06/10/2016 00:00,,CUMPLIMIENTO,93852.01
392,226,1,1655447,06/10/2015 00:00,06/10/2015 00:00,"ACE FIANZAS MONTERREY, S.A.",06/10/2016 00:00,,30% ANTICIPO,281556.04
393,226,2,1655442,06/10/2015 00:00,06/10/2015 00:00,"ACE FIANZAS MONTERREY, S.A.",06/10/2016 00:00,,CUMPLIMIENTO,93852.01
394,227,1,1655447,06/10/2015 00:00,06/10/2015 00:00,"ACE FIANZAS MONTERREY, S.A.",06/10/2016 00:00,,30% ANTICIPO,281556.04
395,227,2,1655442,06/10/2015 00:00,06/10/2015 00:00,"ACE FIANZAS MONTERREY, S.A.",06/10/2016 00:00,,CUMPLIMIENTO,93852.01
396,228,1,1655447,06/10/2015 00:00,06/10/2015 00:00,"ACE FIANZAS MONTERREY, S.A.",06/10/2016 00:00,,30% ANTICIPO,281556.04
397,228,2,1655442,06/10/2015 00:00,06/10/2015 00:00,"ACE FIANZAS MONTERREY, S.A.",06/10/2016 00:00,,CUMPLIMIENTO,93852.01
398,205,1,88266728,06/10/2015 00:00,06/10/2015 00:00,CHUBB DE MEXICO COMPAÑIA AFIAN,06/10/2016 00:00,,30% ANTICIPO,385881.11
399,205,2,88266726,06/10/2015 00:00,06/10/2015 00:00,CHUBB DE MEXICO COMPAÑIA AFIAN,06/10/2016 00:00,,CUMPLIMIENTO,128627.03
400,198,2,585908,06/10/2015 00:00,06/10/2015 00:00,"FIANZAS DORAMA, S.A.",06/10/2016 00:00,,CUMPLIMIENTO,43422.68
401,198,1,585905,06/10/2015 00:00,06/10/2015 00:00,"FIANZAS DORAMA, S.A.",06/10/2016 00:00,,30% ANTICIPO,130268.05
402,206,1,10124-00011-0,12/10/2015 00:00,12/10/2015 00:00,"AFIANZADORA INSURGENTES, S.A.",12/10/2016 00:00,,30% ANTICIPO,1055140.66
403,206,2,10124-00012-5,12/10/2015 00:00,12/10/2015 00:00,"AFIANZADORA INSURGENTES, S.A.",12/10/2016 00:00,,CUMPLIMIENTO,351713.55
404,201,2,1657495,08/10/2015 00:00,08/10/2015 00:00,ACE FIANZAS MONTERREY,08/10/2016 00:00,,CUMPLIMIENTO,115066.12
405,201,1,1657487,08/10/2015 00:00,08/10/2015 00:00,ACE FIANZAS MONTERREY,08/10/2016 00:00,,30% ANTICIPO,345198.36
406,200,2,1657509,08/10/2015 00:00,08/10/2015 00:00,"ACE FIANZAS MONTERREY, S.A.",08/10/2016 00:00,,CUMPLIMIENTO,122085.94
407,200,1,1657502,08/10/2015 00:00,08/10/2015 00:00,"ACE FIANZAS MONTERREY, S.A.",08/10/2016 00:00,,30% ANTICIPO,366257.81
408,199,1,1657732,09/10/2015 00:00,09/10/2015 00:00,ACE FIANZAS MONTERREY,09/10/2016 00:00,,30% ANTICIPO,286307.96
409,199,2,1657731,09/10/2015 00:00,09/10/2015 00:00,ACE FIANZAS MONTERREY,09/10/2016 00:00,,CUMPLIMIENTO,95435.99
410,255,2,88268521,09/10/2015 00:00,09/10/2015 00:00,CHUBB DE MEXICO COMPAÑIA AFIAN,09/10/2016 00:00,,CUMPLIMIENTO,246515.49
411,255,1,88268527,09/10/2015 00:00,09/10/2015 00:00,CHUBB DE MEXICO COMPAÑIA AFIAN,09/10/2016 00:00,,30% ANTICIPO,739546.49
412,232,2,III-480244-RC,09/10/2015 00:00,09/10/2015 00:00,FIANZAS ATLAS,09/10/2016 00:00,,CUMPLIMIENTO,141171.05
413,232,1,III-480241-RC,09/10/2015 00:00,09/10/2015 00:00,FIANZAS ATLAS,09/10/2016 00:00,,30% ANTICIPO,423513.16
414,233,2,88268332,09/10/2015 00:00,09/10/2015 00:00,CHUBB DE MEXICO COMPAÑIA AFIAN,09/10/2016 00:00,,CUMPLIMIENTO,186075.39
415,233,1,88268334,09/10/2015 00:00,09/10/2015 00:00,CHUBB DE MEXICO COMPAÑIA AFIAN,09/10/2016 00:00,,30% ANTICIPO,558226.18
416,256,2,1628087,19/10/2015 00:00,19/10/2015 00:00,"PRIMERO FIANZAS, S.A. DE C.V.",19/10/2016 00:00,,CUMPLIMIENTO,63623.29
417,256,1,1628086,19/10/2015 00:00,19/10/2015 00:00,"PRIMERO FIANZAS, S.A. DE C.V.",19/10/2016 00:00,,30% ANTICIPO,190869.87
418,257,1,1628086,19/10/2015 00:00,19/10/2015 00:00,"PRIMERO FIANZAS, S.A, DE C.V.",19/10/2016 00:00,,30% ANTICIPO,190869.87
419,257,2,1628087,19/10/2015 00:00,19/10/2015 00:00,"PRIMERO FIANZAS, S.A, DE C.V.",19/10/2016 00:00,,CUMPLIMIENTO,63623.29
420,258,2,1628087,19/10/2015 00:00,19/10/2015 00:00,"PRIMERO FIANZAS, S.A. DE C.V.",19/10/2016 00:00,,CUMPLIMIENTO,63623.29
421,258,1,1628086,19/10/2015 00:00,19/10/2015 00:00,"PRIMERO FIANZAS, S.A. DE C.V.",19/10/2016 00:00,,30% ANTICIPO,190869.87
422,234,1,1944906,19/10/2015 00:00,19/10/2015 00:00,"AFIANZADORA SOFIMEX, S.A.",19/10/2016 00:00,,30% ANTICIPO,133654.06
423,234,2,1944917,19/10/2015 00:00,19/10/2015 00:00,"AFIANZADORA SOFIMEX, S.A.",19/10/2016 00:00,,CUMPLIMIENTO,44551.35
424,235,1,1944906,19/10/2015 00:00,19/10/2015 00:00,"AFIANZADORA SOFIMEX, S.A.",19/10/2016 00:00,,30% ANTICIPO,133654.06
425,235,2,1944917,19/10/2015 00:00,19/10/2015 00:00,"AFIANZADORA SOFIMEX, S.A.",19/10/2016 00:00,,CUMPLIMIENTO,44551.35
426,236,1,88268587,19/10/2015 00:00,19/10/2015 00:00,CHUBB DE MEXICO COMPAÑIA AFIAN,19/10/2016 00:00,,30% ANTICIPO,381024.21
427,236,2,88268596,19/10/2015 00:00,19/10/2015 00:00,CHUBB DE MEXICO COMPAÑIA AFIAN,19/10/2016 00:00,,CUMPLIMIENTO,127008.07
428,237,2,88268596,19/10/2015 00:00,19/10/2015 00:00,CHUBB DE MEXICO COMPAÑIA AFIAN,19/10/2016 00:00,,CUMPLIMIENTO,127008.07
429,237,1,88268587,19/10/2015 00:00,19/10/2015 00:00,CHUBB DE MEXICO COMPAÑIA AFIAN,19/10/2016 00:00,,30% ANTICIPO,381024.21
430,238,1,88268587,19/10/2015 00:00,19/10/2015 00:00,CHUBB DE MEXICO COMPAÑIA AFIAN,19/10/2016 00:00,,30% ANTICIPO,381024.21
431,238,2,88268596,19/10/2015 00:00,19/10/2015 00:00,CHUBB DE MEXICO COMPAÑIA AFIAN,19/10/2016 00:00,,CUMPLIMIENTO,127008.07
432,239,2,88268596,19/10/2015 00:00,19/10/2015 00:00,CHUBB DE MEXICO COMPAÑIA AFIAN,19/10/2016 00:00,,CUMPLIMIENTO,127008.07
433,239,1,88268587,19/10/2015 00:00,19/10/2015 00:00,CHUBB DE MEXICO COMPAÑIA AFIAN,19/10/2016 00:00,,30% ANTICIPO,381024.21
434,240,2,88268596,19/10/2015 00:00,19/10/2015 00:00,CHUBB DE MEXICO COMPAÑIA AFIAN,19/10/2016 00:00,,CUMPLIMIENTO,127008.07
435,240,1,88268587,19/10/2015 00:00,19/10/2015 00:00,CHUBB DE MEXICO COMPAÑIA AFIAN,19/10/2016 00:00,,30% ANTICIPO,381024.21
438,242,2,1628089,19/10/2015 00:00,19/10/2015 00:00,"PRIMERO FIANZAS, S.A. DE C.V.",19/10/2016 00:00,,CUMPLIMIENTO,71139.75
439,242,1,1628088,19/10/2015 00:00,19/10/2015 00:00,"PRIMERO FIANZAS, S.A. DE C.V.",19/10/2016 00:00,,30% ANTICIPO,213419.25
442,259,2,1945689,19/10/2015 00:00,19/10/2015 00:00,"AFIANZADORA SOFIMEX, S.A.",19/10/2016 00:00,,CUMPLIMIENTO,138749.02
443,259,1,1945682,19/10/2015 00:00,19/10/2015 00:00,"AFIANZADORA SOFIMEX, S.A.",19/10/2016 00:00,,30% ANTICIPO,416247.07
444,260,1,1945682,19/10/2015 00:00,19/10/2015 00:00,"AFIANZADORA SOFIMEX, S.A. DE C",19/10/2016 00:00,,30% ANTICIPO,416247.07
445,260,2,1945689,19/10/2015 00:00,19/10/2015 00:00,"AFIANZADORA SOFIMEX, S.A. DE C",19/10/2016 00:00,,CUMPLIMIENTO,138749.02
446,261,2,1945689,19/10/2015 00:00,19/10/2015 00:00,"AFIANZADORA SOFIMEX, S.A.",19/10/2016 00:00,,CUMPLIMIENTO,138749.02
447,261,1,1945682,19/10/2015 00:00,19/10/2015 00:00,"AFIANZADORA SOFIMEX, S.A.",19/10/2016 00:00,,30% ANTICIPO,416247.07
448,262,1,1945682,19/10/2015 00:00,19/10/2015 00:00,"AFIANZADORA SOFIMEX, S.A.",19/10/2016 00:00,,30% ANTICIPO,416247.07
449,262,2,1945689,19/10/2015 00:00,19/10/2015 00:00,"AFIANZADORA SOFIMEX, S.A.",19/10/2016 00:00,,CUMPLIMIENTO,138749.02
450,263,2,1945689,19/10/2015 00:00,19/10/2015 00:00,"AFIANZADORA SOFIMEX, S.A.",19/10/2016 00:00,,CUMPLIMIENTO,138749.02
451,263,1,1945682,19/10/2015 00:00,19/10/2015 00:00,"AFIANZADORA SOFIMEX, S.A.",19/10/2016 00:00,,30% ANTICIPO,416247.07
452,244,1,III-480279-RC,19/10/2015 00:00,19/10/2015 00:00,"FIANZAS ATLAS, S.A.",19/10/2016 00:00,,30% ANTICIPO,309621.44
453,244,2,III-480283-RC,19/10/2015 00:00,19/10/2015 00:00,"FIANZAS ATLAS, S.A.",19/10/2016 00:00,,CUMPLIMIENTO,103207.14
454,245,2,III-480283-RC,19/10/2015 00:00,19/10/2015 00:00,"FIANZAS ATLAS, S.A.",19/10/2016 00:00,,CUMPLIMIENTO,103207.14
455,245,1,III-480279-RC,19/10/2015 00:00,19/10/2015 00:00,"FIANZAS ATLAS, S.A.",19/10/2016 00:00,,30% ANTICIPO,309621.44
456,246,1,III-480279-RC,19/10/2015 00:00,19/10/2015 00:00,"FIANZAS ATLAS, S.A.",19/10/2016 00:00,,30% ANTICIPÓ,309621.44
457,246,2,III-480283-RC,19/10/2015 00:00,19/10/2015 00:00,"FIANZAS ATLAS, S.A.",19/10/2016 00:00,,CUMPLIMIENTO,103207.14
458,247,1,III-480279-RC,19/10/2015 00:00,19/10/2015 00:00,"FIANZAS ATLAS, S.A.",19/10/2016 00:00,,30% ANTICIPO,309621.44
459,247,2,III-480283-RC,19/10/2015 00:00,19/10/2015 00:00,"FIANZAS ATLAS, S.A.",19/10/2016 00:00,,CUMPLIMIENTO,103207.14
460,254,2,1660392,19/10/2015 00:00,19/10/2015 00:00,"FIANZAS MONTERREY, S.A.",19/10/2016 00:00,,CUMPLIMIENTO,145832.52
461,254,1,1660389,19/10/2015 00:00,19/10/2015 00:00,"FIANZAS MONTERREY, S.A.",19/10/2016 00:00,,30% ANTICIPO,437497.58
462,250,2,1664764,06/11/2015 00:00,06/11/2015 00:00,"ACE FIANZAS MONTERREY, S.A.",06/11/2016 00:00,,CUMPLIMIENTO,139971.77
463,250,1,1664766,06/11/2015 00:00,06/11/2015 00:00,"ACE FIANZAS MONTERREY, S.A.",06/11/2016 00:00,,30% ANTICIPO,419915.31
464,274,1,88270275,06/11/2015 00:00,06/11/2015 00:00,CHUBB DE MEXICO COMPAÑIA AFIAM,06/11/2016 00:00,,30% ANTICIPO,419915.32
465,274,2,88270276,06/11/2015 00:00,06/11/2015 00:00,CHUBB DE MEXICO COMPAÑIA AFIAM,06/11/2016 00:00,,CUMPLIMEINTO,139971.77
466,274,2,88270276-AMP,15/12/2015 00:00,15/12/2015 00:00,CHUBB DE MEXICO COMPAÑIA AFIAN,15/12/2016 00:00,,CUMPLIMIENTO,165951.77
467,265,2,88270823,06/11/2015 00:00,06/11/2015 00:00,CHUBB DE MEXICO COMPAÑIA AFIAN,06/11/2016 00:00,,CUMPLIMIENTO,139971.77
468,265,1,88270824,06/11/2015 00:00,06/11/2015 00:00,CHUBB DE MEXICO COMPAÑIA AFIAN,06/11/2016 00:00,,30% ANTICIPO,419915.32
469,251,1,III-480317-RC,26/10/2015 00:00,26/10/2015 00:00,"FIANZAS ATLAS, S.A.",26/10/2016 00:00,,30% ANTICIPO,77751.37
470,251,2,III-480319-RC,26/10/2015 00:00,26/10/2015 00:00,"FIANZAS ATLAS, S.A.",26/10/2016 00:00,,CUMPLIMIENTO,25917.12
471,264,1,1650327,30/10/2015 00:00,30/10/2015 00:00,"PRIMERO FIANZAS, S.A. DE C.V.",30/10/2016 00:00,,30% ANTICIPO,3048183.58
472,264,2,1650326,30/10/2015 00:00,30/10/2015 00:00,"PRIMERO FIANZAS, S.A. DE C.V.",30/10/2016 00:00,,CUMPLIMIENTO,1016061.19
473,249,2,003640A90015,06/11/2015 00:00,06/11/2015 00:00,"FIANZAS DORAMA, S.A.",06/11/2016 00:00,,CUMPLIMIENTO,397446.65
474,249,1,003642A90015,06/11/2015 00:00,06/11/2015 00:00,"FIANZAS DORAMA, S.A.",06/11/2016 00:00,,30% ANTICIPO,1192339.98
475,248,2,88269925,06/11/2015 00:00,06/11/2015 00:00,CHUBB DE MEXICO COMPAÑIA AFIAN,06/11/2016 00:00,,CUMPLIMIENTO,407721.93
476,248,1,88269918,06/11/2015 00:00,06/11/2015 00:00,CHUBB DE MEXICO COMPAÑIA AFIAN,06/11/2016 00:00,,30% ANTICIPO,12236165.78
477,252,1,88270074,10/11/2015 00:00,10/11/2015 00:00,CHUBB DE MEXICO COMPAÑIA AFIAN,10/11/2016 00:00,,30% ANTICIPO,472131.15
478,252,2,88270076,10/11/2015 00:00,10/11/2015 00:00,CHUBB DE MEXICO COMPAÑIA AFIAN,10/11/2016 00:00,,CUMPLIMIENTO,157377.05
479,266,1,593808,17/11/2015 00:00,17/11/2015 00:00,"FIANZAS DORAMA, S.A.",17/11/2016 00:00,,30% ANTICIPO,64334.85
480,266,2,593815,17/11/2015 00:00,17/11/2015 00:00,"FIANZAS DORAMA, S.A.",17/11/2016 00:00,,CUMPLIMIENTO,21444.94
481,273,2,88271376,18/11/2015 00:00,18/11/2015 00:00,CHUBB DE MEXICO COMPAÑIA AFIAN,18/11/2016 00:00,,CUMPLIMIENTO,20816.81
482,268,1,88270726,19/10/2015 00:00,19/10/2015 00:00,CHUBB DE MEXICO COMPAÑIA AFIAN,19/10/2016 00:00,,30% ANTICIPO,416707.03
483,268,2,88270733,19/10/2015 00:00,19/10/2015 00:00,CHUBB DE MEXICO COMPAÑIA AFIAN,19/10/2016 00:00,,CUMPLIMIENTO,138902.34
484,282,2,88270913,18/11/2015 00:00,18/11/2015 00:00,CHUBB DE MEXICO COMPAÑIA AFIAN,18/11/2016 00:00,,CUMPLIMIENTO,148245.28
485,282,1,88270908,18/11/2015 00:00,18/11/2015 00:00,CHUBB DE MEXICO COMPAÑIA AFIAN,18/11/2016 00:00,,30% ANTICIPO,444735.85
486,283,2,88271398,20/11/2015 00:00,20/11/2015 00:00,CHUBB DE MEXICO COMPAÑIA AFIAN,20/11/2016 00:00,,CUMPLIMIENTO,38667.91
487,283,1,88271394,20/11/2015 00:00,20/11/2015 00:00,CHUBB DE MEXICO COMPAÑIA AFIAN,20/11/2016 00:00,,30% ANTICIPO,116003.72
488,271,1,10124-00015-4,01/12/2015 00:00,01/12/2015 00:00,"AFIANZADORA INSURGENTES, S.SA.",01/12/2016 00:00,,30% ANTICIPO,193225.7
489,271,2,10124-00016-5,01/12/2015 00:00,01/12/2015 00:00,"AFIANZADORA INSURGENTES, S.SA.",01/12/2016 00:00,,CUMPLIMIENTO,64408.56
490,272,2,10124-00016-5,01/12/2015 00:00,01/12/2015 00:00,"AFIANZADORA INSURGENTES, S.A.",01/12/2016 00:00,,CUMPLIMIENTO,64408.56
491,272,1,10124-00015-8,01/12/2015 00:00,01/12/2015 00:00,"AFIANZADORA INSURGENTES, S.A.",01/12/2016 00:00,,30% ANTICIPO,193225.7
492,284,2,1669911,02/12/2015 00:00,02/12/2015 00:00,"ACE FIANZAS MONTERREY, S.A.",02/12/2016 00:00,,CUMPLIMIENTO,76478.45
493,284,1,1669915,02/12/2015 00:00,02/12/2015 00:00,"ACE FIANZAS MONTERREY, S.A.",02/12/2016 00:00,,30% ANTICIPO,229435.34
494,285,1,599017,01/12/2015 00:00,01/12/2015 00:00,FIANZAS DORAMA,01/12/2016 00:00,,30% ANTICIPÓ,285458.68
495,285,2,599019,01/12/2015 00:00,01/12/2015 00:00,FIANZAS DORAMA,01/12/2016 00:00,,CUMPLIMIENTO,95152.89
496,279,2,1661765,02/12/2015 00:00,02/12/2015 00:00,"PRIMERO FIANZAS, S.A. DE C.V.",02/12/2016 00:00,,CUMPLIMIENTO,35043.54
497,279,1,1661766,02/12/2015 00:00,02/12/2015 00:00,"PRIMERO FIANZAS, S.A. DE C.V.",02/12/2016 00:00,,30% ANTICIPO,105130.63
498,290,1,1671323,02/12/2015 00:00,02/12/2015 00:00,"ACE FIANZAS MONTERREY, S.A.",02/12/2016 00:00,,30% ANTICIPO,95593.89
499,290,2,1671326,02/12/2015 00:00,02/12/2015 00:00,"ACE FIANZAS MONTERREY, S.A.",02/12/2016 00:00,,CUMPLIMIENTO,31864.63
500,291,1,1671323,02/12/2015 00:00,02/12/2015 00:00,"ACE FIANZAS MONTERREY, S.A.",02/12/2016 00:00,,30% ANTICIPO,95593.89
501,291,2,1671326,02/12/2015 00:00,02/12/2015 00:00,"ACE FIANZAS MONTERREY, S.A.",02/12/2016 00:00,,CUMPLIMIENTO,31864.63
502,292,2,1671326,02/12/2015 00:00,02/12/2015 00:00,"ACE FIANZAS MONTERREY, S.A.",02/12/2016 00:00,,CUMPLIMIENTO,31864.63
503,292,1,1671323,02/12/2015 00:00,02/12/2015 00:00,"ACE FIANZAS MONTERREY, S.A.",02/12/2016 00:00,,30% ANTICIPO,95593.89
504,280,2,III-4819*44-RC,03/12/2015 00:00,03/12/2015 00:00,"FIANZAS ATLAS, S.A. DE C.V.",03/12/2016 00:00,,CUMPLIMIENTO,928496.97
505,280,1,III-481942-RC,03/12/2015 00:00,03/12/2015 00:00,"FIANZAS ATLAS, S.A. DE C.V.",03/12/2016 00:00,,50% ANTICIPO,4642484.9
506,281,2,3344-00086--8,03/12/2015 00:00,03/12/2015 00:00,"AFIANZADORA ASERTA, S.A.",03/12/2016 00:00,,CUMPLIMIENTO,478660.3
507,281,1,3344-00085-3,03/12/2015 00:00,03/12/2015 00:00,"AFIANZADORA ASERTA, S.A.",03/12/2016 00:00,,50% ANTICIPO,2393301.52
508,298,2,1958653,09/12/2015 00:00,09/12/2015 00:00,"AFIANZADORA SOFIMEX, S.A.",09/12/2016 00:00,,CUMPLIMIENTO,41841.01
509,298,1,1958614,09/12/2015 00:00,09/12/2015 00:00,"AFIANZADORA SOFIMEX, S.A.",09/12/2016 00:00,,30% ANTICIPO,125523.03
510,286,1,1673804,14/12/2015 00:00,14/12/2015 00:00,"ACE FIANZAS MONTERREY, S.A.",14/12/2016 00:00,,30% ANTICIPO,79038.33
511,286,2,1673810,14/12/2015 00:00,14/12/2015 00:00,"ACE FIANZAS MONTERREY, S.A.",14/12/2016 00:00,,CUMPLIMIENTO,26346.11
512,287,2,1673810,14/12/2015 00:00,14/12/2015 00:00,"ACE FIANZAS MONTERREY, S.A.",14/12/2016 00:00,,CUMPLIMIENTO,26346.11
513,287,1,1673804,14/12/2015 00:00,14/12/2015 00:00,"ACE FIANZAS MONTERREY, S.A.",14/12/2016 00:00,,30% ANTICIPO,79038.33
514,334,2,1673815,14/12/2015 00:00,14/12/2015 00:00,"ACE FIANZAS MONTERREY, S.A.",14/12/2016 00:00,,CUMPLIMIENTO,65895.17
515,334,2,1673815,14/12/2015 00:00,14/12/2015 00:00,"ACE FIANZAS MONTERREY, S.A.",14/12/2016 00:00,,CUMPLIMIENTO,65895.17
516,308,1,1676133,14/12/2015 00:00,14/12/2015 00:00,"ACE FIANZAS MONTERREY, S.A.",14/12/2016 00:00,,30% ANTICIPO,144395.88
517,308,2,1676100,14/12/2015 00:00,14/12/2015 00:00,"ACE FIANZAS MONTERREY, S.A.",14/12/2016 00:00,,CUMPLIMIENTO,48131.97
518,289,1,1662918,14/12/2015 00:00,14/12/2015 00:00,"PRIMERO FIANZAS, S.A. DE C.V.",14/12/2016 00:00,,30% ANTICIPO,172031.85
519,289,2,1662917,14/12/2015 00:00,14/12/2015 00:00,"PRIMERO FIANZAS, S.A. DE C.V.",14/12/2016 00:00,,CUMPLIMIENTO,57343.95
520,300,2,1675392,14/12/2015 00:00,14/12/2015 00:00,"ACE FIANZAS MONTERREY, S.A.",14/12/2016 00:00,,CUMPLIMIENTO,29969.44
521,300,1,1675389,14/12/2015 00:00,14/12/2015 00:00,"ACE FIANZAS MONTERREY, S.A.",14/12/2016 00:00,,30% ANTICIPO,89908.33
522,332,2,88276667,14/12/2015 00:00,14/12/2015 00:00,CHUBB DE MEXICO COMPAÑIA AFIAN,14/12/2016 00:00,,CUMPLIMIENTO,99734.69
523,332,1,88276673,14/12/2015 00:00,14/12/2015 00:00,CHUBB DE MEXICO COMPAÑIA AFIAN,14/12/2016 00:00,,30% ANTICIPO,299204.05
524,333,2,88276667,14/12/2015 00:00,14/12/2015 00:00,CHUBB DE MEXICO COMPAÑIA AFIAN,14/12/2016 00:00,,CUMPLIMIENTO,99734.69
525,333,1,88276673,14/12/2015 00:00,14/12/2015 00:00,CHUBB DE MEXICO COMPAÑIA AFIAN,14/12/2016 00:00,,30% ANTICIPO,299204.05
526,299,1,88274540,14/12/2015 00:00,14/12/2015 00:00,CHUBB DE MEXICO COMPÁÑIA AFIAN,14/12/2016 00:00,,30% ANTICIPO,149430.55
527,299,2,88274542,14/12/2015 00:00,14/12/2015 00:00,CHUBB DE MEXICO COMPÁÑIA AFIAN,14/12/2016 00:00,,CUMPLIMIENTO,49810.18
528,301,2,1675386,17/12/2015 00:00,17/12/2015 00:00,"ACE FIANZAS MONTERREY, S.A. DE",17/12/2016 00:00,,CUMPLIMIENTO,98057.74
529,301,1,1675393,17/12/2015 00:00,17/12/2015 00:00,"ACE FIANZAS MONTERREY, S.A. DE",17/12/2016 00:00,,30% ANTICIPO,294173.23
530,302,2,1675386,17/12/2015 00:00,17/12/2015 00:00,"ACE FIANZAS MONTERREY, S.A.",17/12/2016 00:00,,CUMPLIMIENTO,98057.74
531,302,1,1675393,17/12/2015 00:00,17/12/2015 00:00,"ACE FIANZAS MONTERREY, S.A.",17/12/2016 00:00,,30% ANTICIPO,294173.23
532,307,2,1675469,14/12/2015 00:00,14/12/2015 00:00,"ACE FIANZAS MONTERREY, S.A.",14/12/2016 00:00,,CUMPLIMIENTO,104412.69
533,307,1,1675463,14/12/2015 00:00,14/12/2015 00:00,"ACE FIANZAS MONTERREY, S.A.",14/12/2016 00:00,,30% ANTICIPO,313238.07
534,303,1,III-482735-RC,15/12/2015 00:00,15/12/2015 00:00,"FIANZAS ATLAS, S.A.",15/12/2016 00:00,,30% ANTICIPO,16119.05
535,303,2,III-482736-RC,15/12/2015 00:00,15/12/2015 00:00,"FIANZAS ATLAS, S.A.",15/12/2016 00:00,,CUMPLIMIENTO,6285.55
536,304,2,1674957,15/12/2015 00:00,15/12/2015 00:00,"ACE FIANZAS MONTERREY, S.A.",15/12/2016 00:00,,CUMPLIMIENTO,130917.52
537,304,1,1674960,15/12/2015 00:00,15/12/2015 00:00,"ACE FIANZAS MONTERREY, S.A.",15/12/2016 00:00,,30% ANTICIPO,392752.57
538,312,2,1677107,18/12/2015 00:00,18/12/2015 00:00,"ACE FIANZAS MONTERREY, S.A.",18/12/2016 00:00,,CUMPLIMIENTO,147978.96
539,312,1,1677101,18/12/2015 00:00,18/12/2015 00:00,"ACE FIANZAS MONTERREY, S.A.",18/12/2016 00:00,,30% ANTICIPO,443936.89
540,331,1,88275395,17/12/2015 00:00,17/12/2015 00:00,CHUBB DE MEXICO COMPAÑIA AFIAM,17/12/2016 00:00,,30% ANTICIPO,6735288.29
541,331,2,88275434,17/12/2015 00:00,17/12/2015 00:00,CHUBB DE MEXICO COMPAÑIA AFIAM,17/12/2016 00:00,,CUMPLIMIENTO,2245096.06
542,330,1,88275530,22/12/2015 00:00,22/12/2015 00:00,CHUBB DE MEXICO COMPAÑIA AFIAN,22/12/2016 00:00,,30% ANTICIPO,1374006.75
543,330,2,88275527,22/12/2015 00:00,22/12/2015 00:00,CHUBB DE MEXICO COMPAÑIA AFIAN,22/12/2016 00:00,,CUMPLIMIENTO,458002.24
544,305,2,88275876,22/12/2015 00:00,22/12/2015 00:00,CHUBB DE MEXICO COMPAÑIA AFIAN,22/12/2016 00:00,,CUMPLIMIENTO,418158.99
545,305,1,88275853,22/12/2015 00:00,22/12/2015 00:00,CHUBB DE MEXICO COMPAÑIA AFIAN,22/12/2016 00:00,,30% ANTICIPO,1254476.99
546,306,1,1633756,22/12/2015 00:00,22/12/2015 00:00,"PRIMERO FIANZAS, S.A. DE C.V.",22/12/2016 00:00,,30% ANTICIPO,632340.86
547,306,2,1633754,22/12/2015 00:00,22/12/2015 00:00,"PRIMERO FIANZAS, S.A. DE C.V.",22/12/2016 00:00,,CUMPLIMIENTO,210780.28
548,317,2,88276012,23/12/2015 00:00,23/12/2015 00:00,CHUBB DE MEXICO COMPAÑIA AFIAN,23/12/2016 00:00,,CUMPLIMIENTO,179564.98
549,317,1,88276011,23/12/2015 00:00,23/12/2015 00:00,CHUBB DE MEXICO COMPAÑIA AFIAN,23/12/2016 00:00,,30% ANTICIPO,538694.96
550,320,1,1678560,24/12/2015 00:00,24/12/2015 00:00,"ACE FIANZAS MONTERREY, S.A.",24/12/2016 00:00,,30% ANTICIPO,419757.64
551,320,2,1678546,24/12/2015 00:00,24/12/2015 00:00,"ACE FIANZAS MONTERREY, S.A.",24/12/2016 00:00,,CUMPLIMIENTO,139919.21
552,296,2,88276824,24/12/2015 00:00,24/12/2015 00:00,CHUBB DE MEXICO COMPAÑIA AFIAN,24/12/2016 00:00,,CUMPLIMIENTO,89937.39
553,329,2,1962265,24/12/2015 00:00,24/12/2015 00:00,"AFIANZADORA SOFIMEX, S.A. DE C",24/12/2016 00:00,,CUMPLIMIENTO,51243.01
554,329,1,1962264,24/12/2015 00:00,24/12/2015 00:00,"AFIANZADORA SOFIMEX, S.A. DE C",24/12/2016 00:00,,30% ANTICIPO,153729.03
555,321,1,16A00445,28/12/2015 00:00,28/12/2015 00:00,"FIANZAS DORAMA, S.A.",28/12/2016 00:00,,30% ANTICIPO,536948.75
556,321,2,16A00461,28/12/2015 00:00,28/12/2015 00:00,"FIANZAS DORAMA, S.A.",28/12/2016 00:00,,CUMPLIMIENTO,178982.92
557,313,2,III-482980-RC,29/12/2015 00:00,29/12/2015 00:00,"FIANZAS ATLAS, S.A.",29/12/2016 00:00,,CUMPLIMIENTO,78897.09
558,313,1,III-482978-RC,29/12/2015 00:00,29/12/2015 00:00,"FIANZAS ATLAS, S.A.",29/12/2016 00:00,,30% ANTICIPO,236691.29
559,314,1,III-482978-RC,29/12/2015 00:00,29/12/2015 00:00,"FIANZAS ATLAS, S.A.",29/12/2016 00:00,,30% ANTICIPO,236691.29
560,314,2,III-482980-RC,29/12/2015 00:00,29/12/2015 00:00,"FIANZAS ATLAS, S.A.",29/12/2016 00:00,,CUMPLIMIENTO,78897.09
561,293,2,16A00296,29/12/2015 00:00,29/12/2015 00:00,"FIANZAS DORAMA, S.A.",29/12/2016 00:00,,CUMPLIMIENTO,90500.01
562,293,1,16A00293,29/12/2015 00:00,29/12/2015 00:00,"FIANZAS DORAMA, S.A.",29/12/2016 00:00,,30% ANTICIPO,271500.03
563,318,1,88276336,01/01/2016 00:00,01/01/2016 00:00,CHUBB DE MEXICO COMPAÑIA AFIAN,01/01/2017 00:00,,30% ANTICIPO,2003847.17
564,318,2,88276340,01/01/2016 00:00,01/01/2016 00:00,CHUBB DE MEXICO COMPAÑIA AFIAN,01/01/2017 00:00,,CUMPLIMIENTO,667949.05
565,315,1,III-483038-RC,29/12/2015 00:00,29/12/2015 00:00,"FIANZAS ATLAS, S.A.",29/12/2016 00:00,,30% ANTICIPO,494431.72
566,315,2,III-483039-RC,29/12/2015 00:00,29/12/2015 00:00,"FIANZAS ATLAS, S.A.",29/12/2016 00:00,,CUMPLIMIENTO,164810.57
567,316,1,88276231,29/12/2015 00:00,29/12/2015 00:00,CHUBB DE MEXICO COMPAÑIA AFIAN,29/12/2016 00:00,,30% ANTICIPO,742900.12
568,316,2,88276232,29/12/2015 00:00,29/12/2015 00:00,CHUBB DE MEXICO COMPAÑIA AFIAN,29/12/2016 00:00,,CUMPLIMIENTO,247633.37
569,325,2,1629544,29/12/2015 00:00,29/12/2015 00:00,"PRIMERO FIANZAS, S.A. DE C.V.",29/12/2016 00:00,,CUMPLIMIENTO,105434.94
570,325,1,1629543,29/12/2015 00:00,29/12/2015 00:00,"PRIMERO FIANZAS, S.A. DE C.V.",29/12/2016 00:00,,30% ANTICIPO,316304.82
571,326,2,1629544,29/12/2015 00:00,29/12/2015 00:00,"PRIMERO FIANZAS, S.A. DE C.V.",29/12/2016 00:00,,CUMPLIMIENTO,105434.94
572,326,1,1629543,29/12/2015 00:00,29/12/2015 00:00,"PRIMERO FIANZAS, S.A. DE C.V.",29/12/2016 00:00,,30% ANTICIPO,316304.82
573,327,2,1629544,29/12/2015 00:00,29/12/2015 00:00,"PRIMERO FIANZAS, S.A. DE C.V.",29/12/2016 00:00,,CUMPLIMIENTO,105434.94
574,328,2,1629544,29/12/2015 00:00,29/12/2015 00:00,"PRIMERO FIANZAS, S.A. DE C.V.",29/12/2016 00:00,,CUMPLIMIENTO,105434.94
575,328,1,1629543,29/12/2015 00:00,29/12/2015 00:00,"PRIMERO FIANZAS, S.A. DE C.V.",29/12/2016 00:00,,30% ANTICIPO,316304.82
576,309,2,1679235,30/12/2015 00:00,30/12/2015 00:00,"ACE FIANZAS MONTERREY, S.A.",30/12/2016 00:00,,CUMPLIMIENTO,116730.31
577,309,1,1679242,30/12/2015 00:00,30/12/2015 00:00,"ACE FIANZAS MONTERREY, S.A.",30/12/2016 00:00,,30% ANTICIPO,350190.92
578,310,1,1679233,30/12/2015 00:00,30/12/2015 00:00,"ACE FIANZAS MONTERREY, S.A.",30/12/2016 00:00,,30% ANTICIPO,340867.44
579,310,2,1679238,30/12/2015 00:00,30/12/2015 00:00,"ACE FIANZAS MONTERREY, S.A.",30/12/2016 00:00,,CUMPLIMIENTO,113622.48
580,311,1,1679595,04/01/2016 00:00,04/01/2016 00:00,"ACE FIANZAS MONTERREY, S.A.",04/01/2017 00:00,,30% ANTICIPO,358341.61
581,311,2,1679598,04/01/2016 00:00,04/01/2016 00:00,"ACE FIANZAS MONTERREY, S.A.",04/01/2017 00:00,,CUMPLIMIENTO,119647.2
582,319,1,1668039,31/12/2015 00:00,31/12/2015 00:00,"PRIMERO FIANZAS, S.A. DE C.V.",31/12/2016 00:00,,50% ANTICIPO,1868589.79
583,319,2,1668038,31/12/2015 00:00,31/12/2015 00:00,"PRIMERO FIANZAS, S.A. DE C.V.",31/12/2016 00:00,,CUMPLIMIENTO,373717.96
584,323,2,III-483336-RC,29/12/2015 00:00,29/12/2015 00:00,"FIANZAS ATLAS, S.A.",29/12/2016 00:00,,CUMPLIMIENTO,50040.8
585,323,1,III-483335-RC,29/12/2015 00:00,29/12/2015 00:00,"FIANZAS ATLAS, S.A.",29/12/2016 00:00,,30% ANTICIPÓ,150122.41
586,322,2,1667899,31/12/2015 00:00,31/12/2015 00:00,"PRIMERO FIANZAS, S.A. DE .V.",31/12/2016 00:00,,CUMPLIMIENTO,154280.32
587,322,1,1667900,31/12/2015 00:00,31/12/2015 00:00,"PRIMERO FIANZAS, S.A. DE .V.",31/12/2016 00:00,,30% ANTICIPO,462840.96
588,71,2,88247213,03/06/2016 00:00,03/06/2016 00:00,CHUBB,03/06/2017 00:00,60,NULL,0
589,319,2,1668038,04/05/2016 00:00,20/05/2016 00:00,PRIMERO FIANZAS,05/05/2017 00:00,61,NULL,0
590,176,2,3344000675,25/04/2016 00:00,25/04/2016 00:00,ASERTA,25/04/2017 00:00,72,NULL,0
591,109,1,1628245,17/10/2016 00:00,04/11/2016 00:00,FIANZAS MONTERREY,04/11/2017 00:00,76,NULL,0
594,95,2,1616459,19/08/2016 00:00,19/08/2016 00:00,ACE FIANZAS MONTERREY,15/12/2016 00:00,71,NULL,0
595,324,1,3304-00293-0,10/02/2017 00:00,27/03/2017 00:00,"AFIANZADORA ASERTA, S.A. DE C.V.",10/02/2018 00:00,78,NULL,0
596,324,2,3304-00294-5,10/02/2017 00:00,27/03/2017 00:00,"AFIANZADORA ASERTA, S.A. DE C.V",10/02/2018 00:00,78,NULL,0
10595,95,1,1805430,08/05/2017 00:00,01/06/2017 00:00,ACE FIANZAS MONTERREY,07/05/2018 00:00,83,NULL,0
10596,95,2,1616459,08/05/2017 00:00,01/06/2017 00:00,ACE FIANZAS MONTERREY,07/05/2018 00:00,83,NULL,0
10597,66,2,1606914,22/04/2015 00:00,22/04/2015 00:00,ACE FIANZAS MONTERREY,21/04/2016 00:00,84,NULL,0
10598,207,2,31900000902,23/11/2018 00:00,30/01/2019 00:00,"MAPFRE FIANZAS, S.A.",22/11/2019 00:00,85,NULL,0
