Id_Estimacion_Deduccion,Id_Estimacion,Id_Descuento,Monto_Deduccion
3155,2042,2,2424.3
3159,2044,2,999.65
3162,2046,2,2887.03
3165,4,1,77.02
3166,4,3,385.08
3167,9,1,110.5
3168,9,3,552.51
3169,10,1,253.35
3170,10,3,1266.73
3171,12,1,214.84
3172,12,3,1074.2
3173,15,1,524.95
3174,15,3,2624.74
3175,16,1,8358.75
3176,16,3,41793.75
3177,22,1,292.34
3178,22,3,1461.68
3179,24,1,22757.92
3180,24,3,113789.61
3181,27,1,233.08
3182,27,3,1165.42
3183,31,1,452.01
3184,31,3,2260.07
3185,32,1,268.65
3186,32,3,1343.27
3187,37,1,364.64
3188,37,3,1823.19
3189,40,2,859.73
3190,41,1,87.62
3191,41,3,438.09
3192,42,1,1233.65
3193,42,3,6168.26
3194,43,1,26961.08
3195,43,3,134805.38
3196,45,1,219.85
3197,45,3,1099.25
3198,46,1,140.31
3199,46,3,701.53
3200,47,1,474.9
3201,47,3,2374.52
3202,48,1,39.46
3203,48,3,197.29
3204,49,1,497.92
3205,49,3,2489.61
3206,52,1,141.84
3207,52,3,709.18
3208,54,1,174.6
3209,54,3,872.98
3210,56,1,158.23
3211,56,3,791.16
3212,57,1,295.49
3213,57,3,1477.44
3214,58,1,489.31
3215,58,3,2446.53
3216,59,1,11.97
3217,59,3,59.87
3218,60,1,208.75
3219,60,3,1043.73
3220,61,1,53.35
3221,61,3,266.76
3222,62,1,910.86
3223,62,3,4554.29
3224,63,1,169.52
3225,63,3,847.6
3226,64,1,803.55
3227,64,3,4017.77
3228,65,1,157.19
3229,65,3,785.97
3230,66,1,158.26
3231,66,3,791.28
3232,69,1,754.85
3233,69,3,3774.23
3234,71,1,193.26
3235,71,3,966.28
3236,72,1,166.6
3237,72,3,833
3238,73,1,195.39
3239,73,3,976.95
3240,74,1,54.08
3241,74,3,270.42
3242,75,1,84.39
3243,75,3,421.97
3244,76,1,103.74
3245,76,3,518.7
3246,78,1,1362.03
3247,78,3,6810.13
3248,79,1,327.51
3249,79,3,1637.55
3250,80,1,177.37
3251,80,3,886.85
3252,83,1,45.52
3253,83,3,227.62
3254,84,1,12824.67
3255,84,3,64123.37
3256,85,1,820.45
3257,85,3,4102.23
3258,86,1,938.46
3259,86,3,4692.32
3260,88,1,58.28
3261,88,3,291.39
3262,89,1,189.41
3263,89,3,947.06
3264,91,1,35.61
3265,91,3,178.05
3266,92,1,38.82
3267,92,3,194.11
3268,93,2,230.73
3269,94,1,4499.43
3270,94,3,22497.15
3271,95,1,842.25
3272,95,3,4211.23
3273,97,1,276.6
3274,97,3,1383.01
3275,100,1,231.13
3276,100,3,1155.64
3277,103,1,345.87
3278,103,3,1729.35
3279,104,1,123.93
3280,104,3,619.65
3281,105,1,764.84
3282,105,3,3824.19
3283,106,1,309.89
3284,106,3,1549.47
3285,107,1,192.8
3286,107,3,963.98
3287,108,1,3.69
3288,108,3,18.46
3289,109,1,206.21
3290,109,3,1031.03
3291,110,1,146.85
3292,110,3,734.24
3293,111,1,104.12
3294,111,3,520.62
3295,112,1,450.29
3296,112,3,2251.47
3297,113,1,167.79
3298,113,3,838.95
3299,114,1,124
3300,114,3,619.99
3301,115,1,303.23
3302,115,3,1516.17
3303,116,1,605.23
3304,116,3,3026.14
3305,117,1,536.35
3306,117,3,2681.77
3307,118,1,462.44
3308,118,3,2312.19
3309,119,1,177.07
3310,119,3,885.37
3311,120,1,114.66
3312,120,3,573.3
3313,125,1,21.98
3314,125,3,109.9
3315,127,1,273.31
3316,127,3,1366.55
3317,128,1,343.18
3318,128,3,1715.89
3319,129,1,232.59
3320,129,3,1162.93
3321,130,1,93.07
3322,130,3,465.33
3323,131,1,116.06
3324,131,3,580.31
3325,134,2,315.85
3326,135,1,13.27
3327,135,3,66.34
3328,137,1,1035.29
3329,137,3,5176.47
3330,141,1,377.39
3331,141,3,1886.94
3332,142,1,890.9
3333,142,3,4454.48
3334,144,2,10.24
3335,145,1,68.76
3336,145,3,343.78
3337,148,1,89.6
3338,148,3,448.01
3339,149,1,64.04
3340,149,3,320.18
3341,150,1,141.72
3342,150,3,708.6
3343,151,2,300.52
3344,152,1,60.45
3345,152,3,302.23
3346,153,1,37.96
3347,153,3,189.79
3348,154,1,296.78
3349,154,3,1483.88
3350,155,1,595.61
3351,155,3,2978.04
3352,156,1,204.32
3353,156,3,1021.62
3354,157,1,126.47
3355,157,3,632.35
3356,158,1,390.17
3357,158,3,1950.86
3358,159,1,420.19
3359,159,3,2100.94
3360,160,1,493.44
3361,160,3,2467.2
3362,161,1,13.05
3363,161,3,65.27
3364,162,1,5.99
3365,162,3,29.93
3366,163,1,15.4
3367,163,3,76.99
3368,164,1,56.33
3369,164,3,281.63
3370,165,1,191.94
3371,165,3,959.69
3372,166,1,172.73
3373,166,3,863.63
3374,167,1,317.07
3375,167,3,1585.33
3376,168,1,584.24
3377,168,3,2921.18
3378,169,1,32.75
3379,169,3,163.77
3380,171,1,376.22
3381,171,3,1881.12
3382,172,1,238.99
3383,172,3,1194.95
3384,173,1,105.59
3385,173,3,527.94
3386,174,1,25.29
3387,174,3,126.44
3388,175,1,169.76
3389,175,3,848.82
3390,176,1,474.85
3391,176,3,2374.25
3392,179,2,97.85
3393,182,1,140.23
3394,182,3,701.15
3395,183,1,30.61
3396,183,3,153.07
3397,184,2,650.45
3398,186,1,53.26
3399,186,3,266.32
3400,187,1,330.69
3401,187,3,1653.46
3402,188,1,669.36
3403,188,3,3346.81
3404,191,1,124.97
3405,191,3,624.84
3406,192,1,584.49
3407,192,3,2922.43
3408,193,2,8205.72
3409,194,1,142.13
3410,194,3,710.66
3411,195,1,151.61
3412,195,3,758.04
3413,198,1,4.01
3414,198,3,20.05
3415,199,1,162.94
3416,199,3,814.71
3417,200,1,115.23
3418,200,3,576.14
3419,201,1,1158.01
3420,201,3,5790.03
3421,202,1,34.61
3422,202,3,173.06
3423,203,1,75.43
3424,203,3,377.15
3425,206,1,110.85
3426,206,3,554.25
3427,207,1,161.35
3428,207,3,806.77
3429,208,2,700.73
3430,209,2,5299.2
3431,210,1,718.05
3432,210,3,3590.25
3433,212,1,120.44
3434,212,3,602.2
3435,213,1,1101.18
3436,213,3,5505.91
3437,214,1,105.59
3438,214,3,527.94
3439,215,1,216.37
3440,215,3,1081.86
3441,216,1,541.18
3442,216,3,2705.88
3443,217,1,606.43
3444,217,3,3032.13
3445,218,1,154.89
3446,218,3,774.46
3447,219,1,45.14
3448,219,3,225.68
3449,220,1,74.59
3450,220,3,372.97
3451,221,1,1086.3
3452,221,3,5431.52
3453,222,1,471.03
3454,222,3,2355.15
3455,223,1,655.33
3456,223,3,3276.66
3457,224,1,764.17
3458,224,3,3820.84
3459,226,1,204.39
3460,226,3,1021.93
3461,227,1,406.77
3462,227,3,2033.86
3463,228,1,193.38
3464,228,3,966.91
3465,229,2,125.84
3466,230,2,28.78
3467,231,1,149.95
3468,231,3,749.73
3469,232,2,1749.05
3470,233,2,2614.55
3471,234,1,292.83
3472,234,3,1464.16
3473,235,1,164.6
3474,235,3,822.99
3475,236,2,118.26
3476,237,1,109.76
3477,237,3,548.81
3478,238,1,142.21
3479,238,3,711.04
3480,239,1,757.98
3481,239,3,3789.88
3482,240,1,1034.98
3483,240,3,5174.92
3484,241,1,19.3
3485,241,3,96.5
3486,242,1,253.74
3487,242,3,1268.7
3488,243,1,907.71
3489,243,3,4538.55
3490,244,1,124.71
3491,244,3,623.57
3492,246,2,424.57
3493,250,1,13.73
3494,250,3,68.65
3495,251,1,143.55
3496,251,3,717.76
3497,252,2,347.3
3498,253,2,5795.15
3499,254,1,331.58
3500,254,3,1657.91
3501,256,1,429.74
3502,256,3,2148.71
3503,257,1,204.26
3504,257,3,1021.32
3505,258,1,143.64
3506,258,3,718.2
3507,259,1,129.57
3508,259,3,647.85
3509,260,1,379.19
3510,260,3,1895.97
3511,261,1,207.31
3512,261,3,1036.56
3513,262,2,4472.3
3514,264,1,177.87
3515,264,3,889.33
3516,265,1,183.95
3517,265,3,919.75
3518,266,1,112.35
3519,266,3,561.76
3520,267,1,224.69
3521,267,3,1123.47
3522,268,1,49.53
3523,268,3,247.67
3524,269,1,902.09
3525,269,3,4510.44
3526,271,1,28.73
3527,271,3,143.64
3528,272,1,19.04
3529,272,3,95.22
3530,273,1,110.65
3531,273,3,553.24
3532,275,2,139.76
3533,276,1,524.96
3534,276,3,2624.79
3535,278,2,627.15
3536,279,1,196.19
3537,279,3,980.97
3538,283,1,870.52
3539,283,3,4352.6
3540,284,1,277.06
3541,284,3,1385.28
3542,286,1,81.64
3543,286,3,408.19
3544,287,1,74.38
3545,287,3,371.92
3546,288,1,353.45
3547,288,3,1767.25
3548,290,1,1164.35
3549,290,3,5821.75
3550,291,1,415.34
3551,291,3,2076.68
3552,292,1,197.46
3553,292,3,987.3
3554,293,1,97.51
3555,293,3,487.54
3556,294,2,802.79
3557,295,1,27704.38
3558,295,3,138521.91
3559,298,1,939.96
3560,298,3,4699.81
3561,299,1,92.97
3562,299,3,464.83
3563,300,2,643.27
3564,301,1,428.61
3565,301,3,2143.05
3566,302,2,1868.9
3567,304,1,943.32
3568,304,3,4716.62
3569,305,2,8526.57
3570,306,1,203.4
3571,306,3,1017
3572,307,1,40.81
3573,307,3,204.05
3574,308,1,224.75
3575,308,3,1123.73
3576,310,1,383.31
3577,310,3,1916.56
3578,312,1,776.36
3579,312,3,3881.78
3580,313,1,32.54
3581,313,3,162.7
3582,314,1,97.48
3583,314,3,487.42
3584,315,2,208.54
3585,316,2,193.05
3586,317,2,326.78
3587,318,1,167.31
3588,318,3,836.55
3589,319,1,28.1
3590,319,3,140.52
3591,320,1,112.32
3592,320,3,561.58
3593,323,1,135.82
3594,323,3,679.09
3595,324,1,841.64
3596,324,3,4208.18
3597,326,1,225.87
3598,326,3,1129.34
3599,327,1,73.65
3600,327,3,368.26
3601,328,2,606.76
3602,329,1,144.54
3603,329,3,722.71
3604,331,1,164.16
3605,331,3,820.82
3606,332,1,228.13
3607,332,3,1140.64
3608,333,1,120.16
3609,333,3,600.82
3610,334,1,12.37
3611,334,3,61.84
3612,335,1,31.28
3613,335,3,156.4
3614,336,1,381.17
3615,336,3,1905.83
3616,337,2,847.46
3617,338,2,487.18
3618,339,1,1402.89
3619,339,3,7014.45
3620,340,1,76.57
3621,340,3,382.86
3622,341,1,115.4
3623,341,3,577
3624,343,2,153.75
3625,344,1,341.22
3626,344,3,1706.11
3627,345,1,330.84
3628,345,3,1654.18
3629,346,1,271.18
3630,346,3,1355.89
3631,347,1,185.32
3632,347,3,926.59
3633,348,1,229.58
3634,348,3,1147.88
3635,349,2,1114.24
3636,350,2,511.93
3637,351,2,676.14
3638,352,1,144.78
3639,352,3,723.89
3640,353,1,55.07
3641,353,3,275.37
3642,354,1,672.86
3643,354,3,3364.32
3644,355,2,2533.74
3645,357,1,185.78
3646,357,3,928.92
3647,359,1,170.42
3648,359,3,852.12
3649,360,1,75.06
3650,360,3,375.31
3651,361,1,44.37
3652,361,3,221.84
3653,362,1,206.59
3654,362,3,1032.96
3655,363,1,94.97
3656,363,3,474.83
3657,364,2,818.69
3658,365,1,190.32
3659,365,3,951.62
3660,366,2,1356.91
3661,367,2,2196.46
3662,368,1,262.48
3663,368,3,1312.41
3664,369,1,487.94
3665,369,3,2439.71
3666,370,1,1112.07
3667,370,3,5560.33
3668,371,1,288.73
3669,371,3,1443.67
3670,372,2,1046.95
3671,373,1,880.83
3672,373,3,4404.16
3673,375,1,111.11
3674,375,3,555.55
3675,376,1,476.86
3676,376,3,2384.3
3677,377,2,484.67
3678,378,2,641.19
3679,379,1,139.75
3680,379,3,698.76
3681,380,1,189.8
3682,380,3,949.02
3683,381,2,662.24
3684,382,1,1328.92
3685,382,3,6644.59
3686,383,2,311.58
3687,384,2,308.29
3688,385,1,589.56
3689,385,3,2947.81
3690,386,2,238.84
3691,387,1,229.09
3692,387,3,1145.45
3693,388,1,168.8
3694,388,3,844.01
3695,389,2,1014.82
3696,392,2,592.93
3697,393,1,347.12
3698,393,3,1735.6
3699,394,2,192.75
3700,395,1,216.84
3701,395,3,1084.2
3702,396,2,5625.73
3703,397,1,276.96
3704,397,3,1384.8
3705,398,1,16
3706,398,3,80
3707,399,1,447.06
3708,399,3,2235.31
3709,400,2,221.01
3710,401,1,185.71
3711,401,3,928.55
3712,402,2,1022.27
3713,403,2,1774.21
3714,404,1,124.19
3715,404,3,620.97
3716,405,2,651.03
3717,406,1,192.04
3718,406,3,960.22
3719,407,1,44.91
3720,407,3,224.54
3721,408,1,318.64
3722,408,3,1593.22
3723,410,2,689.35
3724,411,2,800.87
3725,412,2,801.6
3726,413,2,346.1
3727,414,1,297.17
3728,414,3,1485.86
3729,415,1,1347.39
3730,415,3,6736.93
3731,416,1,530.15
3732,416,3,2650.76
3733,417,1,23.71
3734,417,3,118.56
3735,418,1,92.65
3736,418,3,463.23
3737,419,1,187.06
3738,419,3,935.31
3739,420,1,387.72
3740,420,3,1938.59
3741,421,2,346.27
3742,422,1,483.51
3743,422,3,2417.55
3744,423,1,63.13
3745,423,3,315.63
3746,424,1,300.12
3747,424,3,1500.62
3748,425,2,746.36
3749,426,1,23.99
3750,426,3,119.96
3751,427,1,818.5
3752,427,3,4092.49
3753,428,1,96.81
3754,428,3,484.03
3755,429,1,285.3
3756,429,3,1426.48
3757,430,2,556.03
3758,434,2,333.83
3759,435,1,903.49
3760,435,3,4517.43
3761,436,1,154.61
3762,436,3,773.06
3763,437,2,579.81
3764,438,2,2387.37
3765,440,1,52.08
3766,440,3,260.41
3767,441,2,314.4
3768,442,2,731.47
3769,443,1,596.96
3770,443,3,2984.78
3771,444,1,958.5
3772,444,3,4792.49
3773,445,2,372.32
3774,448,1,65.58
3775,448,3,327.9
3776,450,2,1523.05
3777,452,1,235.22
3778,452,3,1176.08
3779,455,2,5042.53
3780,456,1,264.89
3781,456,3,1324.43
3782,457,1,290.69
3783,457,3,1453.44
3784,458,1,29.93
3785,458,3,149.64
3786,459,2,406.73
3787,460,2,1438.97
3788,461,2,545.97
3789,462,1,324.78
3790,462,3,1623.88
3791,463,1,6.81
3792,463,3,34.05
3793,464,2,2503.32
3794,465,1,323.91
3795,465,3,1619.54
3796,466,1,85.8
3797,466,3,428.99
3798,467,2,2535.97
3799,468,1,65.03
3800,468,3,325.13
3801,469,1,613.98
3802,469,3,3069.88
3803,471,1,439.65
3804,471,3,2198.24
3805,472,1,78.95
3806,472,3,394.73
3807,473,1,59.76
3808,473,3,298.82
3809,474,1,149.65
3810,474,3,748.26
3811,475,1,9.72
3812,475,3,48.62
3813,477,1,742.62
3814,477,3,3713.11
3815,478,1,145.88
3816,478,3,729.39
3817,479,1,111.15
3818,479,3,555.77
3819,480,1,103.55
3820,480,3,517.77
3821,481,2,420.34
3822,482,1,313.85
3823,482,3,1569.23
3824,483,2,3058.84
3825,484,1,126.8
3826,484,3,634.01
3827,485,1,275.6
3828,485,3,1378.01
3829,486,1,145.3
3830,486,3,726.5
3831,488,1,70.62
3832,488,3,353.09
3833,489,1,897.27
3834,489,3,4486.35
3835,490,2,1213.14
3836,491,1,1241.58
3837,491,3,6207.89
3838,492,2,150.75
3839,494,1,296.35
3840,494,3,1481.73
3841,496,2,3859.69
3842,497,1,117.11
3843,497,3,585.56
3844,498,2,1627.11
3845,499,2,911.68
3846,500,1,80.15
3847,500,3,400.74
3848,501,1,220.63
3849,501,3,1103.13
3850,502,2,1117.45
3851,503,2,537.95
3852,504,1,700.38
3853,504,3,3501.88
3854,505,2,811.35
3855,506,1,102.6
3856,506,3,513
3857,507,1,181.03
3858,507,3,905.15
3859,508,1,1470.43
3860,508,3,7352.13
3861,509,1,88.56
3862,509,3,442.81
3863,510,1,35.46
3864,510,3,177.31
3865,511,2,627.86
3866,512,2,2611.7
3867,513,1,115.94
3868,513,3,579.7
3869,514,1,1713.54
3870,514,3,8567.71
3871,515,1,378.11
3872,515,3,1890.56
3873,516,1,13.75
3874,516,3,68.76
3875,517,1,364.78
3876,517,3,1823.89
3877,518,2,4812.26
3878,519,1,68.74
3879,519,3,343.71
3880,520,2,2710.83
3881,524,2,626.78
3882,525,1,565.13
3883,525,3,2825.64
3884,527,1,98.9
3885,527,3,494.48
3886,528,1,171.96
3887,528,3,859.82
3888,529,1,252.96
3889,529,3,1264.8
3890,530,1,222.98
3891,530,3,1114.92
3892,531,2,1222.28
3893,534,2,768
3894,535,2,322.22
3895,536,2,494.34
3896,537,2,238.76
3897,538,2,296.82
3898,539,1,352.05
3899,539,3,1760.27
3900,540,2,458.86
3901,541,1,465.84
3902,541,3,2329.21
3903,542,2,429.83
3904,543,2,832.82
3905,544,1,118.32
3906,544,3,591.58
3907,545,2,1177.46
3908,546,1,373.01
3909,546,3,1865.06
3910,547,2,1371.02
3911,549,1,172.43
3912,549,3,862.14
3913,550,1,215.76
3914,550,3,1078.82
3915,551,2,250.23
3916,552,1,96.94
3917,552,3,484.69
3918,553,1,623.97
3919,553,3,3119.84
3920,554,2,249.87
3921,555,2,333.24
3922,556,2,1144.69
3923,557,2,1354.33
3924,558,2,503.82
3925,559,2,437.57
3926,560,1,494.63
3927,560,3,2473.15
3928,561,2,235.06
3929,562,1,489.27
3930,562,3,2446.35
3931,563,1,237.97
3932,563,3,1189.83
3933,564,2,5730.34
3934,565,2,660
3935,567,2,1301.07
3936,568,2,3149.07
3937,569,2,779.43
3938,571,2,2791.17
3939,572,1,4.3
3940,572,3,21.5
3941,573,2,3867.37
3942,574,2,6291.79
3943,575,2,1577.81
3944,576,1,225.96
3945,576,3,1129.8
3946,577,2,502.3
3947,578,1,430.04
3948,578,3,2150.18
3949,579,2,101.27
3950,580,2,2087.42
3951,581,2,1083.28
3952,582,2,5023.69
3953,584,2,1014.92
3954,585,1,539.36
3955,585,3,2696.79
3956,587,2,3123.49
3957,588,1,41.21
3958,588,3,206.05
3959,589,1,1692.83
3960,589,3,8464.15
3961,590,1,47.16
3962,590,3,235.81
3963,591,1,170.69
3964,591,3,853.46
3965,592,1,146.3
3966,592,3,731.5
3967,593,1,1404.85
3968,593,3,7024.26
3969,594,1,51.02
3970,594,3,255.08
3971,595,1,454.89
3972,595,3,2274.46
3973,596,2,187.09
3974,597,2,1038.34
3975,598,2,470.56
3976,599,2,1710.34
3977,600,1,41.43
3978,600,3,207.14
3979,601,2,476.15
3980,602,2,1139.01
3981,603,2,1110.66
3982,604,2,485.31
3983,605,2,1015.58
3984,606,1,342.9
3985,606,3,1714.51
3986,607,1,259.02
3987,607,3,1295.1
3988,608,1,114.31
3989,608,3,571.56
3990,609,1,526.18
3991,609,3,2630.89
3992,610,1,235.29
3993,610,3,1176.44
3994,612,1,79.99
3995,612,3,399.97
3996,613,2,277.3
3997,614,1,73.87
3998,614,3,369.34
3999,615,1,591.44
4000,615,3,2957.22
4001,616,1,340.7
4002,616,3,1703.5
4003,618,1,222.71
4004,618,3,1113.55
4005,619,1,804.81
4006,619,3,4024.03
4007,620,1,383.59
4008,620,3,1917.94
4009,621,1,604.94
4010,621,3,3024.7
4011,622,1,936.25
4012,622,3,4681.25
4013,623,1,24.99
4014,623,3,124.96
4015,624,1,442.67
4016,624,3,2213.33
4017,625,1,149.69
4018,625,3,748.47
4019,626,2,915.76
4020,627,1,154.14
4021,627,3,770.69
4022,628,1,16.91
4023,628,3,84.55
4024,629,1,379.96
4025,629,3,1899.82
4026,630,2,478.82
4027,631,1,608.32
4028,631,3,3041.6
4029,632,2,6104.25
4030,633,1,618.73
4031,633,3,3093.63
4032,634,2,418.99
4033,635,2,1143.28
4034,636,1,360.81
4035,636,3,1804.03
4036,637,1,106.71
4037,637,3,533.54
4038,639,1,24.73
4039,639,3,123.63
4040,640,2,4431.8
4041,641,1,65.23
4042,641,3,326.13
4043,642,1,28.02
4044,642,3,140.09
4045,643,1,293.68
4046,643,3,1468.41
4047,644,1,666.03
4048,644,3,3330.14
4049,645,1,1082.56
4050,645,3,5412.82
4051,646,2,1098
4052,647,2,1295.93
4053,648,2,1332.65
4054,649,2,2234.94
4055,650,2,3649.33
4056,651,1,460.57
4057,651,3,2302.85
4058,652,1,149.81
4059,652,3,749.03
4060,653,1,6.5
4061,653,3,32.49
4062,654,1,125.72
4063,654,3,628.58
4064,655,2,1446.52
4065,657,1,593.92
4066,657,3,2969.6
4067,659,2,5615.11
4068,660,2,1444.73
4069,661,1,556.28
4070,661,3,2781.4
4071,662,2,1540.66
4072,663,1,493.72
4073,663,3,2468.58
4074,664,1,178.3
4075,664,3,891.49
4076,665,2,2947.8
4077,668,1,70.04
4078,668,3,350.19
4079,669,2,1731.34
4080,670,1,88.72
4081,670,3,443.62
4082,672,2,1929.93
4083,673,2,2248.56
4084,674,2,1993.94
4085,675,2,1032.77
4086,676,1,844.17
4087,676,3,4220.86
4088,677,2,264.35
4089,678,1,147.6
4090,678,3,738.01
4091,684,1,104.61
4092,684,3,523.04
4093,685,2,767.31
4094,686,1,162.69
4095,686,3,813.46
4096,688,1,11.64
4097,688,3,58.21
4098,689,1,371.42
4099,689,3,1857.11
4100,690,1,89.76
4101,690,3,448.82
4102,691,1,120.58
4103,691,3,602.92
4104,692,2,1304.84
4105,694,2,251.52
4106,695,2,385.56
4107,697,1,681.67
4108,697,3,3408.35
4109,699,2,6893.18
4110,700,1,215.43
4111,700,3,1077.17
4112,701,2,429.9
4113,703,1,7.94
4114,703,3,39.7
4115,704,1,70.15
4116,704,3,350.74
4117,705,1,211.52
4118,705,3,1057.6
4119,706,1,35.97
4120,706,3,179.83
4121,707,1,168.74
4122,707,3,843.69
4123,708,1,761.9
4124,708,3,3809.52
4125,711,1,594.62
4126,711,3,2973.11
4127,712,1,138.48
4128,712,3,692.39
4129,714,2,7785.8
4130,717,2,1684.07
4131,718,2,130.67
4132,719,1,5.7
4133,719,3,28.51
4134,720,1,137.51
4135,720,3,687.54
4136,721,1,165.69
4137,721,3,828.47
4138,722,2,8247.75
4139,723,1,274.9
4140,723,3,1374.5
4141,724,2,1141.01
4142,729,1,390.62
4143,729,3,1953.1
4144,733,2,154.95
4145,734,1,875.91
4146,734,3,4379.56
4147,735,1,1360.77
4148,735,3,6803.84
4149,736,1,659.84
4150,736,3,3299.18
4151,738,1,660.97
4152,738,3,3304.86
4153,739,1,929.8
4154,739,3,4649.02
4155,740,2,6240.22
4156,741,1,285.89
4157,741,3,1429.45
4158,742,1,548.58
4159,742,3,2742.91
4160,743,2,99.97
4161,744,1,11.68
4162,744,3,58.42
4163,745,1,2.68
4164,745,3,13.38
4165,746,1,190.37
4166,746,3,951.85
4167,747,1,137.35
4168,747,3,686.76
4169,748,2,1932.86
4170,749,1,178.06
4171,749,3,890.31
4172,750,2,145.79
4173,751,2,817.18
4174,752,1,376.89
4175,752,3,1884.46
4176,753,1,191.46
4177,753,3,957.3
4178,754,1,51.85
4179,754,3,259.26
4180,755,2,230.29
4181,757,1,159.43
4182,757,3,797.14
4183,758,2,104.1
4184,759,2,1918.74
4185,760,1,23.37
4186,760,3,116.84
4187,761,1,98.13
4188,761,3,490.63
4189,762,1,261.3
4190,762,3,1306.48
4191,763,2,7424.5
4192,764,2,194.72
4193,765,2,1575.62
4194,766,2,194.81
4195,767,2,179.95
4196,768,2,2218.13
4197,769,1,170.55
4198,769,3,852.74
4199,770,1,375.87
4200,770,3,1879.34
4201,771,2,1230.06
4202,774,1,56.99
4203,774,3,284.96
4204,775,1,401.17
4205,775,3,2005.85
4206,776,1,141.17
4207,776,3,705.84
4208,777,2,5539.44
4209,778,1,614.77
4210,778,3,3073.85
4211,779,1,338.23
4212,779,3,1691.16
4213,780,2,1581.43
4214,781,1,285.93
4215,781,3,1429.63
4216,783,2,68.25
4217,786,1,275.5
4218,786,3,1377.51
4219,787,1,771.84
4220,787,3,3859.2
4221,788,1,1442.19
4222,788,3,7210.93
4223,790,2,5401.17
4224,791,2,1142.41
4225,792,2,2263.63
4226,793,2,7475.66
4227,794,1,481.28
4228,794,3,2406.39
4229,795,1,640.17
4230,795,3,3200.83
4231,796,1,343.52
4232,796,3,1717.59
4233,797,1,172.18
4234,797,3,860.91
4235,798,2,2353.91
4236,799,1,278.79
4237,799,3,1393.93
4238,800,1,155.18
4239,800,3,775.9
4240,801,1,2231.53
4241,801,3,11157.63
4242,802,1,7.26
4243,802,3,36.32
4244,803,1,519.79
4245,803,3,2598.94
4246,804,1,8.86
4247,804,3,44.28
4248,805,1,185.62
4249,805,3,928.12
4250,806,2,477.76
4251,807,2,812.96
4252,808,2,1417.74
4253,809,2,1089.31
4254,810,2,554.19
4255,811,2,2164.37
4256,812,2,1093.42
4257,813,2,1553.65
4258,814,1,321.03
4259,814,3,1605.13
4260,815,1,96.48
4261,815,3,482.38
4262,816,1,874.16
4263,816,3,4370.79
4264,817,1,174.13
4265,817,3,870.66
4266,818,2,49.69
4267,819,1,450.88
4268,819,3,2254.38
4269,820,1,59.52
4270,820,3,297.61
4271,821,1,221.24
4272,821,3,1106.18
4273,822,1,743.33
4274,822,3,3716.65
4275,823,2,20.42
4276,824,2,5553.25
4277,825,2,593.78
4278,826,1,18.72
4279,826,3,93.61
4280,827,1,22.31
4281,827,3,111.55
4282,828,2,703.32
4283,829,2,19.02
4284,830,2,8445.52
4285,831,2,5882.97
4286,832,2,2861.52
4287,833,2,1498.19
4288,834,1,184.17
4289,834,3,920.87
4290,835,1,87.99
4291,835,3,439.96
4292,839,1,41.06
4293,839,3,205.32
4294,840,1,364.43
4295,840,3,1822.17
4296,841,1,214.19
4297,841,3,1070.95
4298,842,1,953.46
4299,842,3,4767.3
4300,843,1,967.1
4301,843,3,4835.49
4302,844,2,7904.29
4303,845,2,6091.61
4304,846,2,12844.22
4305,847,2,3918.36
4306,848,2,5040.04
4307,850,2,249.34
4308,851,2,848.72
4309,852,1,193.38
4310,852,3,966.88
4311,853,1,398.17
4312,853,3,1990.87
4313,854,1,136.8
4314,854,3,684.01
4315,855,2,634.5
4316,856,2,884.51
4317,857,2,4650.41
4318,858,1,527.03
4319,858,3,2635.13
4320,859,1,424.81
4321,859,3,2124.03
4322,860,2,35.12
4323,861,2,321.53
4324,862,2,1368.23
4325,863,2,4446.54
4326,864,2,3125.04
4327,865,1,735.98
4328,865,3,3679.91
4329,866,2,2046.3
4330,867,2,4995.11
4331,868,2,10523.03
4332,869,2,2995.1
4333,870,2,5719.53
4334,871,2,1108.26
4335,872,1,186.56
4336,872,3,932.79
4337,873,2,6642.54
4338,874,2,11126.41
4339,875,2,912.44
4340,876,2,1469.04
4341,877,1,145.2
4342,877,3,725.99
4343,878,2,310.92
4344,879,2,14207.5
4345,880,2,3644.84
4346,881,2,248.92
4347,882,2,3049.36
4348,883,2,5195.35
4349,884,2,996.82
4350,885,2,314.93
4351,886,2,13976.04
4352,887,2,7176.96
4353,888,2,252.99
4354,889,2,647.6
4355,890,2,1545.86
4356,891,2,3629.23
4357,892,2,3794.17
4358,893,2,3883.59
4359,894,2,6642.92
4360,895,1,76.26
4361,895,3,381.32
4362,896,1,89.47
4363,896,3,447.36
4364,897,1,322.17
4365,897,3,1610.86
4366,898,2,45.33
4367,902,1,275.6
4368,902,3,1378
4369,903,2,6391.71
4370,904,1,170.56
4371,904,3,852.8
4372,905,1,6.09
4373,905,3,30.44
4374,906,1,323.43
4375,906,3,1617.17
4376,907,2,268.47
4377,908,2,948.75
4378,909,2,70.33
4379,910,2,153.92
4380,911,2,5101.56
4381,912,2,133.47
4382,913,2,1041.62
4383,914,1,200.05
4384,914,3,1000.25
4385,915,1,347.92
4386,915,3,1739.62
4387,918,1,606.42
4388,918,3,3032.08
4389,922,1,388.54
4390,922,3,1942.68
4391,923,1,70.5
4392,923,3,352.5
4393,924,1,68.34
4394,924,3,341.71
4395,925,1,45.29
4396,925,3,226.45
4397,926,1,23.3
4398,926,3,116.52
4399,927,2,423.03
4400,928,1,505.28
4401,928,3,2526.41
4402,929,2,756.81
4403,930,2,369.89
4404,931,2,1497.29
4405,932,2,1867.61
4406,933,1,264.02
4407,933,3,1320.12
4408,934,1,1063.57
4409,934,3,5317.86
4410,936,2,1958.77
4411,937,1,87.03
4412,937,3,435.14
4413,938,1,120.42
4414,938,3,602.08
4415,939,1,1080.94
4416,939,3,5404.72
4417,940,1,105.37
4418,940,3,526.85
4419,941,1,60.93
4420,941,3,304.64
4421,942,1,1358.96
4422,942,3,6794.81
4423,943,1,757.56
4424,943,3,3787.8
4425,944,1,272.7
4426,944,3,1363.52
4427,945,1,285.81
4428,945,3,1429.07
4429,946,1,74.36
4430,946,3,371.8
4431,947,1,361.49
4432,947,3,1807.44
4433,948,1,30.54
4434,948,3,152.7
4435,949,1,177.61
4436,949,3,888.05
4437,950,1,993.19
4438,950,3,4965.93
4439,951,2,3308.19
4440,952,1,50.55
4441,952,3,252.76
4442,953,1,48.76
4443,953,3,243.82
4444,954,1,512.33
4445,954,3,2561.65
4446,955,2,1599.89
4447,956,2,1884.31
4448,959,2,3488.22
4449,961,1,701.91
4450,961,3,3509.56
4451,962,1,538.8
4452,962,3,2694.01
4453,963,2,1668.88
4454,964,2,121.85
4455,965,2,2407.37
4456,966,1,65.2
4457,966,3,325.99
4458,967,1,147.79
4459,967,3,738.96
4460,968,1,266
4461,968,3,1330.01
4462,969,2,1117.7
4463,970,1,273.77
4464,970,3,1368.84
4465,971,1,51.83
4466,971,3,259.16
4467,972,1,250.89
4468,972,3,1254.47
4469,973,1,1374.5
4470,973,3,6872.5
4471,974,1,522.82
4472,974,3,2614.08
4473,975,1,9.9
4474,975,3,49.49
4475,976,2,1569.59
4476,977,2,1070.71
4477,978,2,10734.16
4478,980,1,379.07
4479,980,3,1895.35
4480,981,1,167.26
4481,981,3,836.28
4482,982,1,27.77
4483,982,3,138.85
4484,983,2,908.85
4485,985,1,279.61
4486,985,3,1398.07
4487,986,1,179.65
4488,986,3,898.27
4489,987,1,49.22
4490,987,3,246.11
4491,988,2,3802.28
4492,989,2,816.59
4493,990,1,34.11
4494,990,3,170.55
4495,991,1,37.76
4496,991,3,188.8
4497,992,1,89.93
4498,992,3,449.65
4499,993,1,350.68
4500,993,3,1753.39
4501,994,1,243.68
4502,994,3,1218.4
4503,995,2,1351.57
4504,996,1,26.4
4505,996,3,132.02
4506,997,2,1979.57
4507,998,1,144.61
4508,998,3,723.04
4509,999,1,212.85
4510,999,3,1064.26
4511,1000,1,20.4
4512,1000,3,101.98
4513,1001,1,840.42
4514,1001,3,4202.11
4515,1006,1,993.07
4516,1006,3,4965.33
4517,1007,2,15031.59
4518,1010,1,30.81
4519,1010,3,154.03
4520,1012,1,6.08
4521,1012,3,30.38
4522,1013,1,46.43
4523,1013,3,232.13
4524,1014,1,189.76
4525,1014,3,948.8
4526,1015,1,216.76
4527,1015,3,1083.8
4528,1016,2,195.54
4529,1017,2,1162.55
4530,1019,1,328.82
4531,1019,3,1644.11
4532,1021,1,258.72
4533,1021,3,1293.6
4534,1023,1,143.31
4535,1023,3,716.57
4536,1024,1,37.74
4537,1024,3,188.68
4538,1025,1,149.66
4539,1025,3,748.31
4540,1026,1,165.11
4541,1026,3,825.56
4542,1028,1,614.51
4543,1028,3,3072.56
4544,1029,1,171.96
4545,1029,3,859.82
4546,1030,1,991.22
4547,1030,3,4956.1
4548,1032,2,2307.34
4549,1033,1,181.13
4550,1033,3,905.63
4551,1034,1,53.31
4552,1034,3,266.56
4553,1035,2,993.89
4554,1036,2,142.26
4555,1037,1,40.88
4556,1037,3,204.4
4557,1038,1,268.95
4558,1038,3,1344.77
4559,1039,1,42.55
4560,1039,3,212.74
4561,1040,1,365.92
4562,1040,3,1829.58
4563,1041,2,1803.38
4564,1042,1,61.7
4565,1042,3,308.49
4566,1043,1,390.26
4567,1043,3,1951.31
4568,1044,2,255.45
4569,1045,2,2435.63
4570,1046,2,3401.99
4571,1047,1,2166.86
4572,1047,3,10834.32
4573,1048,2,853.54
4574,1049,1,13.54
4575,1049,3,67.7
4576,1050,1,608.58
4577,1050,3,3042.88
4578,1051,2,1107.64
4579,1052,2,1748.04
4580,1053,1,41.88
4581,1053,3,209.42
4582,1054,1,602.24
4583,1054,3,3011.21
4584,1055,1,40.53
4585,1055,3,202.65
4586,1056,2,160.66
4587,1057,1,77.14
4588,1057,3,385.7
4589,1058,2,4297.87
4590,1059,2,6621.79
4591,1060,1,22.63
4592,1060,3,113.13
4593,1062,1,682.31
4594,1062,3,3411.57
4595,1063,1,39.73
4596,1063,3,198.64
4597,1064,1,359.4
4598,1064,3,1796.98
4599,1065,1,37.63
4600,1065,3,188.13
4601,1066,1,813.54
4602,1066,3,4067.71
4603,1067,2,4514.46
4604,1068,1,303.1
4605,1068,3,1515.51
4606,1069,1,181.14
4607,1069,3,905.7
4608,1070,2,1527.66
4609,1071,1,598.16
4610,1071,3,2990.78
4611,1072,1,168.21
4612,1072,3,841.06
4613,1073,1,86.53
4614,1073,3,432.66
4615,1074,1,43.62
4616,1074,3,218.08
4617,1076,1,189.9
4618,1076,3,949.5
4619,1077,1,226.54
4620,1077,3,1132.72
4621,1078,1,262.42
4622,1078,3,1312.08
4623,1079,1,20.3
4624,1079,3,101.49
4625,1080,1,35.46
4626,1080,3,177.32
4627,1081,2,3758.02
4628,1082,2,851.2
4629,1083,1,159.77
4630,1083,3,798.84
4631,1084,2,3076.28
4632,1085,2,1858.77
4633,1086,2,924
4634,1087,1,909.49
4635,1087,3,4547.44
4636,1088,1,44.35
4637,1088,3,221.75
4638,1089,1,110.56
4639,1089,3,552.78
4640,1090,1,60.08
4641,1090,3,300.39
4642,1091,1,71.62
4643,1091,3,358.1
4644,1093,2,5947.78
4645,1094,1,34.62
4646,1094,3,173.09
4647,1095,2,4029.8
4648,1096,1,101.49
4649,1096,3,507.45
4650,1100,1,704.42
4651,1100,3,3522.09
4652,1101,1,664.61
4653,1101,3,3323.03
4654,1102,1,1371.47
4655,1102,3,6857.34
4656,1103,1,15.65
4657,1103,3,78.23
4658,1104,1,33.31
4659,1104,3,166.54
4660,1105,2,3367.49
4661,1106,2,777.52
4662,1107,1,275.09
4663,1107,3,1375.44
4664,1108,1,969.13
4665,1108,3,4845.64
4666,1109,2,623.14
4667,1110,1,380.36
4668,1110,3,1901.78
4669,1111,2,15.13
4670,1112,2,580.36
4671,1113,1,496.12
4672,1113,3,2480.59
4673,1116,2,544.9
4674,1117,1,150.31
4675,1117,3,751.55
4676,1118,1,337.76
4677,1118,3,1688.8
4678,1119,1,814.51
4679,1119,3,4072.53
4680,1120,1,247.74
4681,1120,3,1238.68
4682,1121,1,117.96
4683,1121,3,589.78
4684,1122,1,92.16
4685,1122,3,460.81
4686,1123,1,64.33
4687,1123,3,321.63
4688,1127,2,1132.82
4689,1128,2,2791.23
4690,1129,1,226.13
4691,1129,3,1130.66
4692,1130,1,139.94
4693,1130,3,699.7
4694,1131,1,376.82
4695,1131,3,1884.1
4696,1132,1,1298.45
4697,1132,3,6492.23
4698,1133,1,106.07
4699,1133,3,530.33
4700,1134,2,7.06
4701,1135,2,628.59
4702,1136,1,54.47
4703,1136,3,272.35
4704,1137,1,348.24
4705,1137,3,1741.2
4706,1138,2,6039.93
4707,1139,2,254.47
4708,1140,1,187.49
4709,1140,3,937.44
4710,1142,1,936.86
4711,1142,3,4684.29
4712,1144,2,3506.57
4713,1145,1,131.81
4714,1145,3,659.06
4715,1146,1,234.62
4716,1146,3,1173.08
4717,1147,2,117.83
4718,1148,2,603.61
4719,1149,1,266.93
4720,1149,3,1334.63
4721,1150,1,155.26
4722,1150,3,776.31
4723,1151,1,102.84
4724,1151,3,514.21
4725,1152,1,196.94
4726,1152,3,984.68
4727,1153,1,282.63
4728,1153,3,1413.14
4729,1154,1,229.31
4730,1154,3,1146.57
4731,1155,1,209.33
4732,1155,3,1046.66
4733,1156,1,94.73
4734,1156,3,473.67
4735,1157,2,281.68
4736,1158,1,27.87
4737,1158,3,139.36
4738,1159,1,68.71
4739,1159,3,343.57
4740,1160,1,11.64
4741,1160,3,58.19
4742,1161,1,58.6
4743,1161,3,292.98
4744,1162,2,1702.98
4745,1163,1,777.33
4746,1163,3,3886.65
4747,1164,2,310.79
4748,1165,1,494.05
4749,1165,3,2470.23
4750,1166,1,59.53
4751,1166,3,297.64
4752,1167,1,277.07
4753,1167,3,1385.34
4754,1168,2,870.63
4755,1169,2,727.36
4756,1170,1,36.77
4757,1170,3,183.87
4758,1171,2,3389.4
4759,1172,1,237.2
4760,1172,3,1186
4761,1173,2,455.75
4762,1174,1,577.64
4763,1174,3,2888.21
4764,1175,1,190.27
4765,1175,3,951.36
4766,1176,1,244.67
4767,1176,3,1223.36
4768,1177,2,7787.85
4769,1178,2,3776.94
4770,1179,1,256.75
4771,1179,3,1283.73
4772,1180,1,1915.74
4773,1180,3,9578.68
4774,1181,1,5.72
4775,1181,3,28.58
4776,1182,1,36.09
4777,1182,3,180.45
4778,1183,1,144.7
4779,1183,3,723.49
4780,1184,1,44.48
4781,1184,3,222.42
4782,1185,1,8.52
4783,1185,3,42.58
4784,1186,1,256.87
4785,1186,3,1284.34
4786,1187,2,6072.47
4787,1188,2,928.24
4788,1189,2,2025.51
4789,1190,2,1195.69
4790,1191,2,267.94
4791,1193,1,956.43
4792,1193,3,4782.17
4793,1194,1,85.91
4794,1194,3,429.56
4795,1196,1,91.57
4796,1196,3,457.85
4797,1197,1,336.33
4798,1197,3,1681.65
4799,1198,1,59.41
4800,1198,3,297.05
4801,1199,1,431.82
4802,1199,3,2159.1
4803,1200,2,3321.84
4804,1201,1,3708.65
4805,1201,3,18543.24
4806,1202,1,225.44
4807,1202,3,1127.19
4808,1203,2,309.14
4809,1204,1,1064.01
4810,1204,3,5320.07
4811,1208,1,227.57
4812,1208,3,1137.85
4813,1210,1,11.68
4814,1210,3,58.39
4815,1211,1,924.62
4816,1211,3,4623.08
4817,1212,1,172.44
4818,1212,3,862.22
4819,1213,1,153.83
4820,1213,3,769.15
4821,1214,1,19.15
4822,1214,3,95.76
4823,1215,2,1169.99
4824,1216,1,77.57
4825,1216,3,387.84
4826,1217,2,11170.72
4827,1218,1,297.81
4828,1218,3,1489.04
4829,1219,2,222.34
4830,1220,2,615.56
4831,1221,1,231.22
4832,1221,3,1156.09
4833,1222,1,132.54
4834,1222,3,662.72
4835,1223,2,477.06
4836,1224,2,1750.73
4837,1225,1,1507.52
4838,1225,3,7537.59
4839,1226,2,1669.15
4840,1227,1,281.47
4841,1227,3,1407.34
4842,1228,2,2397.3
4843,1229,2,1093.86
4844,1230,1,363.31
4845,1230,3,1816.57
4846,1231,2,765.05
4847,1233,1,147.51
4848,1233,3,737.53
4849,1234,2,6660.77
4850,1235,1,54.36
4851,1235,3,271.78
4852,1236,2,1635.83
4853,1237,2,5716.56
4854,1240,2,2524.18
4855,1241,2,74.04
4856,1242,2,2234.29
4857,1243,2,5.37
4858,1244,2,1132.75
4859,1245,2,12.67
4860,1247,2,5020.06
4861,1248,1,184.65
4862,1248,3,923.27
4863,1249,2,144.13
4864,1250,1,485.75
4865,1250,3,2428.77
4866,1254,2,11.56
4867,1255,2,46.08
4868,1256,2,47.13
4869,1257,2,61.29
4870,1258,2,170.33
4871,1259,2,173.44
4872,1260,1,720.38
4873,1260,3,3601.91
4874,1261,1,133.13
4875,1261,3,665.63
4876,1262,1,230.01
4877,1262,3,1150.03
4878,1263,1,884.95
4879,1263,3,4424.76
4880,1264,1,190.87
4881,1264,3,954.33
4882,1266,2,2554.41
4883,1267,2,3371.84
4884,1268,2,72.55
4885,1269,1,617.52
4886,1269,3,3087.61
4887,1270,1,67.21
4888,1270,3,336.06
4889,1271,2,233.39
4890,1272,1,13.19
4891,1272,3,65.93
4892,1273,1,24.57
4893,1273,3,122.87
4894,1274,2,489.76
4895,1275,1,30.15
4896,1275,3,150.75
4897,1276,1,43.96
4898,1276,3,219.78
4899,1277,1,74.57
4900,1277,3,372.83
4901,1278,1,68.79
4902,1278,3,343.93
4903,1279,1,412.24
4904,1279,3,2061.2
4905,1280,1,1.46
4906,1280,3,7.29
4907,1282,2,1978.23
4908,1283,2,676.62
4909,1284,1,382.25
4910,1284,3,1911.23
4911,1285,1,48.09
4912,1285,3,240.46
4913,1286,1,60.45
4914,1286,3,302.23
4915,1287,1,7.37
4916,1287,3,36.83
4917,1288,1,16.32
4918,1288,3,81.6
4919,1289,1,17.03
4920,1289,3,85.16
4921,1290,1,62.31
4922,1290,3,311.56
4923,1291,1,21.68
4924,1291,3,108.41
4925,1292,1,134.57
4926,1292,3,672.85
4927,1293,1,38.82
4928,1293,3,194.11
4929,1294,1,66.02
4930,1294,3,330.09
4931,1295,1,70.25
4932,1295,3,351.27
4933,1296,2,4908.37
4934,1297,1,244.47
4935,1297,3,1222.37
4936,1298,1,16.72
4937,1298,3,83.59
4938,1299,2,2120.16
4939,1300,2,1676.76
4940,1301,1,80.97
4941,1301,3,404.83
4942,1302,1,289.68
4943,1302,3,1448.42
4944,1303,1,417.73
4945,1303,3,2088.65
4946,1304,1,200.73
4947,1304,3,1003.65
4948,1305,1,265.73
4949,1305,3,1328.64
4950,1306,2,3061.31
4951,1307,1,252.85
4952,1307,3,1264.26
4953,1308,2,240.56
4954,1309,1,313.25
4955,1309,3,1566.23
4956,1310,2,674.81
4957,1311,1,166.35
4958,1311,3,831.77
4959,1312,1,254.89
4960,1312,3,1274.46
4961,1314,2,3560.42
4962,1316,1,151.73
4963,1316,3,758.66
4964,1317,1,151.71
4965,1317,3,758.56
4966,1318,1,40.55
4967,1318,3,202.76
4968,1319,1,349.02
4969,1319,3,1745.11
4970,1320,1,18.4
4971,1320,3,92
4972,1321,1,720.93
4973,1321,3,3604.65
4974,1322,1,87.05
4975,1322,3,435.26
4976,1324,2,443.09
4977,1325,1,13.9
4978,1325,3,69.49
4979,1326,2,409.05
4980,1327,2,900.65
4981,1328,1,244.1
4982,1328,3,1220.52
4983,1329,1,364.48
4984,1329,3,1822.38
4985,1330,1,12.13
4986,1330,3,60.65
4987,1331,1,38.98
4988,1331,3,194.91
4989,1332,1,9.33
4990,1332,3,46.63
4991,1333,2,100.09
4992,1334,1,21.94
4993,1334,3,109.69
4994,1335,1,856.18
4995,1335,3,4280.92
4996,1336,1,751.84
4997,1336,3,3759.19
4998,1337,1,1608.71
4999,1337,3,8043.57
5000,1338,1,178.24
5001,1338,3,891.22
5002,1343,2,9.2
5003,1344,2,87.94
5004,1345,1,41.01
5005,1345,3,205.06
5006,1346,1,172.67
5007,1346,3,863.34
5008,1347,1,152.86
5009,1347,3,764.28
5010,1348,1,123.14
5011,1348,3,615.68
5012,1349,2,138.92
5013,1350,2,642.4
5014,1351,2,393.83
5015,1352,1,702.01
5016,1352,3,3510.06
5017,1353,2,252.99
5018,1354,2,760.96
5019,1355,1,66.15
5020,1355,3,330.73
5021,1356,1,417.4
5022,1356,3,2086.98
5023,1357,2,1701.72
5024,1358,1,438.03
5025,1358,3,2190.17
5026,1359,1,375.11
5027,1359,3,1875.54
5028,1360,2,98.95
5029,1361,2,449.96
5030,1362,2,54.27
5031,1363,2,28.8
5032,1364,2,243.47
5033,1365,1,225.89
5034,1365,3,1129.45
5035,1366,1,847.01
5036,1366,3,4235.05
5037,1368,1,339.9
5038,1368,3,1699.5
5039,1369,1,182.39
5040,1369,3,911.97
5041,1370,2,3548.17
5042,1371,2,707.37
5043,1372,2,2181.35
5044,1373,1,136.69
5045,1373,3,683.46
5046,1374,1,125.1
5047,1374,3,625.48
5048,1375,2,1360.5
5049,1377,1,124.1
5050,1377,3,620.49
5051,1379,1,162.75
5052,1379,3,813.77
5053,1380,1,438.05
5054,1380,3,2190.27
5055,1381,2,778.99
5056,1382,1,242.68
5057,1382,3,1213.41
5058,1383,1,232.07
5059,1383,3,1160.33
5060,1384,2,932.52
5061,1385,1,330.24
5062,1385,3,1651.21
5063,1386,1,403.92
5064,1386,3,2019.58
5065,1387,1,156.78
5066,1387,3,783.92
5067,1388,1,241.74
5068,1388,3,1208.69
5069,1389,1,224.45
5070,1389,3,1122.25
5071,1390,1,186.34
5072,1390,3,931.68
5073,1391,1,214.04
5074,1391,3,1070.2
5075,1392,1,172.47
5076,1392,3,862.36
5077,1393,2,6632.51
5078,1394,1,386.66
5079,1394,3,1933.3
5080,1395,2,888.52
5081,1396,2,2640.21
5082,1397,2,1977.91
5083,1398,1,20.47
5084,1398,3,102.36
5085,1399,1,71.07
5086,1399,3,355.35
5087,1400,1,26.52
5088,1400,3,132.58
5089,1402,2,2293.9
5090,1403,2,183.14
5091,1404,1,288.14
5092,1404,3,1440.7
5093,1405,1,1518.56
5094,1405,3,7592.81
5095,1406,2,4544.37
5096,1407,2,4682.79
5097,1408,2,87.46
5098,1409,2,5309.76
5099,1410,1,304.38
5100,1410,3,1521.92
5101,1411,2,5208.59
5102,1412,2,1604.09
5103,1413,2,799.52
5104,1414,1,6.84
5105,1414,3,34.2
5106,1415,1,107.98
5107,1415,3,539.88
5108,1416,1,50.82
5109,1416,3,254.1
5110,1417,2,77.4
5111,1418,2,678.1
5112,1419,2,1319.89
5113,1420,1,316.25
5114,1420,3,1581.27
5115,1421,2,23.08
5116,1422,1,382.12
5117,1422,3,1910.59
5118,1424,2,13087.09
5119,1425,1,83.84
5120,1425,3,419.22
5121,1426,1,12.51
5122,1426,3,62.53
5123,1427,1,47.18
5124,1427,3,235.88
5125,1428,1,62.91
5126,1428,3,314.56
5127,1429,1,217.6
5128,1429,3,1088.02
5129,1430,1,408.72
5130,1430,3,2043.61
5131,1431,1,1008.69
5132,1431,3,5043.47
5133,1432,2,2483.33
5134,1433,1,85
5135,1433,3,425.01
5136,1434,1,428.8
5137,1434,3,2143.98
5138,1435,2,1133.54
5139,1436,2,435.03
5140,1437,2,159.99
5141,1438,2,2692.91
5142,1440,2,637.97
5143,1441,1,267.16
5144,1441,3,1335.81
5145,1442,1,160.98
5146,1442,3,804.91
5147,1443,1,145.72
5148,1443,3,728.61
5149,1444,1,773.41
5150,1444,3,3867.06
5151,1445,1,640.04
5152,1445,3,3200.18
5153,1446,1,418.36
5154,1446,3,2091.78
5155,1447,1,149.36
5156,1447,3,746.79
5157,1448,1,90.21
5158,1448,3,451.04
5159,1449,2,302.25
5160,1450,2,1178.17
5161,1451,2,418.76
5162,1452,2,430.88
5163,1454,1,47.41
5164,1454,3,237.05
5165,1457,1,947.45
5166,1457,3,4737.25
5167,1458,1,294.61
5168,1458,3,1473.07
5169,1459,1,210.04
5170,1459,3,1050.22
5171,1460,2,2336.88
5172,1461,1,17.54
5173,1461,3,87.68
5174,1462,1,182.5
5175,1462,3,912.52
5176,1463,1,116.93
5177,1463,3,584.66
5178,1464,1,341.47
5179,1464,3,1707.35
5180,1465,1,466.73
5181,1465,3,2333.67
5182,1466,1,27.64
5183,1466,3,138.21
5184,1467,1,48.41
5185,1467,3,242.06
5186,1468,1,68.17
5187,1468,3,340.84
5188,1469,1,19.36
5189,1469,3,96.78
5190,1473,1,137.26
5191,1473,3,686.3
5192,1474,1,87.44
5193,1474,3,437.19
5194,1475,1,102.1
5195,1475,3,510.5
5196,1476,2,1041.22
5197,1477,1,180.96
5198,1477,3,904.8
5199,1478,1,1856.02
5200,1478,3,9280.09
5201,1479,1,2249.74
5202,1479,3,11248.71
5203,1480,1,1090.52
5204,1480,3,5452.59
5205,1481,2,503.06
5206,1482,2,1285.64
5207,1483,1,209.31
5208,1483,3,1046.57
5209,1484,1,927.41
5210,1484,3,4637.03
5211,1485,2,632.99
5212,1486,1,253.54
5213,1486,3,1267.7
5214,1487,1,315.65
5215,1487,3,1578.25
5216,1488,2,923.52
5217,1490,1,141.14
5218,1490,3,705.68
5219,1492,1,139.99
5220,1492,3,699.93
5221,1493,2,4058.58
5222,1494,2,6933.43
5223,1495,1,4.54
5224,1495,3,22.71
5225,1496,1,3.8
5226,1496,3,18.98
5227,1497,1,326.03
5228,1497,3,1630.14
5229,1498,1,382.82
5230,1498,3,1914.08
5231,1500,2,795.6
5232,1501,2,5446.75
5233,1502,1,196.07
5234,1502,3,980.33
5235,1503,1,71.44
5236,1503,3,357.18
5237,1504,1,61.6
5238,1504,3,307.98
5239,1505,1,155.96
5240,1505,3,779.8
5241,1507,1,760.15
5242,1507,3,3800.73
5243,1508,1,424.19
5244,1508,3,2120.97
5245,1509,1,20.56
5246,1509,3,102.81
5247,1510,1,110.47
5248,1510,3,552.33
5249,1511,1,109.89
5250,1511,3,549.46
5251,1512,1,101.53
5252,1512,3,507.65
5253,1513,2,1589.83
5254,1514,1,45.74
5255,1514,3,228.7
5256,1516,2,689.99
5257,1517,2,559.58
5258,1518,2,196.85
5259,1519,2,2459.64
5260,1520,1,59.73
5261,1520,3,298.64
5262,1522,2,5194.02
5263,1523,2,3104.5
5264,1524,1,464.74
5265,1524,3,2323.68
5266,1525,1,215.75
5267,1525,3,1078.77
5268,1526,1,132.87
5269,1526,3,664.34
5270,1529,2,2568.13
5271,1530,2,3457.49
5272,1531,1,108.68
5273,1531,3,543.41
5274,1532,2,92.81
5275,1533,2,79.39
5276,1534,2,272.36
5277,1535,2,195.29
5278,1536,2,261.05
5279,1537,2,5.47
5280,1538,2,80.7
5281,1539,2,10.21
5282,1540,2,10.36
5283,1541,2,18.49
5284,1542,2,42.52
5285,1543,2,1370.54
5286,1544,2,38.81
5287,1545,2,69.27
5288,1546,2,49.83
5289,1547,2,1509.47
5290,1548,1,85.67
5291,1548,3,428.33
5292,1549,1,381.4
5293,1549,3,1907.02
5294,1550,2,602.28
5295,1551,1,1029.28
5296,1551,3,5146.38
5297,1552,1,327.71
5298,1552,3,1638.53
5299,1553,1,106.36
5300,1553,3,531.81
5301,1554,1,124.12
5302,1554,3,620.58
5303,1555,1,448.91
5304,1555,3,2244.57
5305,1556,1,282.03
5306,1556,3,1410.15
5307,1557,1,24.77
5308,1557,3,123.85
5309,1558,1,309.57
5310,1558,3,1547.87
5311,1559,2,1298.89
5312,1560,2,141.94
5313,1562,2,3381.63
5314,1563,2,1648.86
5315,1564,1,567.85
5316,1564,3,2839.27
5317,1567,2,2453.01
5318,1568,2,3228.51
5319,1569,2,2438.02
5320,1570,2,11.81
5321,1571,2,19.68
5322,1573,1,199.48
5323,1573,3,997.42
5324,1574,2,478.99
5325,1575,2,281.66
5326,1576,1,95.9
5327,1576,3,479.52
5328,1577,1,253.88
5329,1577,3,1269.41
5330,1578,1,358.21
5331,1578,3,1791.03
5332,1579,2,1157.03
5333,1580,2,384.24
5334,1581,1,280.01
5335,1581,3,1400.04
5338,1583,2,1520.34
5339,1584,1,239.55
5340,1584,3,1197.73
5341,1585,1,24.61
5342,1585,3,123.06
5343,1586,1,2565.78
5344,1586,3,12828.88
5345,1587,1,2172.27
5346,1587,3,10861.37
5347,1588,1,14.98
5348,1588,3,74.88
5349,1589,1,22.98
5350,1589,3,114.88
5351,1590,1,4.96
5352,1590,3,24.8
5353,1591,1,96.24
5354,1591,3,481.19
5355,1592,1,356.79
5356,1592,3,1783.96
5357,1593,2,669.77
5358,1594,2,107.79
5359,1595,2,7758.55
5360,1597,2,10673.02
5361,1598,1,291.01
5362,1598,3,1455.06
5363,1599,1,146.32
5364,1599,3,731.61
5365,1600,1,159.23
5366,1600,3,796.17
5367,1601,1,144.12
5368,1601,3,720.6
5369,1603,2,118.05
5370,1605,2,2508.83
5371,1606,2,1289.79
5372,1607,1,29.19
5373,1607,3,145.94
5374,1608,1,95.15
5375,1608,3,475.74
5376,1609,1,25.77
5377,1609,3,128.85
5378,1610,1,0.18
5379,1610,3,0.9
5380,1611,1,1999.2
5381,1611,3,9996.01
5382,1612,1,119.01
5383,1612,3,595.07
5384,1613,1,283.84
5385,1613,3,1419.19
5386,1614,2,514.05
5387,1615,2,114.19
5388,1616,2,768.24
5389,1617,1,831.27
5390,1617,3,4156.36
5391,1618,1,274.92
5392,1618,3,1374.59
5393,1619,2,33.45
5394,1620,1,931.57
5395,1620,3,4657.85
5396,1621,2,1169.38
5397,1622,2,393.99
5398,1623,2,1150.09
5399,1624,1,46.74
5400,1624,3,233.7
5401,1625,2,2986
5402,1626,1,244.58
5403,1626,3,1222.88
5404,1627,1,515.04
5405,1627,3,2575.18
5406,1628,1,762.03
5407,1628,3,3810.15
5408,1629,2,2672.71
5409,1630,1,33.43
5410,1630,3,167.17
5411,1631,1,31.62
5412,1631,3,158.1
5413,1632,1,79.64
5414,1632,3,398.18
5415,1633,2,136.95
5416,1634,2,286.92
5417,1635,1,73.01
5418,1635,3,365.04
5419,1636,2,2213.14
5420,1637,2,345.41
5421,1638,1,518.01
5422,1638,3,2590.07
5423,1639,1,141.08
5424,1639,3,705.4
5425,1640,1,88.11
5426,1640,3,440.54
5427,1641,1,46.15
5428,1641,3,230.76
5429,1642,1,1967.42
5430,1642,3,9837.11
5431,1643,1,294.28
5432,1643,3,1471.39
5433,1644,1,100.78
5434,1644,3,503.89
5435,1645,1,141.47
5436,1645,3,707.37
5437,1646,2,2034.71
5438,1647,2,3055.69
5439,1648,2,2707.7
5440,1649,1,172.83
5441,1649,3,864.17
5442,1650,1,57.87
5443,1650,3,289.35
5444,1651,2,478.37
5445,1652,1,319.68
5446,1652,3,1598.39
5447,1653,1,1661.8
5448,1653,3,8308.98
5449,1654,2,3816.78
5450,1655,1,217.44
5451,1655,3,1087.19
5452,1656,1,849.7
5453,1656,3,4248.49
5454,1657,1,58.35
5455,1657,3,291.76
5456,1658,1,68.46
5457,1658,3,342.28
5458,1659,1,160.59
5459,1659,3,802.93
5460,1660,1,70.53
5461,1660,3,352.65
5462,1661,2,3144.18
5463,1662,1,116.44
5464,1662,3,582.22
5465,1663,2,5587.96
5466,1664,2,14191.08
5467,1665,2,1664.19
5468,1666,1,383.13
5469,1666,3,1915.65
5470,1668,2,2737.11
5471,1669,1,546.31
5472,1669,3,2731.54
5473,1670,1,4.74
5474,1670,3,23.68
5475,1671,1,210.33
5476,1671,3,1051.63
5477,1672,1,239.79
5478,1672,3,1198.95
5479,1673,2,1192.85
5480,1674,2,804.1
5481,1675,1,502.45
5482,1675,3,2512.26
5483,1676,1,207.37
5484,1676,3,1036.87
5485,1678,1,555.29
5486,1678,3,2776.43
5487,1679,1,233.58
5488,1679,3,1167.91
5489,1680,1,299.14
5490,1680,3,1495.72
5491,1681,1,85.31
5492,1681,3,426.53
5493,1682,1,100.74
5494,1682,3,503.71
5495,1683,1,500.55
5496,1683,3,2502.77
5497,1684,1,444.01
5498,1684,3,2220.03
5499,1685,2,2552.08
5500,1686,2,2021.03
5501,1687,1,722.87
5502,1687,3,3614.34
5503,1690,1,2981.95
5504,1690,3,14909.76
5505,1692,1,729.6
5506,1692,3,3647.99
5507,1694,2,1312.89
5508,1695,1,1220.11
5509,1695,3,6100.55
5510,1696,2,650.44
5511,1697,1,546.2
5512,1697,3,2730.98
5513,1698,1,484.83
5514,1698,3,2424.17
5515,1699,1,165.42
5516,1699,3,827.09
5517,1700,1,25.71
5518,1700,3,128.54
5519,1701,1,167.34
5520,1701,3,836.72
5521,1702,1,49.3
5522,1702,3,246.52
5523,1703,1,29.13
5524,1703,3,145.66
5525,1704,1,18.88
5526,1704,3,94.39
5527,1705,2,5947.31
5528,1706,2,4683.82
5529,1707,1,1050.42
5530,1707,3,5252.11
5531,1708,1,297.91
5532,1708,3,1489.57
5533,1709,1,22.26
5534,1709,3,111.31
5535,1710,2,3835.84
5536,1711,2,6841.81
5537,1715,1,38.71
5538,1715,3,193.54
5539,1716,1,11.15
5540,1716,3,55.73
5541,1717,1,10.51
5542,1717,3,52.55
5543,1719,1,106.76
5544,1719,3,533.79
5545,1720,1,90.9
5546,1720,3,454.48
5547,1721,1,288.21
5548,1721,3,1441.04
5549,1722,2,1837.28
5550,1723,2,17.19
5551,1724,1,63.46
5552,1724,3,317.3
5553,1725,1,714.78
5554,1725,3,3573.9
5555,1726,1,2855.69
5556,1726,3,14278.43
5557,1727,2,1510.67
5558,1728,1,216.24
5559,1728,3,1081.21
5560,1729,1,192.77
5561,1729,3,963.85
5562,1730,2,240.29
5563,1731,1,1007.3
5564,1731,3,5036.51
5565,1732,2,1327.09
5566,1733,2,1479.28
5567,1734,2,10325.33
5568,1735,2,1504.42
5569,1737,2,106.04
5570,1738,2,384.96
5571,1739,2,2442.03
5572,1740,2,3187.34
5573,1741,1,312.69
5574,1741,3,1563.45
5575,1742,1,471.1
5576,1742,3,2355.51
5577,1743,1,321.25
5578,1743,3,1606.25
5579,1744,2,2236.5
5580,1745,2,7037.63
5581,1746,1,390.03
5582,1746,3,1950.13
5583,1747,1,546.49
5584,1747,3,2732.44
5585,1748,2,721.32
5586,1749,2,578.81
5587,1750,1,1307.71
5588,1750,3,6538.53
5589,1751,1,118.09
5590,1751,3,590.45
5591,1752,1,37.8
5592,1752,3,189.02
5593,1753,2,2378.73
5594,1754,2,3240.04
5595,1755,2,710.06
5596,1757,2,3933.94
5597,1758,2,1006.7
5598,1761,2,169.11
5599,1762,2,1213.25
5600,1763,2,3252.42
5601,1764,1,427.23
5602,1764,3,2136.15
5603,1765,2,1864.27
5604,1766,1,316.11
5605,1766,3,1580.57
5606,1767,2,1428.65
5607,1768,1,1730.33
5608,1768,3,8651.63
5609,1769,2,1187.56
5610,1770,2,484.06
5611,1771,1,133.13
5612,1771,3,665.65
5613,1772,2,663.38
5614,1773,1,731
5615,1773,3,3655
5616,1774,1,332.31
5617,1774,3,1661.55
5618,1775,1,237.8
5619,1775,3,1189.02
5620,1776,1,291.76
5621,1776,3,1458.82
5622,1777,1,722.39
5623,1777,3,3611.96
5624,1778,2,2756.86
5625,1779,2,6485.08
5626,1780,2,2222.47
5627,1781,1,125.24
5628,1781,3,626.18
5629,1782,2,637.08
5630,1786,2,3221.44
5631,1787,2,1292.76
5632,1788,2,5903.73
5633,1789,2,710.11
5634,1792,2,483.82
5635,1793,1,258.7
5636,1793,3,1293.5
5637,1794,1,421.86
5638,1794,3,2109.28
5639,1795,2,2555.29
5640,1796,1,498.22
5641,1796,3,2491.09
5642,1797,1,1276.7
5643,1797,3,6383.48
5644,1798,1,368.32
5645,1798,3,1841.6
5646,1799,1,617.53
5647,1799,3,3087.64
5648,1800,2,863.65
5649,1801,1,1012.36
5650,1801,3,5061.81
5651,1802,1,3658.23
5652,1802,3,18291.17
5653,1804,1,195.56
5654,1804,3,977.78
5655,1805,2,910.14
5656,1806,2,1827.66
5657,1807,2,43.08
5658,1808,2,1566.31
5659,1809,2,4658.87
5660,1810,1,761.16
5661,1810,3,3805.8
5662,1811,2,121
5663,1812,2,809.73
5664,1815,2,3300.55
5665,1816,1,0.23
5666,1816,3,1.17
5667,1817,1,684.86
5668,1817,3,3424.29
5669,1818,1,8.79
5670,1818,3,43.95
5671,1819,2,943.28
5672,1820,2,380.64
5673,1821,1,8.17
5674,1821,3,40.87
5675,1822,1,2.32
5676,1822,3,11.59
5677,1823,2,1234.79
5678,1824,2,568.41
5679,1825,1,225.61
5680,1825,3,1128.04
5681,1826,2,1.05
5682,1828,2,894.85
5683,1829,2,2648.85
5684,1831,2,744.71
5685,1832,1,1705.08
5686,1832,3,8525.39
5687,1833,2,3435.92
5688,1835,1,198.67
5689,1835,3,993.36
5690,1836,1,120.88
5691,1836,3,604.39
5692,1837,2,578.59
5693,1838,1,29.88
5694,1838,3,149.41
5695,1839,1,206.35
5696,1839,3,1031.74
5697,1840,2,1623.63
5698,1841,2,5679.89
5699,1842,2,2253.08
5700,1846,1,355.62
5701,1846,3,1778.11
5702,1848,2,591.81
5703,1849,2,1044.4
5704,1850,2,143.36
5705,1851,2,283.44
5706,1852,2,65.5
5707,1853,2,3418.47
5708,1854,1,1528.55
5709,1854,3,7642.76
5710,1855,2,1689.4
5711,1856,2,1587.39
5712,1857,2,696.44
5713,1858,1,66.68
5714,1858,3,333.41
5715,1859,2,2624.18
5716,1860,2,275.69
5717,1861,2,6473.58
5718,1862,1,1696.65
5719,1862,3,8483.25
5720,1863,2,3179.75
5721,1864,2,3393.39
5722,1865,2,681.58
5723,1866,2,314.7
5724,1867,2,6636.43
5725,1868,2,3714.78
5726,1869,2,9765.04
5727,1870,1,1592.64
5728,1870,3,7963.22
5729,1873,1,1.54
5730,1873,3,7.71
5731,1874,2,119.29
5732,1875,1,1053.51
5733,1875,3,5267.55
5734,1876,1,201.27
5735,1876,3,1006.36
5736,1877,2,990.3
5737,1878,2,12193.75
5738,1879,2,1003.42
5739,1880,2,130.57
5740,1881,2,403.91
5741,1882,2,1174.32
5742,1884,2,963.91
5743,1885,2,7615.93
5744,1886,2,13379.4
5745,1887,2,1462.75
5746,1888,2,619.15
5747,1889,1,609.14
5748,1889,3,3045.72
5749,1890,2,619.15
5750,1891,2,1439.65
5751,1892,1,2342.37
5752,1892,3,11711.87
5753,1893,2,2152.49
5758,1896,2,3594.62
5759,1897,2,8731.01
5760,1904,2,4032.36
5761,1905,2,368.07
5762,1909,1,447.2
5763,1909,3,2236
5764,1910,2,619.15
5765,1911,1,2214.71
5766,1911,3,11073.53
5767,1912,2,689.65
5768,1913,1,1353.13
5769,1913,3,6765.64
5770,1914,1,1743.98
5771,1914,3,8719.92
5772,1916,2,6627.78
5773,1917,2,1815.71
5774,1918,2,1427.68
5775,1919,2,764.55
5776,1920,2,1739.38
5777,1921,2,7730.44
5778,1922,1,290.58
5779,1922,3,1452.91
5780,1923,2,733.62
5781,1924,2,733.62
5782,1925,2,733.62
5783,1927,2,6529.45
5784,1928,2,4989.27
5785,1929,2,2412.11
5786,1930,2,5180.18
5787,1932,2,769.81
5788,1933,2,603.02
5789,1934,2,912.18
5790,1935,2,297.86
5791,1936,2,5633.72
5792,1937,2,5584.16
5793,1938,2,1272.92
5794,1939,2,1069.2
5795,1941,2,2362.73
5796,1942,2,777.38
5797,1943,1,328.66
5798,1943,3,1643.29
5799,1944,2,3916.18
5800,1945,2,528.25
5801,1946,2,2272.26
5802,1948,2,3084.47
5803,1949,2,2243.45
5804,1950,2,1630.34
5805,1951,2,875.63
5806,1952,2,10390.98
5808,1954,1,186.01
5809,1954,3,930.06
5810,1955,1,450.51
5811,1955,3,2252.55
5812,1956,2,986.03
5813,1957,2,941.59
5814,1958,2,2152.29
5815,1959,1,458.85
5816,1959,3,2294.25
5817,1961,2,3560.36
5818,1962,1,2861.06
5819,1962,3,14305.3
5820,1963,2,1591.5
5821,1964,2,2408.45
5822,1965,2,3439.63
5823,1966,2,6879.41
5824,1967,1,1175
5825,1967,3,5874.99
5826,1968,1,237.78
5827,1968,3,1188.88
5828,1969,2,2083.86
5829,1970,1,123.99
5830,1970,3,619.93
5831,1971,2,2035.51
5832,1972,2,5061.81
5833,1973,2,1821.69
5834,1974,1,672.82
5835,1974,3,3364.12
5836,1975,2,2836.15
5837,1976,2,4235.3
5838,1977,2,3706.02
5839,1978,2,5841.13
5840,1979,2,295.77
5841,1980,1,403.85
5842,1980,3,2019.25
5843,1981,2,217.22
5844,1982,2,3571.17
5846,1984,2,2646.05
5847,1985,2,3633.84
5848,1986,2,4150.76
5849,1987,2,90.41
5850,1988,2,7254.13
5852,1990,1,200.31
5853,1990,3,1001.55
5854,1991,2,1762.78
5855,1992,1,581.91
5856,1992,3,2909.53
5857,1993,2,3194.54
5858,1994,2,922.93
5859,1995,1,1304.62
5860,1995,3,6523.09
5861,1996,2,2637.74
5862,1997,2,3514.35
5863,1998,2,561.79
5864,1999,2,675.72
5865,2001,1,486.28
5866,2001,3,2431.4
5867,2002,2,378.84
5868,2003,2,4426.42
5869,2004,2,50.96
5870,2006,2,6836.52
5873,2009,2,96.35
5877,2012,1,178.2
5878,2012,3,890.98
5879,2013,1,219.93
5880,2013,3,1099.67
5881,2014,2,7455.75
5882,2015,2,442.34
5883,2016,2,7141.83
5884,2017,2,1674.32
5885,2019,2,1456.14
5886,2020,2,1549.18
5887,2021,2,8620.84
5888,2022,2,1292.89
5889,2023,1,404.85
5890,2023,3,2024.24
5891,2024,2,7703.59
5892,2025,2,2807.7
5895,2028,2,121.76
5896,2029,2,30.19
5897,2030,1,288.21
5898,2030,3,1441.06
5899,2031,1,450.55
5900,2031,3,2252.75
5901,2032,2,7357.78
5902,2033,2,2487.88
5903,2034,2,6178.11
5904,2035,2,915.85
5905,2036,2,3192.63
5906,2037,2,192.26
5907,2038,2,690.11
5908,2039,2,194.71
5910,2041,1,590.96
5911,2041,3,2954.82
5917,2051,1,243.37
5918,2051,3,1216.86
5927,2052,1,2.78
5928,2052,3,13.89
5929,2053,2,2102.17
5936,2055,4,99.86
5937,2056,4,104.08
5939,2050,2,1429.93
5940,2048,2,6803.77
5942,2058,2,2332.12
5943,2059,2,1199.2
5945,2060,2,1836.68
5948,2062,2,8585.96
5950,2063,2,2170.83
5959,2064,2,268.9
5962,2068,2,3408.65
5963,2069,2,1624.65
5969,2070,2,1245.29
15971,2071,2,302.04
15981,2074,2,2352.43
15996,2079,2,6384.62
15997,2080,1,572.66
15998,2080,3,2863.31
15999,2081,1,20.83
16000,2081,3,104.14
16002,2082,4,691.82
16005,2084,2,1180.9
16006,2085,2,2945.7
16011,2089,2,5416.36
16012,2090,2,1442.25
16015,2093,2,2247.04
16017,2094,2,6010.06
16018,2095,2,5203.16
16019,2096,2,5320.51
16020,2097,2,5018.76
16021,2098,2,5144.93
16022,2099,4,611.07
26014,2102,2,11432.77
26017,2103,2,2505.46
26018,2104,2,1940.46
26020,2106,2,391.52
26021,2107,2,320.47
26022,2108,4,612.22
26023,2109,2,1848.54
26025,2110,2,11914.42
36028,2113,2,1730.98
36029,2114,4,206.19
36032,2116,2,268.02
36033,2117,2,9117.32
36034,2118,4,553.37
36038,2121,4,122.55
36039,2122,4,101.01
36040,2123,4,349.93
46033,2124,2,4744.95
46034,2125,1,144.5
46035,2125,3,722.5
46036,2126,1,61.76
46037,2126,3,308.78
46046,2129,2,1068.91
46047,2130,2,2428.4
46048,2131,4,3528.24
46049,2132,4,1504.58
46051,2134,2,2321.83
46053,2136,2,12148.46
46062,2141,2,112.86
46063,2142,2,9.99
46064,2143,2,21304.75
46065,2144,1,10.05
46066,2144,3,50.24
46067,2145,1,303.74
46068,2145,3,1518.68
46070,2147,2,3657.19
46071,2148,4,7.45
46072,2149,4,24.12
46073,2150,4,18.38
46074,2151,4,18.38
46075,2152,4,18.38
46076,2153,4,18.38
46077,2154,4,18.38
46078,2155,4,18.38
46079,2156,2,1317.54
46089,2161,1,57.58
46090,2161,3,287.9
46092,2162,4,363.91
76034,2167,1,77.29
76035,2167,3,386.47
76038,2169,2,51.3
76039,2170,4,973.81
76040,2171,4,487.57
76041,2172,2,36.26
76042,2173,2,14360.42
76043,2174,2,361.03
76045,2176,1,13.7
76046,2176,3,68.48
76049,2177,1,159.52
76050,2177,3,797.62
76051,2178,2,94.65
86034,2180,2,236.06
96034,2182,2,498.85
96035,2183,2,466.96
96036,2184,2,13453.64
96039,2185,2,1548.43
96040,2186,2,8219.87
96041,2187,2,4251.12
96042,2188,2,1107.34
96043,2189,2,3.67
96044,2190,2,43.71
96045,2191,2,8.42
96046,2192,2,20.71
96047,2193,2,15.21
96048,2194,2,51.54
96050,2195,2,4.85
96051,2196,2,17.62
96052,2197,2,56.61
96053,2198,2,225.73
96054,2199,2,823.66
96055,2200,2,460.74
96056,2201,2,146.31
106035,2203,4,101.29
106036,2204,2,1291.88
106037,2205,2,29.02
106038,2206,2,2178.03
106039,2207,2,20.23
106041,2208,2,63.58
106052,2212,4,112.9
116037,2214,4,69.14
116038,2215,1,-0.44
116039,2215,3,-2.2
126044,2217,2,4160.4
126045,2218,2,94.84
126046,2219,2,4335.95
126048,2221,2,14811.43
126049,2222,4,155.78
136050,2234,2,2478.26
146047,2235,2,88.38
156047,2236,2,1083.91
166051,2238,4,27.73
166052,2239,4,179.2
166053,2240,4,1629.62
166054,2240,7,2281.46
166055,2240,6,22814.62
166056,2241,4,532.2
166057,2241,7,745.08
166058,2241,6,7450.82
166061,2242,4,199.72
166062,2243,4,68.44
166063,2244,4,121.65
166064,2245,4,34.66
166069,2250,2,2389.98
166071,2251,2,5872.32
166072,2252,4,23.64
166073,2252,7,47.29
166074,2252,6,472.89
166075,2253,4,75.66
166076,2253,7,151.33
166077,2253,6,1513.25
166078,2254,4,37.83
166079,2254,7,75.66
166080,2254,6,756.63
166081,2255,4,104.04
166082,2255,7,208.07
166083,2255,6,2080.72
166084,2256,4,66.2
166085,2256,7,132.41
166086,2256,6,1324.1
166087,2257,4,56.75
166088,2257,7,113.49
166089,2257,6,1134.94
166090,2258,4,47.29
166091,2258,7,94.58
166092,2258,6,945.78
166093,2259,4,47.29
166094,2259,7,94.58
166095,2259,6,945.78
166096,2260,4,122.95
166097,2260,7,245.9
166098,2260,6,2459.04
166099,2261,4,18.92
166100,2261,7,37.83
166101,2261,6,378.31
166102,2262,2,5256.81
166109,2265,4,336.62
166110,2266,4,530.24
166111,2267,4,580.51
176072,2268,1,5.71
176073,2268,3,28.55
176074,2269,1,16.91
176075,2269,3,84.56
176076,2270,1,24.17
176077,2270,3,120.84
176082,2275,2,1035.4
176101,2294,2,5436.89
176102,2295,2,500.95
176104,2296,2,21.14
176107,2297,1,0.17
176108,2297,3,0.87
176111,2299,1,6.13
176112,2299,3,30.65
176115,2301,1,6.59
176116,2301,3,32.96
176117,2302,1,1.74
176118,2302,3,8.7
176119,2303,2,244.76
176126,2305,2,3869.82
176127,2306,2,2670.95
176132,2307,1,474.96
176133,2307,3,2374.81
176134,2308,2,1901.92
176135,2309,2,280.58
176136,2310,2,1144.77
176137,2311,2,516.72
176138,2312,2,2030.87
176139,2313,2,1261.87
176141,2314,2,175.33
176142,2315,2,2474.42
176143,2316,2,3390.99
186078,2317,1,2.98
186079,2317,3,14.89
186080,2318,1,15.91
186081,2318,3,79.55
186082,2319,1,7.02
186083,2319,3,35.12
186084,2320,1,2.41
186085,2320,3,12.06
186086,2321,1,20.62
186087,2321,3,103.11
186088,2322,1,17.47
186089,2322,3,87.33
186090,2323,1,8.04
186091,2323,3,40.22
196078,2324,1,114.32
196079,2324,3,571.59
196081,2325,2,768.59
196082,2326,2,223.15
196085,2327,2,699.86
196086,2328,2,554.8
196087,2329,2,504.79
196088,2330,2,171.33
196089,2331,2,71.39
196090,2332,2,21.05
196091,2333,2,72.15
196092,2334,2,177.45
196093,2335,2,70.24
196095,2336,2,28.84
206083,2338,4,440.12
206084,2339,4,571.45
206085,2340,4,458.85
206086,2341,4,97.61
206087,2342,4,76.06
206088,2343,4,66.33
206089,2344,4,163.01
206090,2345,4,325.52
206091,2346,4,294.51
206092,2347,4,144.65
206093,2348,4,121.43
206094,2349,4,54.76
206095,2350,4,44.45
206096,2351,4,346.95
206097,2352,4,63.73
206098,2353,4,38.45
206099,2354,4,89.92
206100,2355,2,954.11
206101,2356,4,50.69
206102,2357,4,81.65
206105,2358,4,41.08
206106,2359,4,176.6
206107,2360,2,10478.54
206112,2362,4,52.02
206113,2362,7,104.04
206114,2362,6,1040.36
206120,2365,4,174.26
206121,2366,2,17175.35
206122,2367,2,1885.84
206124,2369,2,4128.78
206125,2370,2,166.33
206126,2371,2,84.96
206127,2372,2,612.01
206132,2375,2,4747.08
206134,2377,2,168.37
206141,2379,2,5924.35
206145,2380,4,62.11
206146,2381,4,127.1
206147,2382,4,21.26
206148,2383,4,76.77
206149,2384,4,217.63
206150,2385,2,480.13
206155,2387,2,1406.16
206156,2388,2,102.59
206158,2389,2,9614.47
206160,2390,2,3914.97
206161,2391,2,26269.16
206162,2392,2,38.08
206163,2393,2,213.49
206164,2394,2,265.7
206165,2395,2,24.74
206166,2396,2,296.2
206167,2397,2,409.71
206168,2398,4,114.06
206169,2399,2,9666.86
206171,2401,2,940.97
206173,2403,2,4208.63
206175,2404,2,74.23
206179,2408,2,610.6
206184,2411,1,67.41
206185,2411,3,337.05
206186,2412,2,47.99
206188,2414,2,249.97
216184,2418,1,1.78
216185,2418,3,8.89
216197,2419,1,73.79
216198,2419,3,368.93
216200,2421,2,3226.09
216202,2423,2,3109.49
216203,2424,2,592.13
216204,2425,2,1219.89
216205,2426,2,83.54
216206,2427,1,12.89
216207,2427,3,64.45
216208,2428,2,1390.87
216209,2429,2,3976.3
216210,2430,2,3993.1
216211,2431,2,1972.52
216212,2432,1,13.26
216213,2432,3,66.28
216217,2433,4,545.84
216218,2433,7,753.56
216219,2433,6,7535.63
216223,2435,1,339.04
216224,2435,3,1695.22
216225,2436,4,22.64
216226,2436,7,31.7
216227,2436,6,316.98
216228,2437,4,321.66
216229,2437,7,450.33
216230,2437,6,4503.29
216231,2438,4,430.92
216232,2438,7,603.29
216233,2438,6,6032.89
216234,2439,2,130.78
216237,2441,2,2274.58
216240,2443,2,710.57
216246,2449,4,108.73
216247,2449,7,152.23
216248,2449,6,1522.28
216249,2450,4,45.31
216250,2450,7,63.43
216251,2450,6,634.28
216254,2452,4,390.47
216255,2453,2,6462.82
216257,2455,4,180.93
216259,2456,4,1330.97
216262,2458,2,6661.34
216263,2459,2,4025.77
216264,2460,2,13787.52
216271,2464,1,787.87
216272,2464,3,3939.33
216278,2470,2,915.48
216282,2472,2,7918.33
216283,2473,2,124.91
216284,2474,2,242.79
216285,2475,2,1.44
216286,2476,2,68.53
216287,2477,2,434.23
216293,2481,2,9698.28
216295,2482,2,9648.11
216298,2485,4,700.71
216300,2486,2,1620.09
216301,2487,4,390.47
216302,2488,4,108.32
216303,2489,2,1803.23
216304,2490,2,40.73
216306,2492,2,925.64
216307,2493,2,690.05
216308,2494,2,1438.86
216309,2495,2,2615.36
216311,2497,2,2124.87
216313,2499,2,5362.28
216315,2500,2,1176.26
216316,2501,2,1529.58
216317,2502,4,139.76
216319,2503,4,801.41
216320,2504,2,5543.3
216321,2505,4,9.19
216322,2506,4,9.19
216323,2507,4,9.19
216324,2508,4,9.19
216325,2509,4,73.53
216335,2518,2,1123.14
216336,2519,2,493.97
216337,2520,2,2413.26
216338,2521,2,548.58
216339,2522,2,1071.77
216340,2523,1,49.81
216341,2523,3,249.03
216342,2524,1,89.84
216343,2524,3,449.19
216364,2525,1,13.07
216365,2525,3,65.33
216369,2528,1,243.64
216370,2528,3,1218.22
216371,2529,1,84.52
216372,2529,3,422.58
216378,2534,2,6645.04
226373,2535,2,11970.76
226375,2536,2,1718.11
226386,2546,2,2250.22
226387,2547,2,12.34
226388,2548,2,5506.59
226391,2551,2,9645.35
226396,2552,2,109.8
226397,2553,2,14.97
226398,2554,2,14549.19
226402,2555,4,209.6
226403,2556,4,260.73
226404,2557,4,263.99
226406,2558,2,3226.28
