Id_Obra_Recurso,Id_Obra,Id_Recurso_Partida,Porcentaje_Aportacion,Importe_Autorizado,Observaciones,Movimiento,No_Registro_Obrasi,Numero_Oficio,Fecha_Oficio
1,2,2,100,2618120,,INICIAL,2,S/N,02/01/2012 00:00
2,3,3,100,2704691.45,,INICIAL,3,S/N,02/01/2012 00:00
3,4,3,100,1844535.49,,INICIAL,4,S/N,02/01/2012 00:00
4,4,17,100,168952.82,,AMPLIACION,247,S/N AMP,02/01/2012 00:00
5,5,18,100,6765000.01,,AMPLIACION,579,S/N AMP2,02/01/2012 00:00
6,5,5,100,39059362.82,,INICIAL,5,S/N,02/01/2012 00:00
7,5,5,100,6940637.18,,AMPLIACION,352,S/N AMP,02/01/2012 00:00
8,6,7,80,3221076.79,,INICIAL,7,S/N,02/01/2012 00:00
9,6,7,100,930461.87,,AMPLIACION,277,S/N AMP,02/01/2012 00:00
10,6,6,20,800000,,INICIAL,6,S/N,02/01/2012 00:00
11,7,5,100,4855033.84,,INICIAL,8,S/N,02/01/2012 00:00
12,8,1,100,234876.52,,INICIAL,9,S/N,02/01/2012 00:00
13,9,1,100,385101.52,,INICIAL,10,S/N,02/01/2012 00:00
14,1,1,100,165826.22,,INICIAL,1,S/N,02/01/2012 00:00
15,10,1,100,224025.88,,INICIAL,11,S/N,02/01/2012 00:00
16,10,1,100,26829.13,,AMPLIACION,310,S/N AMP,02/01/2012 00:00
17,11,8,100,308389.54,,INICIAL,12,S/N,02/01/2012 00:00
18,12,1,100,92577.06,,INICIAL,13,S/N,02/01/2012 00:00
19,13,9,100,306759.12,,INICIAL,14,S/N,02/01/2012 00:00
20,14,9,100,251320.84,,INICIAL,15,S/N,02/01/2012 00:00
21,15,3,100,750836.61,,INICIAL,16,S/N,02/01/2012 00:00
22,16,92,100,2651607.33,,AMPLIACION,628,S/N AMP 3,02/01/2012 00:00
23,16,86,100,4258078.75,,AMPLIACION,627,S/N AMP 2,02/01/2013 00:00
24,16,5,100,31907942.32,,INICIAL,17,S/N,02/01/2012 00:00
25,16,5,100,8043016.73,,AMPLIACION,441,S/N AMPLIAC ION,02/01/2012 00:00
26,17,10,100,1769063.29,,INICIAL,18,S/N,02/01/2012 00:00
27,17,10,100,619442.46,,AMPLIACION,97,S/N AMP,02/01/2012 00:00
28,18,10,7,392059.33,,INICIAL,20,S/N,02/01/2012 00:00
29,18,11,93,5000000,,INICIAL,19,S/N,02/01/2012 00:00
30,20,3,100,1511990.01,,INICIAL,22,S/N,02/01/2012 00:00
31,20,3,100,659020.45,,AMPLIACION,205,S/N AMP,02/01/2012 00:00
32,27,16,100,1619194.34,,INICIAL,30,S/N,02/01/2012 00:00
33,27,16,100,132582.84,,AMPLIACION,505,S/N  AMP,02/01/2012 00:00
34,29,13,100,849613.09,,INICIAL,32,S/N,02/01/2012 00:00
35,21,10,100,181309.55,,INICIAL,23,S/N,02/01/2012 00:00
36,22,12,100,145171.58,,INICIAL,24,S/N,02/01/2012 00:00
37,23,12,100,26174.19,,INICIAL,25,S/N,02/01/2012 00:00
38,24,3,25.78,246562,,INICIAL,26,S/N,02/01/2012 00:00
39,24,13,74.22,709827.45,,INICIAL,27,S/N,02/01/2012 00:00
40,19,12,100,544190.44,,INICIAL,21,S/N,02/01/2012 00:00
41,25,14,100,464719.34,,INICIAL,28,S/N,02/01/2012 00:00
42,26,15,100,507092.24,,INICIAL,29,S/N,02/01/2012 00:00
43,30,9,100,846024.01,,INICIAL,33,S/N,02/01/2012 00:00
44,30,9,100,141490.36,,AMPLIACION,200,S/N AMP,02/01/2012 00:00
45,31,16,100,828240,,INICIAL,34,S/N,02/01/2012 00:00
46,32,3,100,376118.93,,INICIAL,35,S/N,02/01/2012 00:00
47,28,3,100,862019.84,,INICIAL,31,S/N,02/01/2012 00:00
48,33,12,100,251520.33,,INICIAL,36,S/N,02/01/2012 00:00
49,33,12,100,30702.42,,AMPLIACION,204,S/N AMP,02/01/2012 00:00
50,34,12,100,158128.14,,INICIAL,37,S/N,02/01/2012 00:00
51,35,12,100,234876.53,,INICIAL,38,S/N,02/01/2012 00:00
52,36,12,100,78115.59,,INICIAL,39,S/N,02/01/2012 00:00
53,37,12,100,100277.14,,INICIAL,40,S/N,02/01/2012 00:00
54,38,17,100,131005.32,,INICIAL,41,S/N,02/01/2012 00:00
55,39,17,100,167556.62,,INICIAL,42,S/N,02/01/2012 00:00
56,44,17,100,193855.59,,INICIAL,47,S/N,02/01/2012 00:00
57,40,8,100,184681.87,,INICIAL,43,S/N,02/01/2012 00:00
58,45,19,100,162617.49,,INICIAL,48,S/N,02/01/2012 00:00
59,41,10,100,215859.57,,INICIAL,44,S/N,02/01/2012 00:00
60,42,17,100,821843.02,,INICIAL,45,S/N,02/01/2012 00:00
61,43,18,100,1806543.09,,INICIAL,46,S/N,02/01/2012 00:00
62,46,17,100,1226282.19,,INICIAL,49,S/N,02/01/2012 00:00
63,47,20,100,9220243.06,,INICIAL,50,S/N,02/01/2012 00:00
64,48,10,100,950883.15,,INICIAL,51,S/N,02/01/2012 00:00
65,49,4,100,1132223.93,,INICIAL,52,S/N,02/01/2012 00:00
66,49,4,100,165001.66,,AMPLIACION,279,S/N AMP,02/01/2012 00:00
67,57,17,100,908169.85,,INICIAL,60,S/N,02/01/2012 00:00
68,58,17,100,253736.17,,INICIAL,61,S/N,02/01/2012 00:00
69,58,17,100,39622.25,,AMPLIACION,328,S/N AMP,02/01/2012 00:00
70,54,3,100,1173798.87,,INICIAL,57,S/N,02/01/2012 00:00
71,54,3,100,1323740.94,,AMPLIACION,151,S/N AMP,02/01/2012 00:00
72,50,10,100,402626.88,,INICIAL,53,S/N,02/01/2012 00:00
73,51,21,100,987646.97,,INICIAL,54,S/N,02/01/2012 00:00
74,51,21,100,85761.64,,AMPLIACION,152,S/N AMP,02/01/2012 00:00
75,52,19,100,118326.33,,INICIAL,55,S/N,02/01/2012 00:00
76,53,22,100,1185909.81,,INICIAL,56,S/N,02/01/2012 00:00
77,59,23,100,999994.55,,INICIAL,62,S/N,02/01/2012 00:00
78,56,4,100,1740335.33,,INICIAL,59,S/N,02/01/2012 00:00
79,56,4,100,171392.3,,AMPLIACION,278,S/N AMP,02/01/2012 00:00
80,60,3,100,1399108.93,,INICIAL,63,S/N,02/01/2012 00:00
81,68,17,100,418834.73,,INICIAL,71,S/N,02/01/2012 00:00
82,55,4,100,2036375.36,,INICIAL,58,S/N,02/01/2012 00:00
83,69,3,100,483384.59,,INICIAL,72,S/N,02/01/2012 00:00
84,69,26,100,61309.2,,AMPLIACION,237,S/N AMP,02/01/2012 00:00
85,61,4,100,1435789.93,,INICIAL,64,S/N,02/01/2012 00:00
86,62,24,100,2568119.2,,INICIAL,65,S/N,02/01/2012 00:00
87,63,24,100,2519863.95,,INICIAL,66,S/N,02/01/2012 00:00
88,64,24,100,655645.91,,INICIAL,67,S/N,02/01/2012 00:00
89,70,24,100,2652166.58,,INICIAL,73,S/N,02/01/2012 00:00
90,65,24,100,2401358.58,,INICIAL,68,S/N,02/01/2012 00:00
91,66,24,100,628746.59,,INICIAL,69,S/N,02/01/2012 00:00
92,71,4,100,588398.54,,INICIAL,74,S/N,02/01/2012 00:00
93,71,4,100,48957.25,,AMPLIACION,238,S/N AMP,02/01/2012 00:00
94,72,4,100,843507.48,,INICIAL,75,S/N,02/01/2012 00:00
95,94,34,100,200978.09,,INICIAL,98,S/N,02/01/2012 00:00
96,78,34,100,224239.81,,INICIAL,81,S/N,02/01/2012 00:00
97,73,34,100,239668.82,,INICIAL,76,S/N,02/01/2012 00:00
98,67,2,100,1925258.82,,INICIAL,70,S/N,02/01/2012 00:00
99,67,2,100,102992.84,,AMPLIACION,309,S/N AMP,02/01/2012 00:00
100,75,10,100,2486373.13,,INICIAL,78,S/N,02/01/2012 00:00
101,84,4,100,618886.51,,INICIAL,87,S/N,02/01/2012 00:00
102,83,10,100,2616322.73,,INICIAL,86,S/N,02/01/2012 00:00
103,79,10,100,518550.65,,INICIAL,82,S/N,02/01/2012 00:00
104,74,4,100,2725000,,INICIAL,77,S/N,02/01/2012 00:00
105,76,10,100,2175603.2,,INICIAL,79,S/N,02/01/2012 00:00
106,77,10,100,921573.6,,INICIAL,80,S/N,02/01/2012 00:00
107,80,17,100,179923.88,,INICIAL,83,S/N,02/01/2012 00:00
108,85,36,100,1000012.71,,INICIAL,88,S/N,02/01/2012 00:00
109,81,17,100,2353863.35,,INICIAL,84,S/N,02/01/2012 00:00
110,86,3,100,650618.98,,INICIAL,89,S/N,02/01/2012 00:00
111,86,3,100,68328.22,,AMPLIACION,248,S/N AMPLIACION,02/01/2012 00:00
112,82,4,100,684847.46,,INICIAL,85,S/N,02/01/2012 00:00
113,82,4,100,56748.71,,AMPLIACION,239,S/N AMP,02/01/2012 00:00
114,87,8,100,25859.38,,AMPLIACION,229,S/N AMP,02/01/2012 00:00
115,87,3,100,750140.04,,INICIAL,90,S/N,02/01/2011 00:00
116,88,4,100,1273862.47,,INICIAL,91,S/N,02/01/2012 00:00
117,89,3,100,1068768.53,,INICIAL,92,S/N,02/01/2012 00:00
118,89,13,100,358184.21,,AMPLIACION,350,S/N AMP,02/01/2012 00:00
119,90,17,100,1146978.29,,INICIAL,93,S/N,02/01/2012 00:00
120,90,17,100,108914.07,,AMPLIACION,240,S/N AMP,02/01/2012 00:00
121,91,38,100,1031394.64,,INICIAL,94,S/N,02/01/2012 00:00
122,92,4,100,3506762.5,,INICIAL,95,S/N,02/01/2012 00:00
123,93,4,100,2959773.86,,INICIAL,96,S/N,02/01/2012 00:00
124,93,17,100,150066.18,,AMPLIACION,499,S/N AMP,02/01/2012 00:00
125,95,10,100,393590.16,,INICIAL,99,S/N,02/01/2012 00:00
126,96,10,100,15973.57,,INICIAL,100,S/N,02/01/2012 00:00
127,97,8,100,180548.47,,INICIAL,101,S/N,02/01/2012 00:00
128,98,10,100,131186.74,,INICIAL,102,S/N,02/01/2012 00:00
129,101,10,100,60362.08,,INICIAL,105,S/N,02/01/2012 00:00
130,99,17,100,354781.37,,INICIAL,103,S/N,02/01/2012 00:00
131,100,17,100,340219.32,,INICIAL,104,S/N,02/01/2012 00:00
132,105,17,100,183346.82,,INICIAL,109,S/N,02/01/2012 00:00
133,110,17,100,63703.94,,INICIAL,114,S/N,02/01/2012 00:00
134,111,39,100,3536094,,INICIAL,115,S/N,02/01/2012 00:00
135,111,40,100,637075,,INICIAL,116,S/N 1,02/01/2012 00:00
136,106,17,100,278669.87,,INICIAL,110,S/N,02/01/2012 00:00
137,107,17,100,357315.22,,INICIAL,111,S/N,02/01/2012 00:00
138,147,17,100,143986.98,,INICIAL,154,S/N,02/01/2012 00:00
139,108,17,100,196991.88,,INICIAL,112,S/N,02/01/2012 00:00
140,126,17,100,118061.59,,INICIAL,131,S/N,02/01/2012 00:00
141,109,17,100,240267.82,,INICIAL,113,S/N,02/01/2012 00:00
142,112,36,100,318068.4,,INICIAL,117,S/N,02/01/2012 00:00
143,102,3,100,426946.51,,INICIAL,106,S/N,02/01/2012 00:00
144,102,17,100,145235.21,,AMPLIACION,525,S/N AMP,02/01/2012 00:00
145,113,4,100,1125483.52,,INICIAL,118,S/N,02/01/2012 00:00
146,113,59,100,80094.65,,AMPLIACION,514,S/N AMP,02/01/2012 00:00
147,114,4,100,2370792.66,,INICIAL,119,S/N,02/01/2012 00:00
148,115,21,100,264914.13,,INICIAL,120,S/N,02/01/2012 00:00
149,103,10,100,133596.79,,INICIAL,107,S/N,02/01/2012 00:00
150,104,3,100,358155.7,,INICIAL,108,S/N,02/01/2012 00:00
151,104,26,100,57790.17,,AMPLIACION,353,S/N AMP,02/01/2012 00:00
152,117,3,100,2804613.1,,INICIAL,122,S/N,02/01/2012 00:00
153,118,3,100,2301307.88,,INICIAL,123,S/N,02/01/2012 00:00
154,119,3,100,2079221.64,,INICIAL,124,S/N,02/01/2012 00:00
155,120,4,100,1434937.17,,INICIAL,125,S/N,02/01/2012 00:00
156,121,4,100,475829.34,,INICIAL,126,S/N,02/01/2012 00:00
157,122,4,100,1782170.12,,INICIAL,127,S/N,02/01/2012 00:00
158,127,4,100,914536.6,,INICIAL,132,S/N,02/01/2012 00:00
159,127,4,100,108762.18,,AMPLIACION,280,S/N AMP,02/01/2012 00:00
160,123,4,100,1001220.46,,INICIAL,128,S/N,02/01/2012 00:00
161,123,17,100,70190.07,,AMPLIACION,535,S/N AMP,02/01/2012 00:00
162,125,4,100,2235398.14,,INICIAL,130,S/N,02/01/2012 00:00
163,128,10,100,517719.12,,INICIAL,133,S/N,02/01/2012 00:00
164,129,17,100,263221.83,,INICIAL,134,S/N,02/01/2012 00:00
165,130,17,100,262393.1,,INICIAL,135,S/N,02/01/2012 00:00
166,131,4,100,696121.36,,INICIAL,136,S/N,02/01/2012 00:00
167,131,17,100,55763.36,,AMPLIACION,509,S/N AMP,02/01/2012 00:00
168,132,4,100,628393.33,,INICIAL,137,S/N,02/01/2012 00:00
169,133,4,100,1913516.18,,INICIAL,138,S/N,02/01/2012 00:00
170,134,4,100,1377139.41,,INICIAL,139,S/N,02/01/2012 00:00
171,135,4,100,845565.62,,INICIAL,140,S/N,02/01/2012 00:00
172,135,17,100,178064.12,,AMPLIACION,449,S/N AMPLIACION,02/01/2012 00:00
173,124,4,100,1421973.11,,INICIAL,129,S/N,02/01/2012 00:00
174,124,32,33,317583.8,,AMPLIACION,330,S/N AMP,02/01/2012 00:00
175,124,58,33,28828.68,,AMPLIACION,331,S/N AMP,02/01/2012 00:00
176,124,59,34,62596.89,,AMPLIACION,332,S/N AMP,02/01/2012 00:00
177,136,4,100,850934.55,,INICIAL,141,S/N,02/01/2012 00:00
178,136,4,100,69918.09,,AMPLIACION,281,S/N AMP,02/01/2012 00:00
179,137,4,100,717282.87,,INICIAL,142,S/N,02/01/2012 00:00
180,137,59,100,219951.68,,AMPLIACION,518,S/N AMP,02/01/2012 00:00
181,141,17,100,298572.39,,INICIAL,146,S/N,02/01/2012 00:00
182,116,4,100,1017956.97,,INICIAL,121,S/N,02/01/2012 00:00
183,148,4,100,578556.06,,INICIAL,155,S/N,02/01/2012 00:00
184,138,4,100,927972.58,,INICIAL,143,S/N,02/01/2012 00:00
185,139,4,100,1037710.77,,INICIAL,144,S/N,02/01/2012 00:00
186,142,3,100,1392395.75,,INICIAL,147,S/N,02/01/2012 00:00
187,142,17,100,519766.78,,AMPLIACION,524,S/N AMPLIACION,02/01/2012 00:00
188,143,3,100,1963874.61,,INICIAL,148,S/N,02/01/2012 00:00
189,144,3,100,2521215.69,,INICIAL,149,S/N,02/01/2012 00:00
190,149,10,100,30454.58,,INICIAL,156,S/N,02/01/2012 00:00
191,145,10,100,2451915.33,,INICIAL,150,S/N,02/01/2012 00:00
192,140,36,100,1999992.8,,INICIAL,145,S/N,02/01/2012 00:00
193,150,34,100,850999.97,,INICIAL,157,S/N,02/01/2012 00:00
194,151,34,100,851412.09,,INICIAL,158,S/N,02/01/2012 00:00
195,152,34,100,844206.29,,INICIAL,159,S/N,02/01/2012 00:00
196,156,34,100,850607.5,,INICIAL,163,S/N,02/01/2012 00:00
197,180,34,100,841128.97,,INICIAL,187,S/N,02/01/2012 00:00
198,157,34,100,861847.67,,INICIAL,164,S/N,02/01/2012 00:00
199,153,34,100,845621.13,,INICIAL,160,S/N,02/01/2012 00:00
200,195,34,100,853846.88,,INICIAL,203,S/N,02/01/2012 00:00
201,158,34,100,855908.58,,INICIAL,165,S/N,02/01/2012 00:00
202,159,34,100,860672.9,,INICIAL,166,S/N,02/01/2012 00:00
203,160,34,100,855177.75,,INICIAL,167,S/N,02/01/2012 00:00
204,161,34,100,857097.78,,INICIAL,168,S/N,02/01/2012 00:00
205,154,34,100,850689.83,,INICIAL,161,S/N,02/01/2012 00:00
206,181,34,100,862581.22,,INICIAL,188,S/N,02/01/2012 00:00
207,162,34,100,844954.24,,INICIAL,169,S/N,02/01/2012 00:00
208,182,34,100,818866.23,,INICIAL,189,S/N,02/01/2012 00:00
209,183,34,100,816524.19,,INICIAL,190,S/N,02/01/2012 00:00
210,163,34,100,825303.07,,INICIAL,170,S/N,02/01/2012 00:00
211,164,34,100,803328.18,,INICIAL,171,S/N,02/01/2012 00:00
212,165,34,100,864257.14,,INICIAL,172,S/N,02/01/2012 00:00
213,146,34,100,781327.28,,INICIAL,153,S/N,02/01/2012 00:00
214,166,34,100,799062.93,,INICIAL,173,S/N,02/01/2012 00:00
215,167,34,100,738650.94,,INICIAL,174,S/N,02/01/2012 00:00
216,168,34,100,878613.52,,INICIAL,175,S/N,02/01/2012 00:00
217,155,34,100,808401.8,,INICIAL,162,S/N,02/01/2012 00:00
218,174,34,100,713446.92,,INICIAL,181,S/N,02/01/2012 00:00
219,169,34,100,894777.6,,INICIAL,176,S/N,02/01/2012 00:00
220,175,34,100,823648.35,,INICIAL,182,S/N,02/01/2012 00:00
221,170,10,100,379538.45,,INICIAL,177,S/N,02/01/2012 00:00
222,171,10,100,339209.2,,INICIAL,178,S/N,02/01/2012 00:00
223,176,4,100,1284831.64,,INICIAL,183,S/N,02/01/2012 00:00
224,184,4,100,2612195.91,,INICIAL,191,S/N,02/01/2012 00:00
225,177,4,100,1347082.85,,INICIAL,184,S/N,02/01/2012 00:00
226,172,3,100,138629.09,,INICIAL,179,S/N,02/01/2012 00:00
227,173,17,100,2085880.9,,INICIAL,180,S/N,02/01/2012 00:00
228,173,17,100,190705.21,,AMPLIACION,510,S/N AMP,02/01/2012 00:00
229,178,4,100,2284984.26,,INICIAL,185,S/N,02/01/2012 00:00
230,185,4,100,1193922.11,,INICIAL,192,S/N,02/01/2012 00:00
231,186,4,100,1124314.79,,INICIAL,193,S/N,02/01/2012 00:00
232,179,4,100,612091.52,,INICIAL,186,S/N,02/01/2012 00:00
233,187,4,100,643568.41,,INICIAL,194,S/N,02/01/2012 00:00
234,189,4,100,539323.9,,INICIAL,196,S/N,02/01/2012 00:00
235,190,32,100,2628143.33,,INICIAL,197,S/N,02/01/2012 00:00
236,191,32,100,3292923.92,,INICIAL,198,S/N,02/01/2012 00:00
237,192,17,100,52889.72,,INICIAL,199,S/N,02/01/2012 00:00
238,200,38,100,37526,,INICIAL,210,S/N,02/01/2012 00:00
239,188,2,100,267080.86,,INICIAL,195,S/N,02/01/2012 00:00
240,188,49,100,69691.93,,AMPLIACION,251,S/N AMPLIACION,02/01/2012 00:00
241,201,32,100,648276.41,,INICIAL,211,S/N,02/01/2012 00:00
242,202,32,100,2393373.27,,INICIAL,212,S/N,02/01/2012 00:00
243,202,59,100,90076.22,,AMPLIACION,526,S/N AMP,02/01/2012 00:00
244,203,17,100,3590000,,INICIAL,213,S/N,02/01/2012 00:00
245,204,38,100,35496,,INICIAL,214,S/N,02/01/2012 00:00
246,204,38,100,1020.8,,AMPLIACION,311,S/N AMP,02/01/2012 00:00
247,205,17,100,189721.72,,INICIAL,215,S/N,02/01/2012 00:00
248,206,17,100,300741.03,,INICIAL,216,S/N,02/01/2012 00:00
249,197,17,100,827649.62,,INICIAL,207,S/N,02/01/2012 00:00
250,197,17,100,146579.15,,AMPLIACION,351,S/N AMP 1,06/08/2012 00:00
251,207,44,100,1782139.17,,INICIAL,217,S/N,02/01/2012 00:00
252,208,4,100,112047.38,,AMPLIACION,530,S/N AMP,02/01/2012 00:00
253,208,32,100,890428.03,,INICIAL,218,S/N,02/01/2012 00:00
254,218,4,100,872350.19,,INICIAL,230,S/N,02/01/2012 00:00
255,209,32,100,2424956.13,,INICIAL,219,S/N,02/01/2012 00:00
256,210,34,100,916663.32,,INICIAL,220,S/N,02/01/2012 00:00
257,219,34,100,867923.6,,INICIAL,231,S/N,02/01/2012 00:00
258,211,34,100,738940.76,,INICIAL,221,S/N,02/01/2012 00:00
259,193,10,100,453916.6,,INICIAL,201,S/N,02/01/2012 00:00
260,220,34,100,867404.38,,INICIAL,232,S/N,02/01/2012 00:00
261,249,34,100,915698.27,,INICIAL,290,S/N,02/01/2012 00:00
262,212,8,100,314836.04,,INICIAL,222,S/N,02/01/2012 00:00
263,213,8,100,415376.72,,INICIAL,223,S/N,02/01/2012 00:00
264,213,8,100,158463.4,,INICIAL,450,,21/09/2016 00:00
265,214,2,100,165050.7,,INICIAL,224,S/N,02/01/2012 00:00
266,215,17,100,126380.11,,INICIAL,225,S/N,02/01/2012 00:00
267,216,45,85.6,1049741,,INICIAL,226,S/N,02/01/2012 00:00
268,216,46,14.4,176523.79,,INICIAL,227,S/N,02/01/2012 00:00
269,217,46,100,302323.28,,INICIAL,228,S/N,02/01/2012 00:00
270,198,43,100,618942.14,,INICIAL,208,S/N,02/01/2012 00:00
271,199,10,100,78936.67,,INICIAL,209,S/N,02/01/2012 00:00
272,194,41,100,26750341.52,,INICIAL,202,S/N,02/01/2012 00:00
273,224,10,100,175730.08,,INICIAL,241,S/N,02/01/2012 00:00
274,225,4,100,1653731.58,,INICIAL,242,S/N,02/01/2012 00:00
275,227,10,100,290000,,INICIAL,245,S/N,02/01/2012 00:00
276,229,17,100,2412278.9,,INICIAL,249,S/N,02/01/2012 00:00
277,228,10,100,1986890.65,,INICIAL,246,S/N,09/07/2012 00:00
278,250,36,100,850119.64,,INICIAL,291,S/N,02/01/2012 00:00
279,250,36,100,147693.11,,AMPLIACION,612,S/N AMP,02/01/2012 00:00
280,230,10,100,170117.79,,INICIAL,250,S/N,02/01/2012 00:00
281,263,4,100,2030301.52,,INICIAL,304,S/N,02/01/2012 00:00
282,196,42,100,12235901.99,,INICIAL,206,S/N,02/01/2012 00:00
283,231,48,57,925090.22,,INICIAL,253,S/N,02/01/2012 00:00
284,231,48,57.02,208524.78,,AMPLIACION,466,S/N AMPLIACION,03/01/2012 00:00
285,231,48,50,150857.39,,AMPLIACION,548,S/N AMP2,02/01/2012 00:00
286,231,47,43,697590.4,,INICIAL,252,S/N,02/01/2012 00:00
287,231,47,42.98,157148.6,,AMPLIACION,465,S/N AMPLIACION,03/01/2012 00:00
288,231,47,50,113853.21,,AMPLIACION,547,S/N AMP2,02/01/2012 00:00
289,222,48,50,1135353.24,,INICIAL,235,S/N,02/01/2012 00:00
290,222,47,50,1135353.23,,INICIAL,234,S/N,02/01/2012 00:00
291,226,48,50,1090708.13,,INICIAL,244,S/N,02/01/2012 00:00
292,226,48,50,17499.83,,AMPLIACION,388,S/N AMP,02/01/2012 00:00
293,226,47,50,1090708.12,,INICIAL,243,S/N,02/01/2012 00:00
294,226,47,50,17499.82,,AMPLIACION,387,S/N AMP,02/01/2012 00:00
295,232,48,50,816094.21,,INICIAL,255,S/N,02/01/2012 00:00
296,232,48,50,114664.41,,AMPLIACION,507,S/N AMP,02/01/2012 00:00
297,232,47,50,816094.2,,INICIAL,254,S/N,02/01/2012 00:00
298,232,47,50,114664.41,,AMPLIACION,506,S/N AMP,02/01/2012 00:00
299,233,24,39,7360302.49,,INICIAL,256,S/N,02/01/2012 00:00
300,233,50,52,10000000,,INICIAL,258,S/N,02/01/2012 00:00
301,233,30,9,1700000,,INICIAL,257,S/N,02/01/2012 00:00
302,221,36,100,255542.7,,INICIAL,233,S/N,02/01/2012 00:00
303,221,36,100,900000.05,,AMPLIACION,333,S/N AMP,02/01/2012 00:00
304,234,48,50,2605159.66,,INICIAL,260,S/N,02/01/2012 00:00
305,234,48,50,325000.09,,AMPLIACION,550,S/N AMP,02/01/2012 00:00
306,234,47,50,2605159.65,,INICIAL,259,S/N,02/01/2012 00:00
307,234,47,50,325000.09,,AMPLIACION,549,S/N AMP,02/01/2012 00:00
308,235,48,50,2277198.98,,INICIAL,262,S/N,02/01/2012 00:00
309,235,48,40,141402.7,,AMPLIACION,552,S/N AMP,02/01/2012 00:00
310,235,47,50,2277198.97,,INICIAL,261,S/N,02/01/2012 00:00
311,235,47,60,395230.7,,AMPLIACION,551,S/N AMP,02/01/2012 00:00
312,236,48,50,792240.89,,INICIAL,264,S/N,02/01/2012 00:00
313,236,47,50,792240.88,,INICIAL,263,S/N,02/01/2012 00:00
314,223,36,100,421781.31,,INICIAL,236,S/N,02/01/2012 00:00
315,237,51,100,199204.56,,INICIAL,265,S/N,02/01/2012 00:00
316,238,13,100,631915.74,,INICIAL,266,S/N,02/01/2012 00:00
317,239,4,100,703076.5,,INICIAL,267,S/N,02/01/2012 00:00
318,240,4,100,1191662.61,,INICIAL,268,S/N,02/01/2012 00:00
319,241,48,50,736863.22,,INICIAL,270,S/N,02/01/2012 00:00
320,241,47,50,736863.21,,INICIAL,269,S/N,02/01/2012 00:00
321,242,48,50,849513.52,,INICIAL,272,S/N,02/01/2012 00:00
322,242,47,50,849513.52,,INICIAL,271,S/N,02/01/2012 00:00
323,243,48,50,668445.79,,INICIAL,274,S/N,02/01/2012 00:00
324,243,47,50,668445.78,,INICIAL,273,S/N,02/01/2012 00:00
325,244,48,50,799359.41,,INICIAL,276,S/N,02/01/2012 00:00
326,244,47,50,799359.41,,INICIAL,275,S/N,02/01/2012 00:00
327,251,17,100,1673446.59,,INICIAL,292,S/N,02/01/2012 00:00
328,245,48,50,635537.26,,INICIAL,283,S/N,02/01/2012 00:00
329,245,47,50,635537.25,,INICIAL,282,S/N,02/01/2012 00:00
330,246,48,50,746651.68,,INICIAL,285,S/N,02/01/2012 00:00
331,246,47,50,746651.67,,INICIAL,284,S/N,02/01/2012 00:00
332,247,48,50,603985.15,,INICIAL,287,S/N,02/01/2012 00:00
333,247,48,50,146014.85,,AMPLIACION,512,S/N AMP,02/01/2012 00:00
334,247,47,50,603985.15,,INICIAL,286,S/N,02/01/2012 00:00
335,247,47,50,146014.85,,AMPLIACION,511,S/N AMP,02/01/2012 00:00
336,264,10,100,499570.5,,INICIAL,305,S/N,02/01/2012 00:00
337,265,8,100,53354.01,,INICIAL,306,S/N,02/01/2012 00:00
338,248,53,50,669397.95,,INICIAL,289,S/N,02/01/2012 00:00
339,248,79,50,80602.06,,AMPLIACION,537,S/N AMP,02/01/2012 00:00
340,248,52,50,669397.94,,INICIAL,288,S/N,02/01/2012 00:00
341,248,52,50,80605.05,,AMPLIACION,536,S/N AMP,02/01/2012 00:00
342,253,31,100,2491443.38,,INICIAL,294,S/N,02/01/2012 00:00
343,254,31,100,2290548.83,,INICIAL,295,S/N,02/01/2012 00:00
344,259,31,100,844796.09,,INICIAL,300,S/N,02/01/2012 00:00
345,260,31,100,1480981.7,,INICIAL,301,S/N,02/01/2012 00:00
346,255,31,100,2469017.25,,INICIAL,296,S/N,02/01/2012 00:00
347,268,31,100,1370499.88,,INICIAL,312,S/N,02/01/2012 00:00
348,269,31,100,998544.48,,INICIAL,313,S/N,02/01/2012 00:00
349,261,31,100,1201598.91,,INICIAL,302,S/N,02/01/2012 00:00
350,262,31,100,1125126.6,,INICIAL,303,S/N,02/01/2012 00:00
351,256,31,100,1937959.68,,INICIAL,297,S/N,02/01/2012 00:00
352,257,31,100,1868492.41,,INICIAL,298,S/N,02/01/2012 00:00
353,257,31,100,681671,,AMPLIACION,564,S/N AMP,02/01/2012 00:00
354,258,31,100,2368696.24,,INICIAL,299,S/N,02/01/2012 00:00
355,252,54,100,1258283.69,,INICIAL,293,S/N,02/01/2012 00:00
356,266,10,100,391306.73,,INICIAL,307,S/N,02/01/2012 00:00
357,266,10,100,23818.25,,AMPLIACION,408,S/N AMP,02/01/2012 00:00
358,270,4,100,1777996.98,,INICIAL,314,S/N,02/01/2012 00:00
359,267,10,100,1228499.5,,INICIAL,308,S/N,02/01/2012 00:00
360,271,10,100,73250.15,,INICIAL,315,S/N,02/01/2012 00:00
361,272,48,50,719178.15,,INICIAL,317,S/N,02/01/2012 00:00
362,272,47,50,719178.15,,INICIAL,316,S/N,02/01/2012 00:00
363,273,17,100,273313.57,,INICIAL,318,S/N,02/01/2012 00:00
364,274,16,100,13590.55,,INICIAL,319,S/N,02/01/2012 00:00
365,275,55,100,145745.83,,INICIAL,320,S/N,02/01/2012 00:00
366,275,66,100,515259.54,,AMPLIACION,389,S/N AMP,02/01/2012 00:00
367,276,56,100,1649919.83,,INICIAL,321,S/N,02/01/2012 00:00
368,277,56,100,466019.03,,INICIAL,322,S/N,02/01/2012 00:00
369,278,57,100,1965349.43,,INICIAL,323,S/N,02/01/2012 00:00
370,279,57,100,963421.3,,INICIAL,324,S/N,02/01/2012 00:00
371,279,57,100,150957.05,,AMPLIACION,527,S/N AMP,02/01/2012 00:00
372,280,57,100,1229946.16,,INICIAL,325,S/N,02/01/2012 00:00
373,281,57,100,2364317.9,,INICIAL,326,S/N,02/01/2012 00:00
374,285,18,100,253627.03,,INICIAL,335,S/N,02/01/2012 00:00
375,282,10,100,697836.77,,INICIAL,327,S/N,02/01/2012 00:00
376,286,10,100,1840321.34,,INICIAL,336,S/N,02/01/2012 00:00
377,287,10,100,28399.29,,INICIAL,337,S/N,02/01/2012 00:00
378,288,57,100,788211.3,,INICIAL,338,S/N,02/01/2012 00:00
379,398,17,100,1639032.64,,INICIAL,476,S/N,02/01/2012 00:00
380,398,17,100,299467.21,,AMPLIACION,515,S/N AMP,02/01/2012 00:00
381,289,17,100,1000262.42,,INICIAL,339,S/N,02/01/2012 00:00
382,303,56,100,840283.4,,INICIAL,362,S/N,02/01/2012 00:00
383,290,16,100,776162.35,,INICIAL,340,S/N,02/01/2012 00:00
384,290,66,100,396489.26,,AMPLIACION,392,S/N AMP,02/01/2012 00:00
385,291,56,100,162784.71,,INICIAL,341,S/N,02/01/2012 00:00
386,297,56,100,576141.21,,INICIAL,349,S/N,02/01/2012 00:00
387,284,55,100,622397.91,,INICIAL,334,S/N,02/01/2012 00:00
388,284,55,5,26423.18,,AMPLIACION,428,S/N AMP,02/01/2012 00:00
389,284,66,95,454419.11,,AMPLIACION,429,S/N AMP,02/01/2012 00:00
390,283,17,100,718300.41,,INICIAL,329,S/N,02/01/2012 00:00
391,283,17,100,55997.22,,AMPLIACION,533,S/N AMP,02/01/2012 00:00
392,292,56,100,696021.12,,INICIAL,342,S/N,02/01/2012 00:00
393,293,56,100,1149579.85,,INICIAL,343,S/N,02/01/2012 00:00
394,294,17,100,327970.27,,INICIAL,344,S/N,02/01/2012 00:00
395,295,10,100,250438.37,,INICIAL,566,,21/09/2016 00:00
396,295,10,100,250438.37,,AMPLIACION,574,S/N AMP2,02/01/2012 00:00
397,295,57,100,1580237.76,,INICIAL,345,S/N,02/01/2012 00:00
398,295,57,100,193712.63,,AMPLIACION,538,S/N AMP,02/01/2012 00:00
399,296,53,33,1449970.06,,INICIAL,347,S/N,02/01/2012 00:00
400,296,52,33,1346298.81,,INICIAL,346,S/N,02/01/2012 00:00
401,296,10,34,1008156.68,,INICIAL,348,S/N,02/01/2012 00:00
402,317,53,50,680631.99,,INICIAL,378,S/N,02/01/2012 00:00
403,317,52,50,680631.99,,INICIAL,377,S/N,02/01/2012 00:00
404,317,52,30,23069.2,,AMPLIACION,555,S/N AMP,02/01/2012 00:00
405,317,10,70,115666.82,,AMPLIACION,556,S/N AMP,02/01/2012 00:00
406,318,10,50,1034255,,INICIAL,379,S/N,02/01/2012 00:00
407,318,27,50,1161987.27,,INICIAL,380,S/N,02/01/2012 00:00
408,298,10,100,225392.57,,INICIAL,354,S/N,02/01/2012 00:00
409,309,10,100,263875.87,,INICIAL,368,S/N,02/01/2012 00:00
410,319,63,100,599998.09,,INICIAL,381,S/N,02/01/2012 00:00
411,319,17,100,59935.73,,AMPLIACION,519,S/N AMP,02/01/2012 00:00
412,320,63,100,764554.6,,INICIAL,382,S/N,02/01/2012 00:00
413,336,56,100,1417593.86,,INICIAL,404,S/N,02/01/2012 00:00
414,336,56,100,64043.91,,AMPLIACION,557,S/N AMP,02/01/2012 00:00
415,337,56,100,1275292.05,,INICIAL,405,S/N,02/01/2012 00:00
416,299,56,100,897108.99,,INICIAL,355,S/N,02/01/2012 00:00
417,358,61,100,1663168.65,,INICIAL,431,S/N,02/01/2012 00:00
418,300,60,98,194000,,INICIAL,356,S/N,02/01/2012 00:00
419,300,10,2,2523.79,,INICIAL,357,S/N,02/01/2012 00:00
420,301,44,99,64784.99,,INICIAL,358,S/N,02/01/2012 00:00
421,301,10,1,46.69,,INICIAL,359,S/N,02/01/2012 00:00
422,331,63,100,4163353.84,,INICIAL,397,S/N,02/01/2012 00:00
423,332,63,100,4499633.71,,INICIAL,398,S/N,02/01/2012 00:00
424,332,63,100,274506.51,,AMPLIACION,603,S/N AMP,02/01/2012 00:00
425,304,61,100,1403426.37,,INICIAL,363,S/N,02/01/2012 00:00
426,304,61,100,42821.91,,AMPLIACION,553,S/N AMP,02/01/2012 00:00
427,338,19,100,218951.53,,INICIAL,406,S/N,02/01/2012 00:00
428,305,10,100,176743.59,,INICIAL,364,S/N,02/01/2012 00:00
429,310,56,100,2156910.58,,INICIAL,369,S/N,02/01/2012 00:00
430,311,56,100,2153870.99,,INICIAL,370,S/N,02/01/2012 00:00
431,326,56,100,1375627.52,,INICIAL,391,S/N,02/01/2012 00:00
432,326,56,100,113425.38,,AMPLIACION,558,S/N AMP,02/01/2012 00:00
433,339,38,100,1600808.35,,INICIAL,407,S/N,02/01/2012 00:00
434,359,38,100,588332.61,,INICIAL,432,S/N,02/01/2012 00:00
435,360,71,100,1555515.75,,INICIAL,433,S/N,02/01/2012 00:00
436,312,8,100,27881.83,,INICIAL,371,S/N,02/01/2012 00:00
437,306,61,100,880346.88,,INICIAL,365,S/N,02/01/2012 00:00
438,302,48,50,872032.65,,INICIAL,361,S/N,02/01/2012 00:00
439,302,48,50,31308.7,,AMPLIACION,540,S/N AMP,02/01/2012 00:00
440,302,47,50,872032.64,,INICIAL,360,S/N,02/01/2012 00:00
441,302,47,50,31308.69,,AMPLIACION,539,S/N AMP,02/01/2012 00:00
442,313,48,50,961626.19,,INICIAL,372,S/N,02/01/2012 00:00
443,313,48,50,117679.53,,AMPLIACION,517,S/N AMP,02/01/2012 00:00
444,313,47,50,961626.19,,INICIAL,373,S/N,02/01/2012 00:00
445,313,47,50,117679.52,,AMPLIACION,516,S/N AMP,02/01/2012 00:00
446,314,56,100,470233.32,,INICIAL,374,S/N,02/01/2012 00:00
447,323,64,100,2275062.47,,INICIAL,385,S/N,02/01/2012 00:00
448,315,62,100,24656.03,,INICIAL,375,S/N,02/01/2012 00:00
449,362,72,100,1377057.76,,INICIAL,435,S/N,02/01/2012 00:00
450,362,72,100,176212.86,,AMPLIACION,625,S/N AMP,02/01/2013 00:00
451,361,12,100,279156.01,,INICIAL,434,S/N,02/01/2012 00:00
452,316,31,100,1692649.28,,INICIAL,376,S/N,02/01/2012 00:00
453,307,61,100,1392724.29,,INICIAL,366,S/N,02/01/2012 00:00
454,340,61,100,1099380.37,,INICIAL,409,S/N,02/01/2012 00:00
455,334,31,100,688397.49,,INICIAL,400,S/N,02/01/2012 00:00
456,308,12,100,622469.83,,INICIAL,367,S/N,02/01/2012 00:00
457,322,12,100,279066.13,,INICIAL,384,S/N,02/01/2012 00:00
458,368,17,100,1426237.7,,INICIAL,442,S/N,02/01/2012 00:00
459,354,57,100,1697614.74,,INICIAL,425,S/N,02/01/2012 00:00
460,346,57,100,1831743.05,,INICIAL,415,S/N,02/01/2012 00:00
461,346,57,100,47133.04,,AMPLIACION,575,S/N AMP,02/01/2012 00:00
462,327,57,100,2153321.79,,INICIAL,393,S/N,02/01/2012 00:00
463,347,57,100,995146.91,,INICIAL,416,S/N,02/01/2012 00:00
464,341,57,100,855301.22,,INICIAL,410,S/N,02/01/2012 00:00
465,341,57,100,65904.95,,AMPLIACION,541,S/N AMP,02/01/2012 00:00
466,348,57,100,784761.25,,INICIAL,417,S/N,02/01/2012 00:00
467,348,57,100,115146.98,,AMPLIACION,542,S/N AMP,02/01/2012 00:00
468,349,57,100,688152.72,,INICIAL,418,S/N,02/01/2012 00:00
469,350,10,10,27658.52,,INICIAL,420,S/N,02/01/2012 00:00
470,350,57,90,439552.57,,INICIAL,419,S/N,02/01/2012 00:00
471,381,17,100,2421619.24,,INICIAL,456,S/N,02/01/2012 00:00
472,365,17,100,1601273.28,,INICIAL,438,S/N,02/01/2012 00:00
473,353,48,50,864569.45,,INICIAL,424,S/N,02/01/2012 00:00
474,353,47,50,864569.44,,INICIAL,423,S/N,02/01/2012 00:00
475,324,65,100,8945215.47,,INICIAL,386,S/N,02/01/2012 00:00
476,324,65,100,987603.77,,AMPLIACION,534,S/N AMP,02/01/2012 00:00
477,324,65,100,66912.38,,AMPLIACION,563,S/N AMP2,02/01/2012 00:00
478,377,66,100,557958.91,,INICIAL,452,S/N,02/01/2012 00:00
479,351,88,100,55370.24,,AMPLIACION,608,S/N AMP,02/01/2012 00:00
480,351,57,100,819512.06,,INICIAL,421,S/N,02/01/2012 00:00
481,387,17,100,287773.38,,INICIAL,463,S/N,02/01/2012 00:00
482,388,17,100,189093.34,,INICIAL,464,S/N,02/01/2012 00:00
483,342,17,100,276643.53,,INICIAL,411,S/N,02/01/2012 00:00
484,397,17,100,217958.81,,INICIAL,475,S/N,02/01/2012 00:00
485,389,17,100,275434.11,,INICIAL,467,S/N,02/01/2012 00:00
486,343,17,100,302625.13,,INICIAL,412,S/N,02/01/2012 00:00
487,376,17,100,247454.61,,INICIAL,448,S/N,02/01/2012 00:00
488,328,17,100,180984.06,,INICIAL,394,S/N,02/01/2012 00:00
489,344,17,100,189650.46,,INICIAL,413,S/N,02/01/2012 00:00
490,391,17,100,276861.29,,INICIAL,469,S/N,02/01/2012 00:00
491,355,17,100,299244.74,,INICIAL,426,S/N,02/01/2012 00:00
492,325,17,100,282686,,INICIAL,390,S/N,02/01/2012 00:00
493,333,70,100,1027321.45,,INICIAL,399,S/N,02/01/2012 00:00
494,329,67,100,154976.31,,INICIAL,395,S/N,02/01/2012 00:00
495,335,63,33,1561277.31,,INICIAL,401,S/N,02/01/2012 00:00
496,335,31,33,512718.02,,INICIAL,402,S/N,02/01/2012 00:00
497,335,32,34,1692671.34,,INICIAL,403,S/N,02/01/2012 00:00
498,321,31,100,1032390.15,,INICIAL,383,S/N,02/01/2012 00:00
499,379,66,100,24175.1,,INICIAL,454,,21/09/2016 00:00
500,345,17,100,195795.56,,INICIAL,414,S/N,02/01/2012 00:00
501,392,17,100,127840.71,,INICIAL,470,S/N,02/01/2012 00:00
502,393,17,100,738842.18,,INICIAL,471,S/N,02/01/2012 00:00
503,393,17,100,181946.55,,AMPLIACION,508,S/N AMP,02/01/2012 00:00
504,394,17,100,2072474.05,,INICIAL,472,S/N,02/01/2012 00:00
505,369,73,100,795441.58,,INICIAL,451,S/N,02/01/2012 00:00
506,369,73,100,204558.56,,AMPLIACION,602,S/N AMP,02/01/2012 00:00
507,367,17,100,365173.97,,INICIAL,440,S/N,02/01/2012 00:00
508,367,17,100,6548.03,,AMPLIACION,601,S/N AMP,02/01/2012 00:00
509,330,17,100,315098.17,,INICIAL,396,S/N,02/01/2012 00:00
510,356,17,100,450968.62,,INICIAL,427,S/N,02/01/2012 00:00
511,399,17,100,251745.97,,INICIAL,477,S/N,02/01/2012 00:00
512,384,17,100,264766.66,,INICIAL,460,S/N,02/01/2012 00:00
513,363,17,100,255681.42,,INICIAL,436,S/N,02/01/2012 00:00
514,395,17,100,387356.33,,INICIAL,473,S/N,02/01/2012 00:00
515,352,57,100,3769369.17,,INICIAL,422,S/N,02/01/2012 00:00
516,352,57,100,1228752.63,,AMPLIACION,573,S/N AMP,02/01/2012 00:00
517,380,8,100,386735.95,,INICIAL,455,,21/09/2016 00:00
518,372,38,100,481702.37,,INICIAL,445,S/N,02/01/2012 00:00
519,390,17,100,176477.46,,INICIAL,468,S/N,02/01/2012 00:00
520,378,10,100,596619.68,,INICIAL,453,S/N,02/01/2012 00:00
521,378,10,100,64196.35,,AMPLIACION,623,S/N AMP,02/01/2012 00:00
522,382,38,100,1253842.61,,INICIAL,458,,21/09/2016 00:00
523,382,38,100,369404.01,,AMPLIACION,559,S/N AMP,02/01/2012 00:00
524,364,38,100,29011.6,,INICIAL,437,S/N,02/01/2012 00:00
525,375,36,100,567583.79,,INICIAL,457,S/N,02/01/2012 00:00
526,425,77,100,606553.86,,INICIAL,513,S/N,02/01/2012 00:00
527,373,10,100,334872.15,,INICIAL,446,S/N,02/01/2012 00:00
528,366,57,100,2970000,,INICIAL,439,S/N,02/01/2012 00:00
529,383,57,100,1950282.33,,INICIAL,459,S/N,02/01/2012 00:00
530,418,17,100,140878.61,,INICIAL,496,S/N,02/01/2012 00:00
531,357,57,100,1004668.18,,INICIAL,430,S/N,02/01/2012 00:00
532,370,57,100,2485000,,INICIAL,443,S/N,02/01/2012 00:00
533,371,18,100,450595.78,,INICIAL,444,S/N,02/01/2012 00:00
534,419,17,100,268228.93,,INICIAL,497,S/N,02/01/2012 00:00
535,400,17,100,202476.41,,INICIAL,478,S/N,02/01/2012 00:00
536,420,17,100,107024.85,,INICIAL,498,S/N,02/01/2012 00:00
537,385,66,100,418560.86,,INICIAL,461,,21/09/2016 00:00
538,374,9,100,1296071.47,,INICIAL,447,S/N,02/01/2012 00:00
539,396,17,100,1991796.9,,INICIAL,474,S/N,02/01/2012 00:00
540,386,8,100,192393.9,,INICIAL,462,S/N,02/01/2012 00:00
541,417,17,100,87963.5,,INICIAL,495,S/N,02/01/2012 00:00
542,414,74,100,2360421.75,,INICIAL,492,S/N,02/01/2012 00:00
543,413,74,100,75981.68,,INICIAL,491,S/N,02/01/2012 00:00
544,410,17,100,1647755.71,,INICIAL,487,S/N,02/01/2012 00:00
545,410,17,100,66000,,AMPLIACION,600,S/N AMP,02/01/2012 00:00
546,412,17,100,492478.27,,INICIAL,489,S/N,02/01/2012 00:00
547,412,17,100,99135.86,,AMPLIACION,605,S/N AMP,02/01/2012 00:00
548,401,17,100,655065.91,,INICIAL,479,S/N,02/01/2012 00:00
549,401,17,100,43174.45,,AMPLIACION,614,S/N AMP,02/01/2012 00:00
550,409,38,100,145494.87,,INICIAL,490,S/N,02/01/2012 00:00
551,408,17,100,205089.23,,INICIAL,486,S/N,02/01/2012 00:00
552,415,63,100,708194.24,,INICIAL,493,S/N,02/01/2012 00:00
553,416,63,100,785069.13,,INICIAL,494,S/N,02/01/2012 00:00
554,407,17,100,1330216.88,,INICIAL,485,S/N,02/01/2012 00:00
555,406,57,100,703556.82,,INICIAL,484,S/N,02/01/2012 00:00
556,403,57,100,708419.01,,INICIAL,481,S/N,02/01/2012 00:00
557,402,17,100,87963.5,,INICIAL,480,S/N,02/01/2012 00:00
558,405,18,100,742229.65,,INICIAL,483,S/N,02/01/2012 00:00
559,405,86,100,559967.43,,AMPLIACION,606,S/N AMP,02/01/2012 00:00
560,404,9,100,566875.68,,INICIAL,482,S/N,02/01/2012 00:00
561,421,24,100,879664.39,,INICIAL,500,S/N,02/01/2012 00:00
562,422,38,100,602530.02,,INICIAL,501,S/N,02/01/2012 00:00
563,423,59,100,134678.52,,INICIAL,502,S/N,02/01/2012 00:00
564,424,76,20,2666728.88,,INICIAL,504,S/N,02/01/2012 00:00
565,424,75,80,19506673.58,,INICIAL,503,S/N,02/01/2012 00:00
566,426,17,100,1290700.23,,INICIAL,520,S/N,02/01/2012 00:00
567,426,17,100,113627.04,,AMPLIACION,609,S/N AMP,02/01/2013 00:00
568,427,17,100,481754.46,,INICIAL,521,S/N,02/01/2012 00:00
569,428,17,100,2119228.29,,INICIAL,522,S/N,02/01/2012 00:00
570,430,31,100,1882428.02,,INICIAL,528,S/N,02/01/2012 00:00
571,429,38,100,8004,,INICIAL,523,S/N,02/01/2012 00:00
572,432,57,100,1284568.22,,INICIAL,531,S/N,02/01/2012 00:00
573,432,57,100,123467.3,,AMPLIACION,611,S/N AMP,02/01/2012 00:00
574,433,78,100,1692882.82,,INICIAL,532,S/N,02/01/2012 00:00
575,431,8,100,13933.12,,INICIAL,529,S/N,02/01/2012 00:00
576,434,80,100,191312.42,,INICIAL,543,S/N,02/01/2012 00:00
577,435,17,100,15437.76,,INICIAL,544,S/N,02/01/2012 00:00
578,436,89,100,401500.52,,AMPLIACION,620,S/N AMPLIACION,02/01/2012 00:00
579,436,89,100,1193700.61,,AMPLIACION,624,S/NN AMP 2DA,03/01/2012 00:00
580,436,81,100,4340000,,INICIAL,545,S/N,02/01/2012 00:00
581,437,87,100,9000000,,AMPLIACION,607,S/N AMP2,02/01/2012 00:00
582,437,90,100,7975770.86,,AMPLIACION,619,S/N AMP4,02/01/2012 00:00
583,437,20,100,818237.46,,AMPLIACION,604,S/N AMP,12/03/2013 00:00
584,437,20,100,24229.14,,AMPLIACION,613,S/N AMP3,02/01/2012 00:00
585,437,82,100,3681762.54,,INICIAL,546,S/N,02/01/2012 00:00
586,439,17,100,3426009.7,,INICIAL,560,S/N,02/01/2012 00:00
587,439,17,100,127080.28,,AMPLIACION,617,S/N AMP,02/01/2012 00:00
588,438,10,100,50180.57,,INICIAL,554,S/N,02/01/2012 00:00
589,442,36,100,5598229.84,,INICIAL,565,S/N,02/01/2012 00:00
590,442,36,100,194790.25,,AMPLIACION,622,S/N AMP,02/01/2012 00:00
591,440,83,100,10732014.37,,INICIAL,561,S/N,02/01/2012 00:00
592,440,83,100,3225746.28,,AMPLIACION,626,S/N AMP,02/01/2012 00:00
593,441,24,100,451663.25,,INICIAL,562,S/N,02/01/2012 00:00
594,449,17,100,1160452.25,,INICIAL,576,S/N,02/01/2012 00:00
595,450,17,100,928259.47,,INICIAL,577,S/N,02/01/2012 00:00
596,451,3,100,474858.57,,INICIAL,578,S/N,02/01/2012 00:00
597,452,3,100,544625.66,,INICIAL,580,S/N,02/01/2012 00:00
598,453,3,100,558455.91,,INICIAL,581,S/N,02/01/2012 00:00
599,454,3,100,445355.35,,INICIAL,582,S/N,02/01/2012 00:00
600,455,3,90,457568.95,,INICIAL,583,S/N,02/01/2012 00:00
601,455,85,10,6236.84,,INICIAL,584,S/N,02/01/2012 00:00
602,444,3,100,1399571.24,,INICIAL,568,S/N,02/01/2012 00:00
603,456,3,100,756100.11,,INICIAL,585,S/N,02/01/2012 00:00
604,457,3,100,1688717.93,,INICIAL,586,S/N,02/01/2012 00:00
605,457,85,100,93087.13,,AMPLIACION,615,S/N AMP,02/01/2012 00:00
606,458,10,100,128861.16,,INICIAL,587,S/N,02/01/2012 00:00
607,459,3,100,891840.24,,INICIAL,588,S/N,02/01/2012 00:00
608,459,85,100,285433.98,,AMPLIACION,610,S/N AMP,02/01/2012 00:00
609,460,3,30,152047.63,,INICIAL,589,S/N,02/01/2012 00:00
610,460,4,30,196287.86,,INICIAL,590,S/N,02/01/2012 00:00
611,460,84,40,302036.05,,INICIAL,591,S/N,02/01/2012 00:00
612,445,84,100,1274624.29,,INICIAL,569,S/N,02/01/2012 00:00
613,461,84,100,1556534.98,,INICIAL,592,S/N,02/01/2012 00:00
614,462,3,100,713935.04,,INICIAL,593,S/N,02/01/2012 00:00
615,463,3,100,632986.21,,INICIAL,594,S/N,02/01/2012 00:00
616,463,89,100,30834.06,,AMPLIACION,618,S/N AMP,02/01/2012 00:00
617,464,3,100,1043885.87,,INICIAL,595,S/N,02/01/2012 00:00
618,446,24,100,111998.75,,INICIAL,570,S/N,02/01/2012 00:00
619,465,3,100,1497919.04,,INICIAL,596,S/N,02/01/2012 00:00
620,447,61,100,637194.84,,INICIAL,571,S/N,02/01/2012 00:00
621,466,61,100,861356.04,,INICIAL,597,S/N,02/01/2012 00:00
622,467,10,100,2207474.18,,INICIAL,598,S/N,02/01/2012 00:00
623,443,10,100,298198.17,,INICIAL,567,S/N,02/01/2012 00:00
624,448,10,100,722414.36,,INICIAL,572,S/N,02/01/2012 00:00
625,411,17,100,492478.27,,INICIAL,488,S/N,02/01/2012 00:00
626,468,26,100,2614.77,,INICIAL,599,S/N,02/01/2012 00:00
627,469,89,100,88453.67,,INICIAL,616,S/N,02/01/2012 00:00
628,470,89,100,3525.34,,INICIAL,621,S/N,02/01/2012 00:00
