﻿Id_Obra,Clave_Obra,Nombre,Tipo_Precio,Id_Sub_Programa,Id_Localidad,Tipo_Obra_Proyecto,Id_Sub_Tipo_Obra,Id_Oficio_Asignacion_Obra
1,1,PROYECTO EJECUTIVO DE LA PAVIMENTACIÓN DE LAS CALLES: ESTRELLA BOREAL TRAMO: HORIZONTE - LUCERO COL.,Unitario,1,1,Obra,1,0
2,4,PROYECTO EJECUTIVO DE LAS CALLES: DOGMA CATÓLICO TRAMO: DE LA SAGRADA FAMILIA - RIO DE LOS CASTILLOS,Unitario,1,1,Obra,1,0
3,2,PROYECTO EJECUTIVO DE LA PAVIMENTACIÓN DE LAS CALLES: LOMAS DE LA HACIENDA TRAMO: LOMAS DE LAS BUGAM,Unitario,1,1,Obra,1,0
4,3,PROYECTO EJECUTIVO DE LAS CALLES: CASTILLO DE WINDSOR TRAMO: BLVD. HIDALGO A BLVD. HIDALGO COL. LOMA,Unitario,1,1,Obra,1,0
5,6,PROYECTO EJECUTIVO DE LAS CALLES: ANDADOR CRESTERIA TRAMO: CRESTERIA - PIRAMIDE; CALLE PIRAMIDE TRAM,Unitario,1,1,Obra,1,0
6,5,PROYECTO EJECUTIVO DE LAS CALLES: MADRE CARMEN TRAMO: MADRE MARINA - TOPAR CON MERCADO COL. DIEZ DE,Unitario,1,1,Obra,1,0
7,7,PROYECTO EJECUTIVO DEL BLVD. LA LUZ; TRAMO DE BLVD. VICENTE VALTIERRA A BLVD. DUARTE (1ERA ETAPA,Unitario,1,1,Obra,1,0
8,8,PROYECTO EJECUTIVO DE LAS CALLES: HADES TRAMO: EROS - CLOTO COL. LA ERMITA; CALLE CERRO ESCONDIDO TR,Unitario,1,1,Obra,1,0
9,11,AJUSTE CLAVES DE PRESUPUESTO CON RELACIÓN AL CATALOGO DE LA SECRETARIA DE OBRA PUBLICA DE GUANAJUATO,Unitario,1,1,Obra,1,0
10,9,ESTUDIO DE MECANICA DE SUELOS PARA INSTALACIONES DE POLICIA MONTADA EN EL POBLADO DE IBARRILLA,Unitario,1,1,Obra,1,0
11,10,ESTUDIO DE MECANICA DE SUELOS PARA EL EDIFICIO DE ESTACION DE BOMBEROS TRAMO: CALLE SANTA CROCCE A B,Unitario,1,1,Obra,1,0
12,13,"CONSTRUCCIÓN DE 98 GAVETAS INFANTILES EN PANTEÓN SAN NICOLAS LEÓN, GTO; CONSTRUCCIÓN DE 266 OSARIOS",Unitario,1,1,Obra,1,0
13,12,PROYECTO EJECUTIVO DE LA CALLE 2 DE ENERO TRAMO: BLVD. HILARIO MEDINA A EPISTOLAS COL. VALLE DEL CON,Unitario,1,1,Obra,1,0
14,14,PROYECTO EJECUTIVO DE LA CALLE ZANTETRAMO: HADES A EOLO COL. LA ERMITA,Unitario,1,1,Obra,1,0
15,15,PAVIMENTACION DE LA CALLE BALCON DE LOS COLIMBOS (TRAMO BALCON DE LOS CANGUROS-BALCON DE LOS RUISEÑO,Unitario,1,1,Obra,1,0
16,16,PAVIMENTACION  DE LA CALLE MALDIVAS (TRAMO: CALLE GANGES A AGRA) COLONIA CAÑON DE LA INDIA,Unitario,1,1,Obra,1,0
17,17,PAVIMENTACION DE LA CALLE IGNACIO VILLAVICENCIO (TRAMO ARTURO VALDEZ - ARTURO VILLEGAS)  COLONIA LEO,Unitario,1,1,Obra,1,0
18,18,PROYECTO EJECUTIVO DE LAS CALLES: MALAQUITA TRAMO: COBRE NATIVO - DEL ORATORIO COL. LAS JOYAS; CALLE,Unitario,1,1,Obra,1,0
19,19,"PAVIMENTACION DE LA CALLE TARSO (TRAMO: DE CORINTO A FILIPENSES, COL. SAN PABLO)",Unitario,1,1,Obra,1,0
20,20,REVESTIMIENTO DE LOS CAMINOS DUARTE TRAMO: DE LAS COLORADAS - MANGAS DE LA ESTANCIA; DUARTE TRAMO: M,Unitario,1,1,Obra,1,0
21,21,"REVESTIMIENTO DE LOS CAMINOS: CAMINO OJO DE AGUA, TRAMO: DEL FRACC. LA PERA - OJO DE AGUA DE LOS REY",Unitario,1,1,Obra,1,0
22,22,PAVIMENTACION DE LA CALLE PRIVADA SION ( TRAMO DE AV. SION A TOPAR CON PAVIMENTO ) COL. SAN FELIPE D,Unitario,1,1,Obra,1,0
23,23,PAVIMENTACION DE LA CALLE GANGES (TRAMO BANGLADESH A TOPAR CON PAVIMENTO PTE.) COL. CAÑON DE LA INDI,Unitario,1,1,Obra,1,0
24,24,PAVIMENTACION DE LA CALLE PRESA DEL CONDE (TRAMO PRESA DE LA SELVA A ARROYO SARDENETA) COL. LAS PRES,Unitario,1,1,Obra,1,0
25,25,PAVIMENTACION DE LA CALLE MADRE JULIA (TRAMO MADRE TIERRA A CERRO DEL SOYATE) COL. 10 DE MAYO,Unitario,1,1,Obra,1,0
26,26,"BACHEO SUPERFICIAL EN LAS VIALIDADES DEL MUNICIPIO DE LEÓN, GTO.",Unitario,1,1,Obra,1,0
27,27,PROYECTO EJECUTIVO DE LA CALLE: PRESA DEL TIGRE TRAMO: DE MORA -  GOBIO Y CALLE: GOBIO TRAMO: PRESA,Unitario,1,1,Obra,1,0
28,28,PROYECTO EJECUTIVO DE LA CALLE: CUESTA DE CAMELINA TRAMO: RODOLFO PADILLA A CIRCUITO SIGLO XXI COL.,Unitario,1,1,Obra,1,0
29,29,"REALIZACION PAQUETE # 1 DE NOTAS TECNICAS Y ACB PARA DIFERENTES OBRAS EN LA CIUDAD DE LEON, GTO.",Unitario,1,1,Obra,1,0
30,30,PROYECTO EJECUTIVO DE LA CALLE: CRUCIFIXION TRAMO: JEREZ DE CARTAGENA - BLVD. RIO MAYO; CALLE MADRE,Unitario,1,1,Obra,1,0
31,31,PROYECTO EJECUTIVO DE LA CALLE: DE MORA TRAMO: PRESA DE LA MOJINA - PRESA DEL TIGRE; CALLE PRESA DE,Unitario,1,1,Obra,1,0
32,32,PROYECTO EJECUTIVO DE LA CALLE: MARX TRAMO: BLVD. ARISTOTELES - BLVD. PASCAL; CALLE PASCAL TRAMO: MA,Unitario,1,1,Obra,1,0
33,33,PROYECTO EJECUTIVO DE LA  CALLE: VALLE DEL TEMPORAL TRAMO: BLVD. PERDIGON - VALLE DE LOS OTATES COL.,Unitario,1,1,Obra,1,0
34,34,PROYECTO EJECUTIVO DE LA CALLE: BANGLADESH TRAMO: GANGES - SANTISIMA TRINIDAD; CALLE SANTISIMA TRINI,Unitario,1,1,Obra,1,0
35,35,PROYECTO SIMPLIFICADO DE REVESTIMIENTO DE CAMINO RURAL A LOS RAMIREZ LOCALIDAD LOS RAMIREZ,Unitario,1,1,Obra,1,0
36,36,"PAVIMENTACION DE LA CALLE FILEMON (TRAMO; CALLE PRESA DE EFESO A PRESA LA MOJINA), EN LEON DE LOS AL",Unitario,1,1,Obra,1,0
37,37,"PAVIMENTACION DE LA CALLE HONORIO III ( TRAMO: AV. OLIMPICA A FRAY RAUL ), EN LEON DE LOS ALDAMA",Unitario,1,1,Obra,1,0
38,38,"PAVIMENTACION DE LA CALLE PRESA DEL CONSUELO ( TRAMO PRESA DE LA SELVA A ARROYO DE SARDENETA ), EN L",Unitario,1,1,Obra,1,0
39,39,REALIZACION PAQUETE #1 DE MANIFIESTOS DE IMPACTO AMBIENTAL PARA PLAZAS Y CALLES EN DIFERENTES PARTES,Unitario,1,1,Obra,1,0
40,40,"SUMINISTRO Y COLOCACION DE SEÑALAMIENTO EN BLVD. AEROPUERTO, LEON GTO",Unitario,1,1,Obra,1,0
41,41,ELIMINACION DE GRAFITIS Y APLICACION DE PINTURA EN DIVERSAS ZONAS DE LA CIUDAD.,Unitario,1,1,Obra,1,0
42,43,"SEGUNDA ETAPA DE LA RESTAURACION DEL ARCO DE LA CALZADA UBICADO EN CALZADA DE LOS HEROES, CALLE DR.",Unitario,1,1,Obra,1,0
43,45,PAVIMENTACION DE LA CALLE ANTIOQUIA ( TRAMO CALLE HEBREOS A CORINTO ) EN LEON DE LOS ALDAMA,Unitario,1,1,Obra,1,0
44,49,"CONSTRUCCION DE DESAGUES EN JARDINERAS DE LA CALZADA DE LOS HEROES, LEON, GTO.",Unitario,1,1,Obra,1,0
45,51,PAVIMENTACION DE LA CALLE ARTEMISA (TRAMO: EROS A PAVIMENTO EXISTENTE SUR) LA ERMITA,Unitario,1,1,Obra,1,0
46,50,PAVIMENTACION DE LA CALLE QUIO (TRAMO: DE BLVD. CORCIRA A EOLO) LA ERMITA,Unitario,1,1,Obra,1,0
47,47,"CONSTRUCCION DE BANQUETAS EN BLVD. PASEO DE LOS NIÑOS, LEON, GTO",Unitario,1,1,Obra,1,0
48,46,"PAVIMENTACION DE LA CALLE TROADE ( TRAMO: COLOSENSES A ARROYO ), EN LEON DE LOS ALDAMA",Unitario,1,1,Obra,1,0
49,48,PROYECTO EJECUTIVO DE LAS CALLES: CRUZ DE PALOMINO TRAMO: DEL ORATORIO - BLVD. ARISTOTELES; CALLE DE,Unitario,1,1,Obra,1,0
50,42,PROYECTO EJECUTIVO DE LAS CALLES: DAVID GALVAN BERMUDEZ TRAMO: DE LA LUZ - JULIO ALVAREZ MENDOZA,Unitario,1,1,Obra,1,0
51,44,"PAVIMENTACION DE LA CALLE FILIPENSES ( TRAMO: ROMANOS A COLOSENSES ), EN LEON DE LOS ALDAMA",Unitario,1,1,Obra,1,0
52,52,PAVIMENTACION DE LA CALLE PLATON ( TRAMO: DE KANT - CITADINA ) CENTRO FAMILIAR LA SOLEDAD,Unitario,1,1,Obra,1,0
53,53,"PAVIMENTACION DE LA CALLE ARALIA ( TRAMO: BLVD. HIDALGO - PAQUIME + 25 METROS), EN LEON DE LOS ALDAM",Unitario,1,1,Obra,1,0
54,54,"PAVIMENTACION DE LA CALLE TIBET ( TRAMO: CALLE BARODA - DE LOS BALUARTES ), EN LEON DE LOS ALDAMA",Unitario,1,1,Obra,1,0
55,55,"CONSTRUCCION Y REHABILITACION DE ELEMENTOS EN VIA PUBLICA, LEON GTO",Unitario,1,1,Obra,1,0
56,56,CONSTRUCCION Y REHABILIATACION DE ELEMENTOS EN VIA PUBLICA EN BLVD. AEROPUERTO LEON GTO.,Unitario,1,1,Obra,1,0
57,57,PAVIMENTACION DE LA CALLE BALCON DE LAS ABEJAS ( TRAMO: DE CALLE BALCON DE LAS MARIPOSAS A TOPAR ORI,Unitario,1,1,Obra,1,0
58,58,PAVIMENTACION DE LA CALLE PERSEFONE ( TRAMO CALLE ALTAR DE MARIA REINA A EROS) LA ERMITA,Unitario,1,1,Obra,1,0
59,59,PAVIMENTACION DE LA CALLE BALCON DE LOS CHARRANES ( TRAMO: BALCON DE LAS MARIPOSAS A CAMINO VECINAL,Unitario,1,1,Obra,1,0
60,60,"SUMINISTRO Y COLOCACION DE 495 CALENTADORES SOLARES EN LAS COLONIAS PILETAS (I, II, III Y IV) Y SAN",Unitario,1,1,Obra,1,0
61,62,"PROYECTO EJECUTIVO DEL BLVD. PERDIGON TRAMO: BLVD. HILARIO MEDINA A CRUCE CON ARROYO EL EJIDO LEON,",Unitario,1,1,Obra,1,0
62,63,"ESTUDIO DE MECANICA DE SUELOS EN DIFERENTES ESCUELAS DE LA CIUDAD DE LEON, GTO.",Unitario,1,1,Obra,1,0
63,64,PAVIMENTACION DE LA CALLE 16 DE JULIO ( TRAMO: FRAY SABATINO A AV. OLIMPICA ) EN LEON DE LOS ALDAMA,Unitario,1,1,Obra,1,0
64,65,PAVIMENTACION DE LA CALLE MARTINICA (TRAMO: BADAJOZ A PRIVADA BURGOS) LEON DE LOS ALDAMA,Unitario,1,1,Obra,1,0
65,66,PAVIMENTACION DE LA CALLE CAMPO ALEGRE (TRAMO CALLE DEL SOLAR A CALLE RIO DE LOS CASTILLOS) LEON DE,Unitario,1,1,Obra,1,0
66,67,PAVIMENTACION CALLE EGIPTO (TRAMO: CALLE SIRIA - AV. SION) LEON DE LOS ALDAMA,Unitario,1,1,Obra,1,0
67,68,PAVIMENTACION DE LA CALLE AGRA (TRAMO: BANGLADESH A TOPAR CON ARROYO ) LEON DE LOS ALDAMA,Unitario,1,1,Obra,1,0
68,69,PAVIMENTACION DE LA CALLE  VALLE CUREÑO ( TRAMO: VALLE ARIZPE - MADRE TIERRA ) LEON DE LOS ALDAMA,Unitario,1,1,Obra,1,0
69,71,PROYECTO EJECUTIVO DE LAS CALLES: BANGLADESH TRAMO: GANGES A PARQUE LINEAL SARDENETA COL. CAÑON DE L,Unitario,1,1,Obra,1,0
70,61,CONSTRUCCION DE 224 GAVETAS DE ADULTO EN EL PANTEON MUNICIPAL NORTE,Unitario,1,1,Obra,1,0
71,72,PROYECTO EJECUTIVO DE AJUSTRES OPERATIVOS AL CORREDOR TRONCAL MIGUEL HIDALGO SIT OPTIBUS TRAMO:,Unitario,1,1,Obra,1,0
72,74,"PARQUE DE LA SALUD FRACCIONAMIENTO SANTO DOMINGO, EN CALLE RIO MAYO ESQUINA CON FRAY MARTIN DE VALEN",Unitario,1,1,Obra,1,0
73,77,REUBICACION DE COMERCIANTES DE FORMA PROVISIONAL  AL PREDIO ACONDICIONADO PARA MERCADO LA ESPERANZA,Unitario,1,1,Obra,1,0
74,73,PAVIMENTACION DE LA CALLE HADES ( TRAMO: SLALMINA A EROS ) LA ERMITA,Unitario,1,1,Obra,1,0
75,75,PARQUE DE LA SALUD FRACCIONAMIENTO SAN SEBASTIAN CALLE CANARIO ESQUINA CALLE FLAMENCO,Unitario,1,1,Obra,1,0
76,79,MANTENIMIENTO Y MEJORAMIENTO DEL CAMELLON EN BLVD. AEROPUERTO LEON.GTO,Unitario,1,1,Obra,1,0
77,78,PROYECTO AVENIDA RIO DE LOS CASTILLOS TRAMO: CUENCA FLORIDA A AVENIDA SARDANETA COL. LOS CASTILLOS;,Unitario,1,1,Obra,1,0
78,76,ELIMINACION DE GRAFITIS Y APLICAICON DE PINTURA EN BLVD. AEROPUERTO,Unitario,1,1,Obra,1,0
79,80,"VERIFICACION DE CONTROL DE CALIDAD CORRESPONDIENTE PARA EL LABORATORIO VERIFICADOR A LEON, GTO.",Unitario,1,1,Obra,1,0
80,81,"VERIFICACION DE CONTROL DE CALIDAD CORRESPONDIENTE PARA EL LABORATORIO VERIFICADOR B LEON, GTO.",Unitario,1,1,Obra,1,0
81,82,PAVIMENTACION DE LA CALLE MANUEL  CRESENCIO REJON (TRAMO: JOSE A GODOY A JOSE M DE LA TORRE ) LEON D,Unitario,1,1,Obra,1,0
82,83,CICLOVIA JUAREZ NORTE - SUR PRIMERA ETAPA TRAMO BULEVAR JUAN JOSE TORRES LANDA - BULEVAR TIMOTEO LOZ,Unitario,1,1,Obra,1,0
83,84,CONSTRUCCION DE CICLOVIA BLVD. VICENTE VALTIERRA (PRIMERA ETAPA),Unitario,1,1,Obra,1,0
84,88,SUMINISTRO Y COLOCACION DE 725 CALENTADORES SOLARES ZONA URBANA EN LAS COLONIAS: AMPLIACION SAN FRAN,Unitario,1,1,Obra,1,0
85,86,ACTUALIZACION DEL PROYECTO EJECUTIVO DEL BLVD. ARISTOTELES TRAMO: DE BLVD. SAN JUAN BOSCO A BLVD. BA,Unitario,1,1,Obra,1,0
86,87,MEJORAMIENTO DEL ALUMBRADO PUBLICO Y SUSTITUCION DE LUMINARIAS EN BLVD. AEROPUERTO,Unitario,1,1,Obra,1,0
87,89,"REHABILITACION DE SANITARIOS, EN LA PRIMARIA LAZARO CARDENAS CCT 11DPR1036Y",Unitario,1,1,Obra,1,0
88,91,"CONSTRUCCION DE LAS BARDAS DEL AREA DE DEPOSITO, CONFINAMIENTO DE ESCOMBRO Y BASURA PANTEON NORTE",Unitario,1,1,Obra,1,0
89,85,REHABILITACION DE SANITARIOS EN LA SECUNDARIA EHECATL CCT 11DES0092C; REHABILITACION DE SANITARIOS E,Unitario,1,1,Obra,1,0
90,93,PROYECTO EJECUTIVO DE RENOVACION DE PARADEROS 1RA. ETAPA SIT OPTIBUS DE BLVD. FRANCISCO VILLA A AV.,Unitario,1,1,Obra,1,0
91,95,REHABILITACION DE SANITARIOS EN LA SECUNDARIA TECNICA NUM 33 CCT 11DST0045K; REHABILITACION DE SANIT,Unitario,1,1,Obra,1,0
92,96,REHABILITACION DE SANITARIOS EN LA TELESECUNDARIA NUM. 1107 CCT 11ETV1107Z; REHABILITACION DE SANITA,Unitario,1,1,Obra,1,0
93,97,PAVIMENTACION DE LA CALLE VERONA (TRAMO: DE CALLE FLUMINENSES A BOTAFOGO) LEON DE LOS ALDAMA,Unitario,1,1,Obra,1,0
94,98,PAVIMENTACION DE LA CALLE MADRE CELIA (TRAMO: CALLE MADRE SIERRA-TOPAR CON BALDIO) LEON DE LOS ALDAM,Unitario,1,1,Obra,1,0
95,99,PAVIMENTACION DE LA CALLE OCTAVIO MUÑOZ LEDO TRAMO: DEL BLVD. TELLEZ CRUCES A ANTONIO HERNANDEZ LEON,Unitario,1,1,Obra,1,0
96,100,PAVIMENTACION DE LA CALLE BENGALIES DE CINCINNATI TRAMO: CARGADORES DE SAN DIEGO A VAQUEROS DE DALLA,Unitario,1,1,Obra,1,0
97,102,PAVIMENTACION DE LA CALLE RACING TRAMO: CALLE BOTAFOGO A REAL SOCIEDAD LEON DE LOS ALDAMA,Unitario,1,1,Obra,1,0
98,92,"REALIZACION PAQUETE #2 DE MANIFIESTOS DE IMPACTO AMBIENTAL PARA PLAZAS, CALLES, CAMINOS, CICLOVIAS E",Unitario,1,1,Obra,1,0
99,103,"PAVIMENTACION DE LA CALLE BALCON DE LAS LUCIERNAGAS (´RIMERA ETAPA), TRAMO: BALCON DE LAS GOLONDRINA",Unitario,1,1,Obra,1,0
100,90,"ESTUDIO DE MECANICA DE SUELOS EN DIFERENTES MINI DEPORTIVAS DE LA CIUDAD DE LEÓN, GTO.",Unitario,1,1,Obra,1,0
101,94,AMPLIACION DEL SISTEMA INTEGRADO DE TRANSPORTE DE LEON (SIT OPTIBUS) 3A Y 4A ETAPA. CORREDOR TRONCAL,Unitario,1,1,Obra,1,0
102,104,PAVIMENTACION DE LA CALLE PIÑONCILLO TRAMO: DULCINEA DEL TOBOSO A BLVD. PASEO DE LA PRESA LEON DE LO,Unitario,1,1,Obra,1,0
103,105,PAVIMENTACION DE LA CALLE SAN JOSE DEL AMAZONAS TRAMO: SAN JOSE DE AMAZONAS A SAN JOSE DE OCA LEON D,Unitario,1,1,Obra,1,0
104,106,PAVIMENTACION DE LA CALLE SAN JOSE DE LAS MATAS TRAMO: SAN JOSE DEL CABO A SAN JOSE DEL REFUGIO LEON,Unitario,1,1,Obra,1,0
105,107,PAVIMENTACION DE LA CALLE CERRO PLANO TRAMO: CERRO DE LOS  MILAGROS CALLE CERRO DEL CUBO LEON DE LOS,Unitario,1,1,Obra,1,0
106,108,PAVIMENTACION DE LA CALLE BALCON DE LOS COLIBRIES TRAMO: ARROYO LAS LANGOSTAS-BALCON DE LA MONARCA C,Unitario,1,1,Obra,1,0
107,111,PAVIMENTACION DE LA CALLE MADRE EMELIA TRAMO: MADRE TIERRA-MADRE FABIOLA LEON DE LOS ALDAMA,Unitario,1,1,Obra,1,0
108,113,PAVIMENTACION DE LA CALLE VALLE CEYLAN TRAMO: CALLE MADRE TIERRA-VALLE ARIZPE LEON DE LOS ALDAMA,Unitario,1,1,Obra,1,0
109,114,PROYECTO EJECUTIVO DEL PUENTE PEATONAL SOBRE BULEVAR AEROPUERTO EN EL CRUCE DE BULEVAR AEROPUERTO,Unitario,1,1,Obra,1,0
110,118,PAVIMENTACION DE LA CALLE SANTALLANA TRAMO: AVENIDA MARCEL A SOLARES LEON DE LOS ALDAMA,Unitario,1,1,Obra,1,0
111,101,"ELABORACION DE ESTUDIOS AMBIENTALES PARA PROYECTOS EJECUTIVOS DE CALLES FIDOC, PLAZAS, PARQUES Y CIC",Unitario,1,1,Obra,1,0
112,109,PAVIMENTACION DE LA CALLE REAL DEL ORO TRAMO: DE REAL DEL CASTILLO A TOPAR LEON DE LOS ALDAMA,Unitario,1,1,Obra,1,0
113,110,PROYECTO CALLE DE LOS ATES TRAMO: VALLE DEL EJIDO-SALTILLO COL. VALLE DE SAN BERNARDO,Unitario,1,1,Obra,1,0
114,116,PAVIMENTACION  DE LA CALLE CAMPO ALARGADO TRAMO: CAMPO ESCONDIDO A CAMPO ALEGRE LEON DE LOS ALDAMA,Unitario,1,1,Obra,1,0
115,119,"CONSTRUCCION DE CUARTO ADICIONAL URBANO COLONIA AMPLIACION SAN FRANCISCO, LOCALIDAD MEDINA",Unitario,1,1,Obra,1,0
116,120,"CONSTRUCCION DE CUARTO ADICIONAL URBANO COLONIA AMPLIACION MEDINA, LOCALIDAD MEDINA",Unitario,1,1,Obra,1,0
117,122,CONSTRUCCION DE CUARTO ADICIONAL URBANO COLONIA HUERTAS DE MEDINA LOCALIDAD LEON DE LOS ALDAMA,Unitario,1,1,Obra,1,0
118,115,"PAVIMENTACION DE CALLE BALCON DE LAS LUCIERNAGAS, TRAMO BLVD. LAS JOYAS A BALCON DE LOS CHARRANES CE",Unitario,1,1,Obra,1,0
119,123,CONSTRUCCION DE CUARTO ADICIONAL URBANO COLONIA EL PEÑON LOCALIDAD MEDINA,Unitario,1,1,Obra,1,0
120,124,CONSTRUCCION DE CUARTO ADICIONAL URBANO COLONIA PIEDRA AZUL I LOCALIDAD LEON DE LOS ALDAMA,Unitario,1,1,Obra,1,0
121,112,PAVIMENTACION DE LA CALLE FLUMINENSES TRAMO: BLVD. TELLEZ CRUCES A TURIN LEON DE LOS ALDAMA;,Unitario,1,1,Obra,1,0
122,117,PAVIMENTACION DE LA CALLE INTER DE MILAN TRAMO: REAL SOCIEDAD A REAL MADRID  LEON DE LOS ALDAMA,Unitario,1,1,Obra,1,0
123,132,CONSTRUCCION DE CUARTO ADICIONAL URBANO COLONIA CUMBRES DE MEDINA LOCALIDAD MEDINA,Unitario,1,1,Obra,1,0
124,137,PAVIMENTACION DE LA CALLE  SAN JOSE DE LA CRUZ TRAMO: SAN JOSE DEL REFUGIO A SAN JOSE DE COSTA RICA,Unitario,1,1,Obra,1,0
125,121,"CONSTRUCCION DE CUARTO ADICIONAL URBANO COLONIA 10 DE MAYO, LOCALIDAD LEON",Unitario,1,1,Obra,1,0
126,125,CONSTRUCCION DE CUARTO ADICIONAL URBANO COLONIA LEON I LOCALIDAD LEON DE LOS ALDAMA,Unitario,1,1,Obra,1,0
127,126,CONSTRUCCION DE CUARTO ADICIONAL URBANO COLONIA REFUGIO DE SAN JOSE LOCALIDAD LEON DE LOS ALDAMA;,Unitario,1,1,Obra,1,0
128,127,"CONSTRUCCION DE CUARTO ADICIONAL URBANO COLONIA LOMAS DE LA SELVA LOCALIDAD LEON DE LOS ALDAMA,",Unitario,1,1,Obra,1,0
129,130,PROYECTO EJECUTIVO: CALLE RURAL SAN JOSE DEL RESPLANDOR TRAMO: E.C. SAN JUDAS-BARRETOS A DE LA ILUSI,Unitario,1,1,Obra,1,0
130,128,CONSTRUCCION DE CUARTO ADICIONAL URBANO COLONIA LAGOS DE MEDINA LOCALIDAD MEDINA,Unitario,1,1,Obra,1,0
131,136,PAVIMENTACION DE LA CALLE TIERRA Y LIBERTAD TRAMO: DE H. AYUNTAMIENTO A CORREGIDORA LEON DE LOS ALDA,Unitario,1,1,Obra,1,0
132,138,PROYECTO EJECUTIVO DE LA CALLE RURAL PRINCIPAL LOS TEPETATES EN LA COMUNIDAD LOS TEPETATES,Unitario,1,1,Obra,1,0
133,139,"CONSTRUCCION DE CICLOVIA BLVD. ANTONIO MADRAZO, TRAMOL: BLVD. MARIA IZQUIERDO A BLVD. VICENTE VALTIE",Unitario,1,1,Obra,1,0
134,140,"CONSTRUCCION DE CICLOVIA BLVD. VICENTE VALTIERRA, TRAMO: DE MALECON DEL RIO AL ACCDESO FRACCIONAMIEN",Unitario,1,1,Obra,1,0
135,144,REVESTIMIENTO DE CAMINO LOZA DE LOS PADRES-LADRILLERAS DEL REFUGIO LOCALIDAD LOZA DE LOS PADRES;,Unitario,1,1,Obra,1,0
136,145,REVESTIMIENTO DE CAMINO A LA PATIÑA - HACIENDA ARRIBA LOCALIDAD HACIENDA ARRIBA (SAN JOSE DE LA CONC,Unitario,1,1,Obra,1,0
137,146,PAVIMENTACION DE LA CALLE LOMAS DE LA HACIENDA TRAMO: DE CALLE LOMAS DE LAS DALIAS A LOMAS DE AGUA B,Unitario,1,1,Obra,1,0
138,148,PAVIMENTACION DE LA CALLE GALILEO TRAMO: BLVD. ARISTOTELES A FROMM CENTRO FAMILIAR LA SOLEDAD,Unitario,1,1,Obra,1,0
139,149,PAVIMENTACION DE LA CALLE FRAY RAUL TRAMO:  FRAY FELIPE A FRAY TOMAS LEON DE LOS ALDAMA,Unitario,1,1,Obra,1,0
140,150,PROYECTO EJECUTIVO: CALLE RURAL LUCIO BLANCO COMUNIDADES DE LUCIO BLANCO Y SAN JUAN DE OTATES MUNICI,Unitario,1,1,Obra,1,0
141,164,"PROYECTO EJECUTIVO "" FORTALECIMIENTO DEL SITIO DE REPETICION MUNICIPAL DE MESA DE MEDINA, ADECUACION Y MANTENIMIENTO DEL SITIO"" LEÓN, GTO.",Unitario,1,1,Obra,1,0
142,162,PROYECTO EJECUTIVO DEL CIRCUITO RURAL: MIGUEL HIDALGO I-BENITO JUAREZ-SANTA ANA DEL CONDE MUNICIPIO,Unitario,1,1,Obra,1,0
143,158,"REHABILITACION DE SANITARIOS, EN LA PRIMARIA EUQUERIO  GUERRERO LOPEZ, CCT 11EPR0790D",Unitario,1,1,Obra,1,0
144,163,PROYECTO EJECUTIVO DEL CAMINO BARRETOS-LA SANDIA MUNICIPIO DE LEON. GTO,Unitario,1,1,Obra,1,0
145,129,CONSTRUCCION DE CUARTO ADICIONAL URBANO COLONIA LIBERTAD LOCALIDAD LEON DE LOS ALDAMA,Unitario,1,1,Obra,1,0
146,157,"PAVIMENTACION DEL CUARTO SUR DEL BLVD. ARISTOTELES, TRAMO: DE PAVIMENTO EXISTENTE A BLVD. LOMA DORAM",Unitario,1,1,Obra,1,0
147,143,REVESTIMIENTO DE CAMINO LOS JACALES-LA LUZ (EL COPETE) LOCALIDAD LA LUZ (EL COPETE); REVESTIMEINTO D,Unitario,1,1,Obra,1,0
148,131,CONSTRUCCION DE CUARTO ADICIONAL URBANO COLONIA PIEDRA AZUL II LOCALIDAD LEON DE LOS ALDAMA,Unitario,1,1,Obra,1,0
149,134,CONSTRUCCION DE CUARTO ADICIONAL URBANO COLONIA BRISAS DE SAN FRANCISCO LOCALIDAD LEON DE LOS ALDAMA,Unitario,1,1,Obra,1,0
150,135,CONSTRUCCION DE CUARTO ADICIONAL URBANO COLONIA JARDINES DE LOMAS DE MEDINA LOCALIDAD MEDINA,Unitario,1,1,Obra,1,0
151,156,"CONSTRUCCION DE CUARTO ADICIONAL URBANO COLONIA MEDINA, LOCALIDAD MEDINA",Unitario,1,1,Obra,1,0
152,165,CONSTRUCCION  DE CUARTO ADICIONAL URBANO COLONIA LOOMAS DE MEIDNA LOCLAIDAD MEDINA; CONSTRUCCION,Unitario,1,1,Obra,1,0
153,142,REVESTIMIENTO DE CAMINO E.C. (LEON-COMANJILLA) - DUARTE LOCALIDAD DUARTE,Unitario,1,1,Obra,1,0
154,152,REVESTIMIENTO DE CAMINO BARRETOS - MIGUEL HIDALGO LOCALIDAD BARRETOS; REVESTIMIENTO DE CAMINO LOS,Unitario,1,1,Obra,1,0
155,154,REVESTIMIENTO DE CAMINO ALFARO - LLANO GRANDE LOCALIDAD ALFARO,Unitario,1,1,Obra,1,0
156,169,POROGRAMA DE SEGURIDAD EN EL SISTEMA INTEGRADO DE TRANSPORTE (SIT) CON LUMINARIAS AHORRADORAS EN PAR,Unitario,1,1,Obra,1,0
157,177,REHABILITACION DE LA RED DE ALUMBRADO PUBLICO EN LA COMUNIDAD RANCHO NUEVO LA LUZ LOCALIDAD RANCHO N,Unitario,1,1,Obra,1,0
158,184,MEJORAMIENTO DEL LAUMBRADO PUBLICO EN BLVD. AEROPUERTO (1RA. ETAPA) TRAMO: PUENTE DELTA A CALLE SAN,Unitario,1,1,Obra,1,0
159,188,"CONSTRUCCION DE CUARTO ADICIONAL URBANO COLONIA MARSOL, LOCALIDAD LEON DE LOS ALDAMA",Unitario,1,1,Obra,1,0
160,155,"REHABILITACION DE SANITARIOS EN LA TELESECUNDARIA NUM. 936, CCT 11ETV0936G, REHABILITACION DE SANITA",Unitario,1,1,Obra,1,0
161,153,"RESTAURACION DE LA FACHADA TORRE DE LA PARROQUIA DE SAN SEBASTIAN, LEON, GTO.",Unitario,1,1,Obra,1,0
162,159,"REHABILITACION DE SANITARIOS, EN LA PRIMARIA ANDRES QUINTNA ROO, CCT 11DPR2739V; REHABILITACION DE S",Unitario,1,1,Obra,1,0
163,160,REHABILITACION DE SANITARIOS EN EL PREESCOLAR QUETZALCOATL CCT 11DJN4391S,Unitario,1,1,Obra,1,0
164,180,REHABILITACION DE LA RED DE ALUMBRADO PUBLICO EN LA COMUNIDAD LA LABORCITA LOCALIDAD LA LABORCITA,Unitario,1,1,Obra,1,0
165,161,"REHABILITACION DE SANITARIOS, EN LA PRIMARIA 5 DE MAYO, CCT 11DPR2715L LEON DE LOS ALDAMA",Unitario,1,1,Obra,1,0
166,175,REHABILITACION DE LA RED DE ALUMBRADO PUBLICO EN LA COMUNIDAD LA LOZA DE LOS PADRES LOCALIDAD LOZA D,Unitario,1,1,Obra,1,0
167,176,REHABILITACION DE LA RED DE ALUMBRADO PUBLICO EN LA COMUNIDAD HACIENDA ARRIBA (SAN JOSE DE LA CONCEP,Unitario,1,1,Obra,1,0
168,185,REHABILITACION DE ESPACIO PUBLICO VALLE DE SAN JOSE LOCALIDAD LEON DE LOS ALDAMA,Unitario,1,1,Obra,1,0
169,133,PROYECTO EJECUTIVO DE PANTEON MUNICIPAL DUARTE COMUNIDAD DUARTE,Unitario,1,1,Obra,1,0
170,147,PAVIMENTACION DE LA CALLE SAN JOSE DE BUENAVENTURA TRAMO: SAN JOSE DEL REFUGIO A SAN JOSE DE COSTA R,Unitario,1,1,Obra,1,0
171,174,"PROYECTO EJECUTIVO CUATRO CALLES RURALES EN LA COMUNIDAD SAN CARLOS LA RONCHA MUNICIPIO DE LEON, GTO",Unitario,1,1,Obra,1,0
172,178,PROYECTO EJECUTIVO DEL BLVD. PERDIGON TRAMO: BLVD. FRANCISCO VILLA A PAVIMENTO EXISTENTE,Unitario,1,1,Obra,1,0
173,166,PROGRAMA DE SEGURIDAD EN EL SISTEMA INTEGRADO DE TRANSPORTE (SIT) CON LUMINARIAS AHORRADORAS EN PARA,Unitario,1,1,Obra,1,0
174,167,PROGRAMA DE SEGURIDAD EN EL SISTEMA INTEGRADO DE TRANSPORTE (SIT) CON LUMINARIAS AHORRADORAS EN PARA,Unitario,1,1,Obra,1,0
175,168,PROGRAMA DE SEGURIDAD EN EL SISTEMA INTEGRADO DE TRANSPORTE (SIT) CON LUMINARIAS AHORRADORAS EN PARA,Unitario,1,1,Obra,1,0
176,170,PROGRAMA DE SEGURIDAD EN EL SISTEMA INTEGRADO DE  TRANSPORTE  (SIT) CON LUMINARIAS AHORRADORAS EN PA,Unitario,1,1,Obra,1,0
177,171,PROGRAMA DE SEGURIDAD EN EL SISTEMA INTEGRADO DE  TRANSPORTE (SIT) CON LUMINARIAS AHORRADORAS EN PAR,Unitario,1,1,Obra,1,0
178,186,REHABILITACION DE ESPACIO PUBLICO DESARROLLO EL POTRERO LOCALIDAD LEON DE LOS ALDAMA,Unitario,1,1,Obra,1,0
179,187,REHABILITACION DE ESPACIO PUBLICO SAN FELIPE DE JESUS LOCALIDAD LEON DE LOS ALDAMA,Unitario,1,1,Obra,1,0
180,179,"REHABILITACION DEL BULEVAR TORRES LANDA, SEGUNDA ETAPA",Unitario,1,1,Obra,1,0
181,192,PROYECTO EJECUTIVO DEL BLVD FRANCISCO VILLA TRAMO: DE BLVD.  JOSE MARIA MORELOS A BLVD. PERDIGON,Unitario,1,1,Obra,1,0
182,205,CONSTRUCCION DE BARDA PERIMETRAL Y PAVIMENTOS EN LA CALLE PRIVADA HERREROS COLONIA EL COECILLO,Unitario,1,1,Obra,1,0
183,208,PROTECCION DE HERRERIA EN PARQUE MEXICO,Unitario,1,1,Obra,1,0
184,209,PROYECTO EJECUTIVO DE LA CALLE RURAL PRINCIPAL HACIENDA ARRIBA COMUNIDAD DE HACIENDA ARRIBA Y PROYEC,Unitario,1,1,Obra,1,0
185,141,"PAVIMENTACION DE CICLOVIA BLVD. LA LUZ, TRAMO: BLVD. JOSE MARIA MORELOS A BLVD VICENTE VALTIERRA LOC",Unitario,1,1,Obra,1,0
186,190,PROYECTO EJECUTIVO DE LAS CALLES: DE LA CORTINA TRAMO:  TRONERAS A ATALAYA COL. EL CASTILLO; CALLE T,Unitario,1,1,Obra,1,0
187,197,PROYECTO EJECUTIVO DE LA CALLE ALFALFA TRAMO: MAZATLAN A BLVD. VICENTE VALTIERRA COL. LA CANDELARIA,Unitario,1,1,Obra,1,0
188,211,"REPARACION DE PAVIMENTOS EN DIVERSAS VIALIDADES MEDIANTE EL BACHEO CON ASFALTO, LEON, GTO.",Unitario,1,1,Obra,1,0
189,172,"REHABILITACION DE ACABADOS, OBRA EXTERIOR E INSTALACIONES DEL MERCADO AMERICAS, LEON, GTO.",Unitario,1,1,Obra,1,0
190,219,MANTENIMIENTO A LOS PAVIMENTOS DE LA CIUDAD MEDIANTE BACHEO SUPERFICIAL ,Unitario,1,1,Obra,1,0
191,198,"PROYECTO EJECUTIVO DE CONSOLIDACIÓN Y ESTABILIZACIÓN ESTRUCTURAL DEL INMUEBLE EXISTENTE DE PLAZA DE GALLOS (REDONDEL Y HOTEL) CALLE JUAREZ ZONA CENTRO LEON,GTO.",Unitario,1,1,Proyecto,1,0
192,151,"PROYECTO EJECUTIVO DE LA REHABILITACIÓN DEL ""SUPER TIANGUIS LA PULGA I""",Unitario,1,1,Proyecto,1,0
193,183,"REHABILITACIÓN DE TECHUMBRE, BAÑOS, ACABADOS E INSTALACIONES DEL MERCADO MARGARITAS",Unitario,1,1,Obra,1,0
194,189,REHABILITACIÓN DE ACABADOS E INSTALACIONES DEL MERCADO SAN JUAN BOSCO,Unitario,1,1,Obra,1,0
195,199,1ra. ETAPA DE REHABILITACIÓN DE CUBIERTA DEL TIANGUIS LA PULGA 1,Unitario,1,1,Obra,1,0
196,202,REHABILITACIÓN DE ESPACIO PÚBLICO NUEVO LEÓN LOCALIDAD LEON DE LOS ALDAMA,Unitario,1,1,Obra,1,0
197,203,REHABILITACIÓN DE ESPACIO PÚBLICO LOMAS DE MEDINA LOCALIDAD MEDINA,Unitario,1,1,Obra,1,0
198,204,REHABILITACIÓN DE ESPACIO PÚBLICO PRESITAS DEL CONSUELO LOCALIDAD LEÓN DE LOS ALDAMA,Unitario,1,1,Obra,1,0
199,210,PROYECTO DE PAVIMENTACIÓN DE LA CALLE BALCÓN DE LOS RUISEÑORES TRAMO: BLVD. BALCON DE LAS JOYAS - BALCON DE LAS MARIPOSAS COL. BALCONES DE LAS JOYAS,Unitario,1,1,Proyecto,1,0
200,206,"PROYECTO EJECUTIVO DE LA CALLE RURAL LA LABORCITA - LUCIO BLANCO EN COMUNIDADES DE LA LABORCITA Y LUCIO BLANCO LOCALIDAD MUNICIPIO DE LEÓN, GTO.",Unitario,1,1,Proyecto,1,0
201,212,"BACHEO SUPERFICIAL EN LAS VIALIDADES DEL MUNICIPIO DE LEON, GTO. (2DA ETAPA)",Unitario,1,1,Obra,1,0
202,193,"SUSTITUCIÓN, COLOCACIÓN Y MANTENIMIENTO CORRECTIVO DEL ALUMBRADO PÚBLICO EN VIALIDADES Y ESPACIOS PÚBLICOS",Unitario,1,1,Obra,1,0
203,195,PROYECTO EJECUTIVO DE LAS CALLES: FRAY FELIPE TRAMO: FRAY GIL A FRAY RICARDO COL. AMPLIACIÓN SAN FRANCISCO; CALLE 8 DE MARZO TRAMO: 2 DE ENERO A 7 DE JULIO COL. 8 DE MARZO ,Unitario,1,1,Proyecto,1,0
204,213,"PROYECTO CALLE HERMANOS TRONCOSO, TRAMO: JOSÉ MARÍA BRITOS - JOSÉ MARÍA ROA BARCENAS COL. PERIODISTAS DE MÉXICO",Unitario,1,1,Proyecto,1,0
205,191,PROYECTO EJECUTIVO  DE LAS CALLES: MURALLAS TRAMO:CANAL DE SARDENETA A ALMENA COL. LOS CASTILLOS; CALLE MATACAN TRAMO; MURALLAS A ATALAYA COL. LOS CASTILLOS.,Unitario,1,1,Proyecto,1,0
206,196,PROYECTO EJECUTIVO DE LA CALLE HÉROES DE LA INDEPENDENCIA TRAMO: NELUBIO A BLVD. FRANCISCO VILLA COL. VILLAS DE LA LUZ,Unitario,1,1,Proyecto,1,0
207,216,PROYECTO ANDADOR MADRE ESTHELA TRAMO: MADRE FABIOLA A MADRE MARINA COL. DIEZ DE MAYO; PROYECTO CALLE FRAY RICARDO TRAMO: FRAY FELIPE A PEDRO DE CATANIA COL. AMPLIACIÓN SAN FRANCISCO. ,Unitario,1,1,Proyecto,1,0
208,214,PROYECTO EJECUTIVO DE REHABILITACIÓN  Y RESTAURACIÓN DEL TEATRO MANUEL DOBLADO UBICADO EN CALLE HERMANOS ALDAMA ESQ. PEDRO MORENO  ZONA CENTRO.,Unitario,1,1,Proyecto,1,0
209,222,"1RA. ETAPA DE LA REHABILITACIÓN DE TECHUMBRE, INSTALACIONES ELÉCTRICAS Y ACABADOS DEL MERCADO EL PAISAJE",Unitario,1,1,Obra,1,0
210,226,PROYECTO CALLE EXPOS DE MONREAL TRAMO: BLVD. REAL MADRID A TIGRES DE DETROIT Y PROYECTO CALLE ASTROS DE HOUSTON TRAMO: BLVD. VASCO DE QUIROGA A ORIOLES DE BALTIMORE COL. DEPORTIVA II,Unitario,1,1,Proyecto,1,0
211,215,"PAVIMENTACIÓN DE LA CALLE DE LA CONQUISTA TRAMO: LOS ALPES A TOPAR, COL. LAS AMALIAS SUR.",Unitario,1,1,Obra,1,NULL
212,181,REHABILITACIÓN DE LA RED DE ALUMBRADO PÚBLICO EN LA COMUNIDAD ALFARO LOCALIDAD ALFARO,Unitario,1,1,Obra,1,0
213,207,"PROYECTO EJECUTIVO DE LA CALLE PRINCIPAL EN LA COMUNIDAD DE IGNACIO ZARAGOZA Y PROYECTO EJECUTIVO DE LA CALLE PRINCIPAL EN LA COMUNIDAD DE ALBARRADONES LOCALIDAD LEÓN, GTO.",Unitario,1,1,Proyecto,1,0
215,201,ADECUACION GEOMETRICA DEL CAMELLON CON VUELTA IZQUIERDA DE ACCESO AL EDIFICIO ADMINISTRATIVO DEL SISTEMA INTEGRADO DE TRANSPORTE ( SIT OPTIBÚS) Y CAMELLON DEL BLVD. VICENTE VALTIERRA Y BLVD FRANCISCO VILLA,Unitario,1,1,Obra,1,0
216,182,REHABILITACIÓN DE ACABADOS Y AMPLIACIÓN DE CUBIERTA DEL MERCADO FONDAS ALLENDE,Unitario,1,1,Obra,1,0
218,249,"PAVIMENTACION DE LA CALLE: JEREZ DE RODANO, TRAMO: BLVD. DELTA - JEREZ DE ANTAÑO COLONIA VALLE DE JEREZ III SECC.;  PAVIMENTACION DE LA CALLE: 2DA. JEREZ DE AMBERES, TRAMO: BLVD. DELTA - JEREZ DE ANTAÑO  COLONIA VALLE DE JEREZ III SECC.;  PAVIMENTACION DE LA CALLE: JEREZ DE GUADALQUIVIR, TRAMO: BLVD. DELTA - VALLE DE SANTIAGO COLONIA VALLE DE JEREZ III SECC.",Unitario,1,1,Obra,1,0
219,248,"PAVIMENTACION DE LA CALLE: BALCON DE LOS JILGUEROS, TRAMO: TOPAR LADO ORIENTE - TOPAR LADO PONIENTE COLONIA BALCON DE LAS JOYAS",Unitario,1,1,Obra,1,0
220,250,"PAVIMENTACION DE LA CALLE:  CORINTO, TRAMO: COLOCENCES - FILEMON COLONIA SAN PABLO;  PAVIMENTACION DE LA CALLE:  ANDADOR CRESTERIA TRAMO:  CRESTERIA - PIRAMIDE COLONIA LA PIRAMIDE.",Unitario,1,1,Obra,1,0
221,251,"PAVIMENTACION DE LA CALLE: VALLE FERTIL, TRAMO: RIO MAYO - VALLE DE LOS ANGELES  COLONIA CAMPESTRE DE JEREZ",Unitario,1,1,Obra,1,0
223,257,"PAVIMENTACION DE LA CALLE: ANDADOR PERSIA, TRAMO: EUFRATES - PALESTINA COL. SAN FELIPE DE JESUS",Unitario,1,1,Obra,1,0
224,252,"PAVIMENTACION DE LA CALLE:  CANTARES, TRAMO: ESTAMBUL - BLVD. FRANCISCO VILLA COLONIA UYEPAC; PAVIMENTACION DE LA CALLE:  2 DE AGOSTO, TRAMO: ESTAMBUL - RIO NILO COLONIA UYEPAC",Unitario,1,1,Obra,1,0
225,238,PAVIMENTACION DE LA CALLE DEL BAJIO TRAMO: ESTRELLA BOREAL -VIA LACTEA COLONIA MIRADOR CAMPESTRE,Unitario,1,1,Obra,1,0
226,217,PROYECTO CALLE CRESTERIA TRAMO AV. GUANAJUATO - TOPAR LADO NORTE COL. LA PIRAMIDE; PROYECTO CALLE PRESA EL REPARO TRAMO: PRESA DE LA MOJINA - PRESA DEL TIGRE COL. PRESITAS DEL CONSUELO,Unitario,1,1,Proyecto,1,0
227,220,CONSTRUCCION DE CUBIERTA - LONARIO PARA AREA DE GIMNASIO SECO EN LA ALBERCA DE LA UNIDAD DEPORTIVA ENRIQUE FERNANDEZ MARTINEZ,Unitario,1,1,Obra,1,0
228,218,CICLOVIA LA LUZ TRAMO: BLVD. MORELOS A BLVD. FRANCISCO VILLA,Unitario,1,1,Obra,1,0
229,173,"REHABILITACIÓN DE TECHUMBRE , ACABADOS, OBRA EXTERIOR E INSTALACIONES DEL MERCADO FLORES MAGON , LEON, GTO.",Unitario,1,1,Obra,1,0
230,235,"REHABILITACIÓN DEL BULEVAR JUAN JOSE TORRES LANDA, PRIMER ETAPA",Unitario,1,1,Obra,1,0
231,200,OBRAS COMPLEMENTARIAS PARA EL ACCESO VEHICULAR AL EDIFICIO ADMINISTRATIVO DE LA TERMINAL SUR DEL SISTEMA INTEGRADO DE TRANSPORTE (SIT OPTIBUS) CUERPO NORTE,Unitario,1,1,Obra,1,0
232,242,"PAVIMENTACION DE LA CALLE JEREZ DE FORMENTERA TRAMO: BLVD. DELTA A VALLE DE SANTIAGO COL. VALLE DE JEREZ II, LEON DE LOS ALDAMA",Unitario,1,1,Obra,1,0
233,254,"REHABILITACION DE PLAZA SAN FRANCISCO, LEON DE LOS ALDAMA",Unitario,1,1,Obra,1,0
234,246,"MANTENIMIENTO Y REHABILITACIÓN DE PAVIMENTOS. BANQUETAS, GUARNICIONES Y MOBILIARIO URBANO EN ZONA PIEL",Unitario,1,1,Obra,1,0
235,241,"PAVIMENTACION DE LA CALLE LOMA LARGA TRAMO: CERRO LARGO A MADRE MARINA COL. POPULAR POLANCO, LEON DE LOS ALDAMA",Unitario,1,1,Obra,1,0
236,225,"PAVIMENTACIÓN DE LA CALLE PÉTALO TRAMO: ESTAMBRE A MADRE MARINA COL. ARBOLEDAS DE SAN HILARIÓN, LEÓN DE LOS ALDAMA; PAVIMENTACIÓN DE LA CALLE MADRE MARINA TRAMO: MADRE MAURA A RIO MAYO COL. ARBOLEDAS DE SAN HILARIÓN, LEÓN DE LOS ALDAMA",Unitario,1,1,Obra,1,0
237,224,"PAVIMENTACION DE LA CALLE CACHO TRAMO: DE PRESA DE LA MOJINA A CALLE PRESA DEL TIGRE EN LA COL. VALLADITO LEON, DE LOS ALDAMA",Unitario,1,1,Obra,1,0
238,240,"PAVIMENTACIÓN DE LA CALLE CATANIA ( ANTES FRAY RAMÓN) TRAMO: FRAY RAÚL A AV. OLIMPICA COL. AMPLIACION SAN FRANCISCO , LEON DE LOS ALDAMA",Unitario,1,1,Obra,1,0
239,255,"PAVIMENTACIÓN DE LA CALLE JOSÉ MARÍA DE TORNEL TRAMO: JOSÉ MARÍA BRITO A IGNACIO AGUIRRE COL. PERIODISTAS MEXICANOS, LEÓN DE LOS ALDAMA",Unitario,1,1,Obra,1,0
240,245,"PAVIMENTACIÓN DE LA CALLE RAMÓN SAGREDO (JARDINES DE NARANJILLAS) TRAMO: JARDINES DEL SOL A JARDINES DEL ROCIÓ COL. JARDINES DE MARAVILLAS, LEÓN DE LOS ALDAMA",Unitario,1,1,Obra,1,0
243,262,"ADECUACION DE PROYECTO EJECUTIVO DEL PUENTE PEATONAL SOBRE BULEVAR AEROPUERTO EN EL CRUCE DEL BULEVAR AEROPUERTO CON BULEVAR ATOTONILCO, LEON, GTO",Unitario,1,1,Proyecto,1,0
244,271,PAVIMENTACION DE LA CALLE USULUTÁN TRAMO: LA HUIZACHERA A CHICHONTEPEC COL. LATINOAMERICANA,Unitario,1,1,Obra,1,0
245,259,PAVIMENTACION DE LA CALLE LA VIZCAINA  TRAMO: LOS ALPES-LA CONQUISTA COLONIAS LAS AMALIAS SUR,Unitario,1,1,Obra,1,0
246,239,PAVIMENTACION DE LA CALLE VILLAS DE LEON PONIENTE TRAMO: DEL PABELLON - DEL AGORA COLONIAS VILLAS DE LEÓN,Unitario,1,1,Obra,1,0
247,243,CONSTRUCCION DE CANCHA DE FUTBOL 7 EN LA UNIDAD DEPORTIVA NUEVO MILENIO,Unitario,1,1,Obra,1,0
248,244,"REHABILITACIÓN DE ALUMBRADO DE CICLOVIA DEL BLVD. JOSÉ MARÍA MORELOS, EN LEÓN DE LOS ALDAMA",Unitario,1,1,Obra,1,0
249,221,REHABILITACIÓN DEL PARQUE HIDALGO ETAPA 1 ZONA ORIENTE LEON DE LOS ALDAMA,Unitario,1,1,Obra,1,0
250,223,"REMODELACIÓN DEL CENTRO CULTURAL “PLAZA DE GALLOS” EN EL MUNICIPIO DE LEÓN, EN EL ESTADO DE GUANAJUATO",Unitario,1,1,Obra,1,0
251,227,PROYECTO EJECUTIVO DE DIGNIFICACIÓN DE ESPACIOS PUBLICOS EN EL BARRIO DE SAN PEDRO DE LOS HERNANDEZ EN LA CALLE CAMPANARIO ESQ. CON FRAY DANIEL MIRELES,Unitario,1,1,Proyecto,1,0
252,228,PROYECTO EJECUTIVO DE DIGNIFICACIÓN DE ESPACIOS PUBLICOS EN EL BARRIO ARRIBA EN LA AV. 27 DE SEPTIEMBRE ,Unitario,1,1,Proyecto,1,0
253,234,REHABILITACIÓN  DEL REDONDEL DE LA PLAZA DE GALLOS.  1a. ETAPA,Unitario,1,1,Obra,1,0
254,230,PROYECTO EJECUTIVO DE DIGNIFICACIÓN DE ESPACIOS PUBLICOS EN EL BARRIO DEL COECILLO EN LA CALLE ACAPULCO ESQ. CON CALLE SAN JUAN  Y PROYECTO EJECUTIVO DE DIGNIFICACIÓN DE ESPACIOS PUBLICOS EN EL BARRIO DEL COECILLO EN LA CALLE SAN CAYETANO ESQ. CON CALLE HEROES DE LA INDEPENDENCIA ,Unitario,1,1,Proyecto,1,0
255,231,"PROYECTO REHABILITACION PLAZAS: CASTILLO DE WINDSOR COLONIA LOMAS DE LOS CASTILLOS; SAVILA Y JUDIA COLONIA VALLE HERMOSO III; ESTALAGMITA ENTRE AZOICA Y CIGARRO COLONIA PEDREGALES DE ECHEVESTE;  PAULINO DURAN, HERCULANO HERNANDEZ Y ANGEL NEGRETE COLONIA LEON I.",Unitario,1,1,Proyecto,1,0
256,232,PROYECTO REHABILITACION PLAZAS: HACIENDA DE LA R. ENTRE SAN JOSE DE OCA Y HACIENDA NACIMIENTO COLONIA HACIENDA DE SAN JOSE; MADRE TIERRA  Y VALLE MAVADA COL. VALLE DE SAN JOSE;  FORESTA PINO ENTRE FORESTA MAPLE Y FORESTA NOGAL COLONIA FORESTA JARDIN,Unitario,1,1,Proyecto,1,0
257,233,"PROYECTO REHABILITACION PLAZAS: VALLE DE LA LUZ ESQUINA VALLE DE SANTA CLARA COLONIA VALLE DE LA LUZ;  FLOR DE SANGRE, FLOR DE HIELO, FLOR DE DÍA Y ACAHULLO COLONIA  CONVIVE; BLVD. DE LA JOYA, MIRADOR DE LA SILLA Y MIRADOR DEL GIGANTE Y PARICUTIN  COLONIA LOMAS DEL MIRADOR",Unitario,1,1,Proyecto,1,0
258,236,"PRIMERA ETAPA DE LA REHABILITACIÓN DE LA PLAZA DEL MUSICO, LEÓN,GTO.",Unitario,1,1,Obra,1,0
259,238,PAVIMENTACION DE LA CALLE DEL BAJIO TRAMO: ESTRELLA BOREAL - VÍA LÁCTEA COLONIA MIRADOR CAMPESTRE,Unitario,1,1,Obra,1,0
260,247,REHABILITACION Y CONSTRUCCION DE MUROS DE CONTENCIÓN EN BLVD. JUAN ALONSO DE TORRES ESQUINA CON POCHUTLA Y EN BLVD. SAN JUAN BOSCO INTERSECCIÓN ARROYO EL PITAYO,Unitario,1,1,Obra,1,0
261,253,"PROYECTO EJECUTIVO DE REMODELACIÓN DEL ESTADIO DE BEISBOL DOMINGO SANTANA, CONGRESO DE LA UNION ENTRE CALLES ANTONIO MADRAZO Y PABLO GALEANA  COL. SAN JOSE DEL CONSUELO ",Unitario,1,1,Proyecto,1,0
262,258,PAVIMENTACION DE LA CALLE DE LA CAMPANA TRAMO: LOS ALPES – LA CONQUISTA COLONIA LAS AMALIAS SUR,Unitario,1,1,Obra,1,0
263,260,"SUMINISTRO Y COLOCACIÓN DEL SEÑALAMIENTO HORIZONTAL DEL BLVD. ADOLFO LOPEZ MATEOS EN EL TRAMO DEL DISTRIBUIDOR VIAL JUAN PABLO II A BLVD. JUAN ALONSO DE TORRES Y EN  BLVD. JUAN ALONSO DE TORRES Y EN  EL TRAMO BLVD. MARIANO ESCOBEDO  A BLVD. FRANCISCO VILLA, EN EL BLVD. FRANCISCO VILLA EN EL TRAMO DE BLVD. ADOLFO LOPEZ MATEOS  A BLVD. TIMOTEO LOZANO EN MALECON DEL RÍO  DE LOS GÓMEZ EN EL TRAMO DE BLVD. JUAN ALONSO DE TORRES A BLVD. J.J. TORRES LANDA ",Unitario,1,1,Obra,1,0
264,261,PROYECTO CALLE: BOSQUES DE ÁLAMOS TRAMO: BLVD. TALABARTEROS – CALLE EUCALIPTOS Y  AVENIDA PASEO DE ECHEVESTE TRAMO: BLVD. TALABARTEROS  - BLVD. JOSÉ MARÍA MORELOS  COLONIA PORTALES DE LA ARBOLEDA ,Unitario,1,1,Proyecto,1,0
265,270,PAVIMENTACION DE LA CALLE DE LA PLACITA TRAMO: LOS ALPES A LA CONQUISTA COL. LAS AMALIAS SUR,Unitario,1,1,Obra,1,0
266,272,6TA ETAPA RUTA DEL PEATON  LEÓN – IMAGEN URBANA ETAPA: PLAZA SAN JUAN DE DIOS ,Unitario,1,1,Obra,1,0
267,273,REHABILITACION DE ACABADOS E INSTALACIONES DEL MERCADO REVOLUCIÓN,Unitario,1,1,Obra,1,0
268,274,CONSTRUCCION DE CUARTOS ADICIONALES 4X4 EN LA COMUNIDAD DE LOZA DE LOS PADRES,Unitario,1,1,Obra,1,0
269,275,CONSTRUCCION DE CUARTOS ADICIONALES 4X4 EN LA COMUNIDAD DE DUARTE,Unitario,1,1,Obra,1,0
270,289,PAVIMENTACION DE LA CALLE SAN SERGIO TRAMO: SAN EDUARDO A BLVD. VICENTE VALTIERRA COL. SAN MANUEL,Unitario,1,1,Obra,1,0
271,268,CONSTRUCCIÓN BARDA PERIMETRAL  EN EL JARDIN DE NIÑOS ROSAURA ZAPATA  CCT 11DJN4343I  LOCALIDAD MEDINA;  CONSTRUCCIÓN DE 1 AULA AISLADA TRADICIONAL 6X8 (DIRECCIÓN) EN PRIMARIA INSURGENTES  CCT 11DPR3601Q LOCALIDAD ALFARO,Unitario,1,1,Obra,1,0
272,266,CONSTRUCCIÓN DE 1 AULA AISLADA TRADICIONAL 6X8 (DIRECCIÓN) EN PREESCOLAR FRANCISCO GABILONDO SOLER  CCT 111DJN3672U LOCALIDAD MEDINA;  CONSTRUCCIÓN DE 1 AULA AISLADA TRADICIONAL 6X8 (DIRECCIÓN) EN TELESECUNDARIA NO. 372   CCT 11ETV0395B LOCALIDAD SAN NICOLAS DE LOS GONZALEZ,Unitario,1,1,Obra,1,0
273,283,CONSTRUCCIÓN DE 1 AULA AISLADA  TRADICIONAL 6 X 8 (DIRECCIÓN) EN TELESECUNDARIA NUM. 902   CCT ETV0902Q  LOCALIDAD SAN JUAN DE ABAJO; CONSTRUCCIÓN DE 1 AULA AISLADA  TRADICIONAL 6 X 8 (DIRECCIÓN) EN TELESECUNDARIA NUM. 937 COLONIA EL CARMEN CTM   CCT 11ETV0937F  LOCALIDAD LEÓN DE LOS ALDAMA,Unitario,1,1,Obra,1,0
274,229,PROYECTO EJECUTIVO DE DIGNIFICACIÓN DE ESPACIOS PUBLICOS EN EL BARRIO DE SAN JUAN BOSCO EN LA CALLE BURGOS ESQ. CALLE SOFIA,Unitario,1,1,Proyecto,1,0
275,277,REVESTIMIENTO DE LA CALLE PRINCIPAL DE LA COMUNIDAD DE ALFARO  TRAMO: DE CAMINO REAL ALFARO (ASFALTADA) A CENTRO DE SALUD  COMUNIDAD ALFARO,Unitario,1,1,Obra,1,0
276,265,PROYECTO EJECUTIVO DE DIGNIFICACIÓN DE ESPACIOS PUBLICOS EN EL BARRIO DE SAN MIGUEL EN LA CALLE INDEPENDENCIA  ESQ. BLVD. TORRES LANDA,Unitario,1,1,Proyecto,1,0
277,280,REHABILITACIÓN DE PATIO CÍVICO  EN LA TELESECUNDARIA No. 8 CCT 111ETV00370  LOCALIDAD LEÓN DE LOS ALDAMA,Unitario,1,1,Obra,1,0
278,282,CONSTRUCCIÓN DE 1 AULA AISLADA  TRADICIONAL 6 X 8 (DIRECCIÓN) EN PREESCOLAR  ESTEFANIA CASTAÑEDA COL. SAN PABLO CCT 11DJN4189F LOCALIDAD LEÓN DE LOS ALDAMA; CONSTRUCCIÓN DE 1 AULA AISLADA  TRADICIONAL 6 X 8 (DIRECCIÓN) EN PRIMARIA JUSTO SIERRA COLONIA SAN PABLO  CCT 141EPR08300 LOCALIDAD LEÓN DE LOS ALDAMA,Unitario,1,1,Obra,1,0
279,281,REHABILITACIÓN DE PATIO CIVICO EN LA PRIMARIA JOSE ROSAS MORENO COLONIA AMPLIACIÓN SAN FRANCISCO CCT 11DPR3768X LOCALIDAD LEÓN DE LOS ALDAMA;   REHABILITACIÓN DE PATIO CIVICO EN EL  PREESCOLAR LEV SEMENOVICH VIGOTSKY  CCT 11DJN4146H LOCALIDAD LEÓN DE LOS ALDAMA,Unitario,1,1,Obra,1,0
280,290,PAVIMENTACION DE LA CALLE SAN PABLO TRAMO: BLVD. ATOTONILCO A VALLE DEL DESVAN COL. SAN JOSE EL ALTO,Unitario,1,1,Obra,1,0
281,256,"REHABILITACIÓN Y AMPLIACIÓN DE LA INFRAESTRUCTURA DE ALUMBRADO PUBLICO EN EL BLVD. HIDALGO TRAMO: DE BLVD. J.M. MORELOS A SALIDA  SAN FELIPE, LEON, GTO.",Unitario,1,1,Obra,1,0
282,287,MODERNIZACIÓN DEL ALUMBRADO PÚBLICO EN ZONA PIEL  ( 1ª. ETAPA),Unitario,1,1,Obra,1,0
283,279,REHABILITACIÓN DE PATIO CIVICO EN LA PRIMARIA EUQUERIO GUERRERO LOPEZ COLONIA  10 DE MAYO  CCT 11EPR079OD LOCALIDAD  LEÓN DE LOS ALDAMA;   REHABILITACIÓN DE PATIO CIVICO EN EL JARDÍN DE NIÑOS DIEGO JOSE ABAD  CCT 11DJN0333A LOCALIDAD LOZA DE LOS PADRES,Unitario,1,1,Obra,1,0
284,285,PROYECTO EJECUTIVO DE DIGNIFICACIÓN DE ESPACIOS PUBLICOS EN EL BARRIO DE SAN JUAN DE DIOS EN LA CALLE IGNACIO ALTAMIRANO ESQ. CON CALLE ROSAS MORENO,Unitario,1,1,Proyecto,1,0
285,284,MANTENIMIENTO Y RESTAURACIÓN DE LA FUENTE DE LOS LEONES,Unitario,1,1,Obra,1,0
286,286,"SUMINISTRO Y COLOCACIÓN DE  CALENTADORES SOLARES ZONA RURAL EN LAS LOCALIDADES, POMPA, SAN JOSE DE LOS SAPOS, SAN PEDRO DEL MONTE, SANTA ROSA PLAN DE AYALA, LA SANDIA, LOS ARCOS Y EL CONSUELO",Unitario,1,1,Obra,1,0
287,580,"CONSTRUCCIÓN DE INFRAESTRUCTURA EDUCATIVA Y OBRA COMPLEMENTARIA, EN LA TELESECUNDARIA NÚMERO 744, CON C.C.T.11ETV0740V, DEL MUNICIPIO DE LEÓN, GTO.",Unitario,1,1,Obra,1,0
288,264,PROYECTO DE REMODELACIÓN AL CUARTEL GENERAL FRANCISCO VILLA ESQUINA QUE CONFORMA LUIS LONG Y CALLE 8 COL. FLORES MAGON,Unitario,1,1,Proyecto,1,0
289,269,"CONSTRUCCIÓN DE AULA TRADICIONAL AISLADA DE 6X8 (DIRECCIÓN), EN EL VIDEOBACHILLERATOSABES AGROEDUCA, CCT 11ETH0119E   LOCALIDAD LOS RAMIREZ;  CONSTRUCCIÓN DE AULA TRADICIONAL AISLADA DE 6X8 (DIRECCIÓN), EN LA PRIMARIA 15 DE SEPTIEMBRE, CCT 11EPR0894Z",Unitario,1,1,Obra,1,0
290,237,PAVIMENTACIÓN DE LA CALLE CERRO DE LA MARQUEZA TRAMO: CERRITO DE JEREZ - PEÑON DE GIBRALTAR COLONIA CERRITO DE JEREZ,Unitario,1,1,Obra,1,0
291,291,ACCIONES POR LA AFECTACIÓN SOBRE EL BLVD. TALABARTEROS DE AURORA # 411 COL. CIUDAD AURORA,Unitario,1,1,Obra,1,0
292,292,RENOVACION DE SEÑALAMIENTO EN PARADEROS DE AUTOBUS EN LA ZONA CENTRO,Unitario,1,1,Obra,1,0
293,276,CONSTRUCCIÓN DE CUARTOS ADICIONALES 4X4 EN LA COMUNIDAD DE ALFARO,Unitario,1,1,Obra,1,0
294,278,PAVIMENTACIÓN DE LA CALLE DE LA DIVERSIÓN TRAMO: CONMEMORACIÓN - GRADUACIÓN COMUNIDAD LA LABORCITA LOCALIDAD LA LABORCITA,Unitario,1,1,Obra,1,0
295,297,"FABRICACIÓN, SUMINISTRO Y COLOCACIÓN  DE (60) PIEZA DE REGISTRO, CON MARCO Y CONTRAMARCO PARA PROTECCIÓN DEL SISTEMA DE RIEGO Y CONSTRUCCIÓN DE DRENAJE PLUVIAL DEL PARQUE MEXICO",Unitario,1,1,Obra,1,0
296,288,PAVIMENTACIÓN DE LA CALLE MANUEL GONZALEZ TRAMO: LAZARO CARDENAS A PASCUAL ORTIZ RUBIO COL. PRESIDENTES DE MÉXICO,Unitario,1,1,Obra,1,0
297,263,SUMINISTRO Y APLICACIÓN DE PINTURA EN BLVD. AEROPUERTO,Unitario,1,1,Obra,1,0
298,267,CONSTRUCCIÓN DE 1 AULA AISLADA TRADICIONAL 6X8 (DIRECCIÓN) EN PREESCOLAR LEONARDO DA VINCI COLONIA RIVERA DE LA PRESA CCT 11EJN1211W LOCALIDAD LEÓN DE LOS ALDAMA; CONSTRUCCIÓN DE 1 AULA AISLADA TRADICONAL 6X8 (DIRECCIÓN) EN PREESCOLAR DIEGO RIVERA COLONIA VALLE DE SAN JOSE CCT 11EJN0299J LOCALIDAD LEÓN DE LOS ALDAMA,Unitario,1,1,Obra,1,0
299,293,DIAGNOSTICO DE LA INFRAESTRUCTURA Y PROPUESTA DE MEJORAMIENTO DE IMAGEN URBANA DEL ACCESO A LAGOS DE MORENO,Unitario,1,1,Proyecto,1,0
300,295,DIAGNOSTICO DE LA INFRAESTRUCTURA Y PROPUESTA DE MEJORAMIENTO DE IMAGEN URBANA DEL BLVD. HIDALGO,Unitario,1,1,Proyecto,1,0
301,299,"SUMINISTRO Y COLOCACIÓN DE CALENTADORES SOLARES ZONA RURAL EN LAS LOCALIDADES, DUARTE, LOZA DE LOS PADRES, SAN JUAN DE OTATES, ALFARO, LOS NARANJOS, LOS LOPEZ, CAPELLANIA DE LOERA",Unitario,1,1,Obra,1,0
302,300,PAVIMENTACIÓN DE LA CALLE MADRE PAZ TRAMO: MADRE TIERRA A CARRO DE SOYATE COL. DIEZ DE MAYO LEÓN DE LOS ALDAMA,Unitario,1,1,Obra,1,0
303,318,ELIMINACIÓN DE GRAFITIS Y APLICACIÓN DE PINTURA EN DIVERSAS ZONAS DE LA CIUDAD,Unitario,1,1,Obra,1,0
304,319,"1ERA ETAPA DE CONSTRUCCIÓN, REHABILITACIÓN DE GUARNICIONES Y MOBILIARIO URBANO, BANQUETAS BLVD. ADOLFO LOPEZ MATEOS Y BLVD. AEROPUERTO",Unitario,1,1,Obra,1,0
305,321,"CONSTRUCCIÓN DE SANITARIO RURAL EN SISTEMA TRADICIONAL CON CIMENTACIÓN DE CONCRETO, EN LA PRIMARIA ENSEÑA PATRIA CON CCT 11DPR2808A",Unitario,1,1,Obra,1,0
306,334,REHABILITACIÓN DE LOS PAVIMENTOS DE LA AV. OMEGA Y REVESTIMIENTO DE LAS TERRACERIAS DE LA CALLE NIÑOS HEROES,Unitario,1,1,Obra,1,0
307,298,"REHABILITACIÓN DE LA INSTALACIÓN DE GAS EN: MERCADO ALDAMA, MERCADO CARRO VERDE, MERCADO SAN MIGUEL, MERCADO LÁZARO CÁRDENAS, MERCADO SAN AGUSTÍN Y MERCADO ESPÍRITU SANTO.",Unitario,1,1,Obra,1,0
308,328,CONSTRUCCION DE CUARTO ADICIONAL LOCALIDAD LOS LOPEZ Y CAPELLANIA DE LOERA,Unitario,1,1,Obra,1,0
309,296,DIAGNOSTICO DE LA INFRAESTRUCTURA Y PROPUESTA DE MEJORAMIENTO DE IMAGEN URBANA DEL BLVD. HERMANOS ALDAMA,Unitario,1,1,Proyecto,1,0
310,320,CONSTRUCCION DE CUARTO ADICIONAL LOCALIDAD SAUCILLO DE ÁVALOS Y EL HUIZACHE,Unitario,1,1,Obra,1,0
311,325,"CONSTRUCCION DE CUARTO ADICIONAL LOCALIDAD CERRO ALTO, BARBOSA Y EL CAPULIN",Unitario,1,1,Obra,1,0
312,305,"RESCATE DE ESPACIOS PÚBLICOS PLAZA EN COLONIA CONVIVE EN CALLE FLOR DE SANGRE, FLOR DE HIELO, FLOR DE DIA Y ACAHULCO LOCALIDAD LEOPN DE LOS ALDAMA",Unitario,1,1,Obra,1,0
313,309,RESCATE DE ESPACIOS PÚBLICOS PLAZA EN COLONIA LOMAS DE LOS CASTILLOS EN CALLE WINDSOR LOCALIDAD LEON DE LOS ALDAMA,Unitario,1,1,Obra,1,0
314,360,REHABILITACIÓN DE PAVIMENTOS Y REVESTIMIENTO DE TERRACERIAS EN CALLE PRINCIPAL COL. SAN JOSE EL ALTO.,Unitario,1,1,Obra,1,0
315,347,"CONSTRUCCIÓN DE CUARDO ADICIONAL URBANO EL VALLADITO II, VALLADITO I Y II, AMPLIACIÓN MESETAS DEL CONSUELO, ARBOLEDAS DE LA SELVA, EL CONSUELO FRACCIÓN VIII, ESCONDIDA DE LA SELVA, LA SELVA, LAS PRESITAS, LAS PRESITAS DEL CONSUELO, LAURELES DE LA SELVA I, LOMAS DE LA SELVA, SAN PABLO, VALLE DEL CONSUELO, VALLE DEL CONSUELO II, PRESITAS DEL CONSUELO",Unitario,1,1,Obra,1,0
316,356,CONSTRUCCIÓN DE TECHO DIGNO EN LA COMUNIDAD DE LOZA DE LOS PADRES,Unitario,1,1,Obra,1,0
317,393,"REHABILITACIÓN DE PLAZA SAN JUAN, MUNICIPIO DE LEÓN GUANAJUATO",Unitario,1,1,Obra,1,0
318,377,PROYECTO CALLE: 11 DE JUNIO TRAMO: BLVD. HILARIO MEDINA - 8 DE MARZO; CALLE 8 DE MARZO TRAMO: 2 DE ENERO - 20 DE NOVIEMBRE COL. 8 DE MARZO.,Unitario,1,1,Proyecto,1,0
319,390,CONSTRUCCIÓN DE CUARTO ADICIONAL ZONA URBANA 4X3 EN LAS COLONIAS EL RECUERDO Y PERIODISTAS MEXICANOS,Unitario,1,1,Obra,1,0
320,384,PROYECTO EJECUTIVO CALLE TALABERA (ANTES FRAY DANIEL MIRELES) TRAMO: PASEO DE ALFARO - AÑORANZA; CALLE AÑORANZA TRAMO: AV. PASEO DE ALFARO - TALABERA (ANTES FRAY DANIEL MIRELES); AVENIDA PASEO DE ALFARO TRAMO: SENDERO OTOMI - TALABERA (ANTES FRAY DANIEL MIRELES) COL. SAN PEDRO PLUS.,Unitario,1,1,Proyecto,1,0
321,383,PROYECTO EJECUTIVO DE LA CALLE HAWAI TRAMO: ISLAS A ARTURO SOTO RANGEL CIUDAD SATELITE; Y CALLE YACIMIENTO DE TEPETATE TRAMO: BLVD. YACIMIENTO - YACIMIENTO VOLCANICO COL. EL YACIMIENTO. ,Unitario,1,1,Proyecto,1,0
322,392,REMODELACIÓN DEL ESTADIO DE BEISBOL DOMINGO SANTA ANA UBICADO EN LA CALLE CONGRESO DE LA UNION ENTRE CALLES ANTONIO MADRAZO Y PABLO GALEANA COL. SAN JOSE DEL CONSUELO.,Unitario,1,1,Obra,1,0
323,386,INTERVENCIÓN Y ADECUACIÓN DE PARQUE LOMAS DEL SOL,Unitario,1,1,Obra,1,0
324,380,PROYECTO EJECUTIVO DE LA CALLE: ACTEON TRAMO: ORO - SALOMON Y CALLE OXIGENO TRAMO: BLVD. TELLEZ CRUCES - ORO COL. VALLE DE SEÑORA.,Unitario,1,1,Proyecto,1,0
325,391,PLAZA COMUNITARIA LOMAS DE LA PRESA,Unitario,1,1,Obra,1,0
326,394,PAVIMENTACIÓN DE LA CALLE FORTIFICACIÓN TRAMO: DE C. DE LA CIUDADELA - BLVD. LA LABORCITA UBICACIÓN COMUNIDAD DE SAN CARLOS DE LA RONCHA.,Unitario,1,1,Obra,1,0
327,379,PROYECTO EJECUTIVO CALLE: AUTLAN TRAMO: PAV. EXISTENTE PONIENTE - PAV. EXISTENTE ORIENTE COL. SAN AGUSTIN; Y CALLE SAN MANUEL 1/2 CUERPO ORIENTE TRAMO: BLVD. VICENTE VALTIERRA - AV. SATURNO COL. SAN MANUEL.,Unitario,1,1,Proyecto,1,0
328,387,"REMODELACIÓN DE PARQUES BOSQUES DE LAS JACARANDAS COL. BOSQUES DE LA PRESA, LEON, GTO.",Unitario,1,1,Obra,1,0
329,385,REHABILITACIÓN Y MEJORAMIENTO DE PARQUE GARCIA ODOÑEZ,Unitario,1,1,Obra,1,0
330,364,"CONSTRUCCIÓN DE CUARTO ADICIONAL ZONA URBANA 4X3 EN LAS COLONIAS: LOMAS DE GUADALUPE, ADQUIRIENTES DE IBARRILLA, CASTILLO AZUL, EL CASTILLO, LA INDIA, CAÑON DE LA INDIA, LOMAS DE IBARRILLA, NUEVO LEÓN, PALENQUE DE IBARRILLA, HACIENDA DE IBARRILLA, IBARRILLA, RIVERA DE LA PRESA.",Unitario,1,1,Obra,1,0
331,359,MEJORAMIENTO DE IMAGEN URBANA DEL BLVD. A. LOPEZ MATEOS Y BLVD. AEROPUERTO,Unitario,1,1,Obra,1,0
332,324,CONSTRUCCIÓN DE OBRAS DE DESVIO Y SEÑALAMIENTO EN DISTRIBUIDOR VIAL BENITO JUÁREZ,Unitario,1,1,Obra,1,0
333,366,REHABILITACIÓN DE BARDA PERIMETRAL EN LA ESCUELA PRIMARIA CONSTITUYENTE HILARIO MEDINA C.C.T. 11DPR3333L,Unitario,1,1,Obra,1,0
334,400,"PROYECTO EJECUTIVO DEL BLVD. CAÑAVERAL TRAMO: BLVD. VICENTE VALTIERRA A BLVD. JUAN ALONSO DE TORRES MUNICIPIO DE LEON, GTO.",Unitario,1,1,Proyecto,1,0
335,414,PROYECTO EJECUTIVO DE AMPLIACIÓN Y REMODELACIÓN DE DESARROLLO URBANO UBICADO EN BLVD. TORRES LANDA OTE 1701 PREDIO EL TLACUACHE.,Unitario,1,1,Proyecto,1,0
336,408,PROYECTO CALLE 2DA. JEREZ DE MORSA TRAMO: BLVD. DELTA - TOPAR LADO NORTE COL. VALLE DE JEREZ; CALLE JEREZ DE VARNA TRAMO: JEREZ DE SANALONA - JEREZ DEL MIÑO COL. VALLE DE JEREZ; CALLE CERRITO DE JEREZ 1/2 CUERPO NORTE TRAMO: MESA DE LA VIRGEN - EMPATE 1/2 CUERPO EXISTENTE COL. CERRITO DE JEREZ.,Unitario,1,1,Proyecto,1,0
337,415,"CONSTRUCCIÓN DE CUARTO ADICIONAL ZONA URBANO LOCALIDAD POPULAR GUADALAJARA, POPULAR POLANCO, DIEZ DE MAYO, VALLE DE SAN JOSE, PRADERAS DEL SOL. ",Unitario,1,1,Obra,1,0
338,407,PROYECTO EJECUTIVO CALLE DEL UVERO TRAMO: DE LA CEPA - DEL MOSTO COL. ARBOLEDAS DE SAN JOSE; CALLE MADRE ESTHELA TRAMO: MADRE TIERRA - MADRE FABIOLA COL. DIEZ DE MAYO,Unitario,1,1,Proyecto,1,0
339,301,SUMINISTRO Y COLOCACIÓN DE CALENTADORES SOLARES EN VARIAS COLONIAS DE LA ZONA URBANA,Unitario,1,1,Obra,1,0
340,302,"RESCATE DE ESPACIOS PÚBLICOS PLAZA EN COLONIA HACIENDA DE SAN JOSE, EN CALLE DE LA ERRE ENTRE SAN JOSE DE OCHOA Y HACIENDA NACIMIENTO LOCALIDAD LEÓN DE LOS ALDAMA.",Unitario,1,1,Obra,1,0
341,303,"RESCATE DE ESPACIOS PÚBLICOS PLAZA EN COLONIA FORESTA JARDIN, EN CALLE FORESTA PINO ENTRE FORESTA MAPLE Y FORESTA NOGAL LOCALIDAD LEÓN DE LOS ALDAMA",Unitario,1,1,Obra,1,0
342,304,"RESCATE DE ESPACIOS PÚBLICOS PLAZA EN COLONIA VALLE DE LA LUZ, EN CALLE VALLE DE LA LUZ ESQUINA VALLE SANTA CLARA LOCALIDAD LEÓN DE LOS ALDAMA.",Unitario,1,1,Proyecto,1,0
343,306,"RESCATE DE ESPACIOS PÚBLICOS PLAZA EN COLONIA VALLE HERMOSO III, EN CALLE SÁBILA LOCALIDAD LEÓN DE LOS ALDAMA",Unitario,1,1,Obra,1,0
344,307,RESCATE DE ESPACIOS PÚBLICOS PLAZA EN COLONIA PEDREGAL DE ECHEVESTE EN CALLE ESTALAGMITAS LOCALIDAD LEÓN DE LOS ALDAMA.,Unitario,1,1,Obra,1,0
345,308,"RESCATE DE ESPACIOS PÚBLICOS PLAZA EN COLONIA LEON I, EN CALLE ÁNGEL VAZQUEZ NEGRETE Y PAULINO DURAN LOCALIDAD LEÓN DE LOS ALDAMA.",Unitario,1,1,Obra,1,0
346,310,RESCATE DE ESPACIOS PÚBLICOS PLAZA EN COLONIA LOMAS DEL MIRADOR EN BLVD. DE LA JOYA MIRADOR DE LA SILLA LOCALIDAD LEON DE LOS ALDAMA,Unitario,1,1,Obra,1,0
347,311,RESCATE DE ESPACIOS PÚBLICOS PLAZA EN COLONIA VALLE DE SAN JOSE EN CALLE MADRE TIERRA ENTRE JORDAN Y MAVADA LOCALIDAD LEON DE LOS ALDAMA,Unitario,1,1,Obra,1,0
348,312,PAVIMENTACIÓN DE LA CALLE SAN JOSE DEL RESPLANDOR TRAMO: CAMINO A BARRETOS A CALLE DE LA ILUSIÓN COMUNIDAD SAN JOSÉ DEL RESPLANDOR LOCALIDAD SAN JOSÉ DEL RESPLANDOR (EL CAPRICHO).,Unitario,1,1,Obra,1,0
349,313,PAVIMENTACIÓN DE LA CALLE PRINCIPAL DE LA COMUNIDAD HACIENDA ARRIBA TRAMO: PAVIMENTO EXISTENTE NORTE - PAVIMENTO EXISTENTE SUR UBICACIÓN COMUNIDAD HACIENDA ARRIBA LOCALIDAD HACIENDA ARRIBA (SAN JOSÉ DE LA CONCEPCIÓN).,Unitario,1,1,Obra,1,0
350,316,CONFORMACIÓN DE TERRACERIAS EN VIALIDADES NO PAVIMENTADAS EN DIVERSAS COLONIAS DE LA CIUDAD (ZONA I),Unitario,1,1,Obra,1,0
351,317,REHABILITACIÓN DE LOS PAVIMENTOS DE LA CALLE COSTA RICA,Unitario,1,1,Obra,1,0
352,323,CONFORMACIÓN DE TERRACERIAS EN VIALIDADES NO PAVIMENTADAS EN DIVERSAS COLONIAS DE LA CIUDAD (ZONA 2),Unitario,1,1,Obra,1,0
353,322,REHABILITACIÓN DE LOS PAVIMENTOS DEL TAJO SANTA ANA Y CAMINO A LOZA DE LOS PADRES,Unitario,1,1,Obra,1,0
354,326,CONSTRUCCIÓN DE CUARTO ADICIONAL LOCALIDAD RINCÓN GRANDE Y BUENOS AIRES,Unitario,1,1,Obra,1,0
355,329,CONSTRUCCIÓN DE CUARTO ADICIONAL LOCALIDAD MESA DE IBARRILLA,Unitario,1,1,Obra,1,0
356,330,"CONSTRUCCIÓN DE TECHO DIGNO LOCALIDAD 10 DE MAYO, LIBERTAD, LOMAS DE JEREZ, POPULAR POLANCO, SAN JOSE DE CEMENTOS.",Unitario,1,1,Obra,1,0
357,331,"CONSTRUCCIÓN DE TECHO DIGNO LOCALIDAD AMPLIACIÓN MEDINA, JARDINES DE MEDINA",Unitario,1,1,Obra,1,0
358,332,"CONSTRUCCIÓN DE TECHO DIGNO LOCALIDAD MEDINA, LOMAS DE MEDINA, LAGOS DE MEDINA Y EL PEÑON",Unitario,1,1,Obra,1,0
359,335,"CONSTRUCCIÓN DE PISO FIRME ZONA URBANA LOCALIDAD AMPLIACIÓN MEDINA, CUMBRES DE MEDINA, EL PEÑON, JARDINES DE MEDINA, LAGOS DE MEDINA, LOMAS DE MEDINA, MEDINA, SANTA MAGDALENA, SAN NICOLAS DE LOS GONZALEZ.",Unitario,1,1,Obra,1,0
360,337,CONSTRUCCIÓN DE BAÑO DIGNO LOCALIDAD ALFARO,Unitario,1,1,Obra,1,0
361,338,CONSTRUCCIÓN DE BAÑO DIGNO LOCALIDAD NUEVO VALLE DE MORENO,Unitario,1,1,Obra,1,0
362,340,"CONSTRUCCIÓN DE CUARTO ADICIONAL URBANO LOCALIDAD BALCONES DE LA JOYA 1RA. SECC., BALCONES DE LA JOYA 2DA. SECC., FRUTALES  DE LA HACIENDA 1, RIZOS DEL SAUCILLO, SINARQUISTAS, LEÓN, GTO. ",Unitario,1,1,Obra,1,0
363,344,"SUMINISTRO Y COLOCACIÓN DE CALENTADORES SOLARES EN ZONA URBANA EN LAS COLONIAS: MEDINA, LOMAS DE MEDINA, EL PEÑON, JARDINES DE MEDINA, 11 DE JUNIO, 8 DE MARZO, LA SELVA, PRESITAS, SAN PABLO, HACIENDA DE IBARRILLA II.",Unitario,1,1,Obra,1,0
364,345,"SUMINISTRO Y COLOCACIÓN DE CALENTADORES SOLARES EN ZONA URBANA EN LAS COLONIAS: 10 DE MAYO, POPULAR GUADALAJARA, JESUS MARÍA, ARBOLEDAS DE SAN HILARION, MARÍA DE LA LUZ, LA GLORIA, LAS TORRES, LIBERTAD, REFUGIO DE SAN JOSE, UNION OBRERA, VALLE DE JEREZ, VILLAS DE SANTA TERESITA, ARBOLEDAS DEL REFUGIO.",Unitario,1,1,Obra,1,0
365,348,"CONSTRUCCIÓN DE CUARTO ADICIONAL URBANO CASTILLOS VIEJOS, LOMAS DE LOS CASTILLOS, LOS CASTILLOS, SAN ISIDRO LABRADOR, PASEO DEL RIO, LEON, GTO. ",Unitario,1,1,Obra,1,0
366,349,"CONSTRUCCIÓN DE TECHO DIGNO LOCALIDAD CUMBRES DE MEDINA, SANTA MAGDALENA, HACIENDA DE IBARRILLA, LEON I, SAN MARCOS",Unitario,1,1,Obra,1,0
367,351,CONSTRUCCIÓN DE TECHO DIGNO LOCALIDAD DUARTE,Unitario,1,1,Obra,1,0
368,353,CONSTRUCCIÓN DE BAÑO DIGNO EN LA COMUNIDAD DE DUARTE,Unitario,1,1,Obra,1,0
369,365,REHABILITACIÓN EN LA PRIMARIA URBANA No. 62 GENERAL FRANCISCO VILLA CCT 11EPR0820H,Unitario,1,1,Obra,1,0
370,369,CONSTRUCCIÓN DE SANITARIO AISLADO EN SISTEMA TRADICIONAL (6.00 X 8.00 MTS) CON CIMENTACIÓN DE CONCRETO ARMADO EN LA PRIMARIA LUCAS ALAMAN CON C.C.T. 11DPR3720D.,Unitario,1,1,Obra,1,0
371,372,"CONSTRUCCIÓN DE CUARTO ADICIONAL URBANO BALCONES DE LA JOYA, RIZOS DEL SAUCILLO",Unitario,1,1,Obra,1,0
372,395,CONSTRUCCIÓN DE CUARTO ADICIONAL ZONA URBANA 4X3 EN LA COLONIA: BALCONES DE LA JOYA,Unitario,1,1,Obra,1,0
373,367,REHABILITACIÓN DE BARDA PERIMETRAL EN LA ESC. PRIMARIA 15 DE SEPTIEMBRE C.C.T. 11EPR0894Z,Unitario,1,1,Obra,1,0
374,373,"CONSTRUCCIÓN DE CUARTO ADICIONAL URBANO AMPLIACIÓN SAN FRANCISCO, LAGOS DE MEDINA, LEON I",Unitario,1,1,Obra,1,0
375,396,LABORATORIO VERIFICADOR 2017 PAQUETE 1,Unitario,1,1,Obra,1,0
376,402,LABORATORIO VERIFICADOR 2017 PARA PROYECTOS,Unitario,1,1,Obra,1,0
377,405,PROYECTO EJECUTIVO CALLE: CHICHON TRAMO: MURCIA - TOPAR CON ESCUELA COL. PILETAS V; CALLE LITIO TRAMO: MALAGA - TOPAR CON ESCUELA COL. PILETAS V; CALLE FELIX ROMERO TRAMO: JOSE A GODOY - JOSE MA. ROA BARCENAS COL. PERIODISTAS MEXICANOS; CALLE RAMON R5. DE LA VERA TRAMO: JOSE MARIA BRITO - JOSE MA. ROA BARCENAS COL. PERIODISTAS MEXICANOS; CALLE FRANCISCO LOMBARDO TRAMO: JOSE A GODOY - JOAQUIN VILLALOBOS COL. PERIODISTAS MEXICANOS.,Unitario,1,1,Proyecto,1,0
378,409,PROYECTO CALLE ATALAYA TRAMO: DE LA ALMENA - CANAL DE SARDANETA COL. EL CASTILLO; CALLE PRESA CORRALEJO TRAMO: PRESA DE LAS ALAZANAS - AV. RIO DE LOS CASTILLOS COL. RIVERA DE LA PRESA.,Unitario,1,1,Proyecto,1,0
379,413,DIAGNOSTICO DE LA INFRAESTRUCTURA Y PROPUESTA DE MEJORAMIENTO DE IMAGEN URBANA DEL BLVD. TORRES LANDA,Unitario,1,1,Proyecto,1,0
380,404,PROYECTO EJECUTIVO CALLE: TORRE DE PISA TRAMO: TORRE DE VIGA - TORRE DE MARFIL COL. LAS TORRES; CALLE PASEO DE LOS OSTEROS TRAMO: PASEO DE LOS RUISEÑORES - PASEO DE LAS LIEBRES COL. SAN ISIDRO; CALLE BAHIA DE SAN JUAN TRAMO: PROVINCIA DE SAN JUAN - FARO DE SAN JUAN COL. VILLAS DE SAN JUAN; CALLE CALZADA DE SAN JUAN TRAMO: PROVINCIA DE SAN JUAN - FARO DE SAN JUAN COL. VILLAS DE SAN JUAN.,Unitario,1,1,Proyecto,1,0
381,388,"CONSTRUCCIÓN DE CUARTO ADICIONAL 4X3 EN LAS COLONIAS: AMPLIACIÓN SAN FRANCISCO, BRISAS DE SAN FCO 2DA SECCIÓN, EL LUCERO DE SAN NICOLAS, SAN FRANCISCO DE ASIS, VALLE DE LA LUZ Y VILLAS DE GUANAJUATO.",Unitario,1,1,Obra,1,0
382,411,PROYECTO EJECUTIVO CALLE SENDERO MEXICA TRAMO: LADO NORTE - TOPAR LADO SUR COL. ARBOLEDAS DE SAN PEDRO,Unitario,1,1,Proyecto,1,0
383,389,PAVIMENTACIÓN DE LA CALLE MURALLAS TRAMO: CANAL DE SARDANETA Y CALLE ALMENA UBICACIÓN COL. EL CASTILLO LOCALIDAD LEON DE LOS ALDAMA,Unitario,1,1,Obra,1,0
384,343,PUENTE PEATONAL EN BULEVAR AEROPUERTO EN EL CRUCE CON BULEVAR ATOTONILCO,Unitario,1,1,Obra,1,0
385,294,DIAGNOSTICO DE LA INFRAESTRUCTURA Y PROPUESTA DE MEJORAMIENTO DE IMAGEN URBANA DEL ACCESO DE LA AV. JUAREZ.,Unitario,1,1,Obra,1,0
386,314,PAVIMENTACION DE LA CALLE DEL CAPRICHO TRAMO: SAN JOSE DEL RESPLANDOR A LIMITE FINCA COMUNIDAD SAN JOSE DEL RESPLANDOR LOCALIDAD SAN JOSE DEL RESPLANDOR (EL CAPRICHO),Unitario,1,1,Obra,1,0
387,315,PAVIMENTACION CALLE CUENCA RÍO LERMA TRAMO: SOCAVÓN - LUCIO BLANCO EN LA COMUNIDAD DE LUCIO BLANCO Y SAN JUAN DE OTATES LOCALIDAD LUCIO BLANCO (LOS GAVILANES),Unitario,1,1,Obra,1,0
388,361,"CONSTRUCCIÓN DE CUARTO ADICIONAL ZONA URBANA 4X3 EN LAS COLONIAS: LEÓN 1 AMPLIACIÓN, LEÓN I, LEÓN I SEGUNDA SECCIÓN, SAN AGUSTÍN, REVOLUCIÓN, LEÓN I 1RA SECCIÓN.",Unitario,1,1,Obra,1,0
389,333,"CONSTRUCCION DE TECHO DIGNO LOCALIDAD AMPLIACION SAN FRANCISCO, BRISAS DE SAN FRANCISCO",Unitario,1,1,Obra,1,0
390,362,"CONSTRUCCIÓN DE CUARTO ADICIONAL ZONA URBANA 4X3 EN LAS COLONIAS: EL CARMEN C.T.M., DESARROLLO EL POTRERO, NUEVO AMANECER Y SAN NICOLAS DE LOS GONZALEZ",Unitario,1,1,Obra,1,0
391,363,"CONSTRUCCIÓN DE CUARTO ADICIONAL ZONA URBANA 4X3 EN LAS COLONIAS: AMPLIACIÓN SAN BERNARDO, BRISAS DEL VERGEL, CAÑADA DE ALFARO, HUERTAS DE MEDINA, HUERTAS DE MEDINA II, LOMAS DE MEDINA, MEDINA, JARDINES DE MARAVILLAS Y JARDINES DE MARAVILLAS II SECCIÓN.",Unitario,1,1,Obra,1,0
392,368,REHABILITACIÓN DE BARDA PERIMETRAL EN LA ESCUELA LÁZARO CÁRDENAS C.C.T. 11DPR1036Y,Unitario,1,1,Obra,1,0
393,371,PAVIMENTACIÓN DE LA CALLE BALUARTES TRAMO DE TIBET - ALMENA COL. EL CASTILLO,Unitario,1,1,Obra,1,0
394,341,REHABILITACION DEL BLVD. LA LUZ (CAMINO A DUARTE),Unitario,1,1,Obra,1,0
395,374,"CONSTRUCCIÓN DE TECHO DIGNO LOCALIDAD PIEDRA AZUL II, SAN NICOLAS DE LOS GONZALEZ",Unitario,1,1,Obra,1,0
396,376,PROYECTO EJECUTIVO CALLE: PARQUE DE SAN JUAN TRAMO PROVINCIA DE SAN JUAN (BLVD. CONSTELACIONES) - MURALLA DE SAN JUAN; PROYECTO EJECUTIVO CALLE: ARCO DE SAN JUAN TRAMO PROVINCIA DE SAN JUAN (BLVD. CONSTELACIONES) - FARO DE SAN JUAN; PROYECTO EJECUTIVO CALLE: ANTENA DE SAN JUAN TRAMO PROVINCIA DE SAN JUAN (BLVD. CONSTELACIONES) - FARO DE SAN JUAN; PROYECTO EJECUTIVO CALLE: CASTILLO DE SAN JUAN TRAMO PROVINCIA DE SAN JUAN (BLVD. CONSTELACIONES) - MURALLA  DE SAN JUAN COL. VILLAS DE SAN JUAN.,Unitario,1,1,Proyecto,1,0
397,378,PROYECTO EJECUTIVO CALLE: PRESA LA MOJINA TRAMO: BLVD. HILARIO MEDINA - PRESA DE LA MESA COL. LOMAS DE LAS PRESITAS Y CALLE BONAMPAK TRAMO: DERBY - TENOCHTITLAN COL. POPULAR MAYA,Unitario,1,1,Proyecto,1,0
398,342,PAVIMENTACION DE LA CALLE DEL MORTERO TRAMO: DE BLVD. UNAM A KINDER UBICADA EN LA COMUNIDAD SAN ANTONIO DE LOS TEPETATES.,Unitario,1,1,Obra,1,0
399,352,CONSTRUCCION DE TECHO DIGNO EN LA COMUNIDAD NUEVO VALLE DE MORENO Y CANELAS,Unitario,1,1,Obra,1,0
400,431,"REVESTIMIENTO DE CAMINO CASAS COMUNIDAD LAS COLORADAS; ESCUELA PRIMARIA LAS COLORADAS; VAQUERIAS - EL DERRAMADERO EN EL MUNICIPIO DE LEON, GTO. Y VADO EN SANTA ROSA DE LIMA",Unitario,1,1,Obra,1,0
401,354,CONSTRUCCION DE BAÑO DIGNO EN LA COMUNIDAD LOZA DE LOS PADRES,Unitario,1,1,Obra,1,0
402,355,"SUMINISTRO Y COLOCACIÓN DE CALENTADORES SOLARES ZONA RURAL (EN LAS COLONIAS LINDA VISTA, PILETAS I, II, III Y IV, RIBERA DE LA PRESA, SAN JUAN BOSCO, SANTA CECILIA, VALLE HERMOSO I, II, III Y IV, EL PEDREGAL, VISTA HERMOSA ENTRE OTRAS) EN LEON, GTO.",Unitario,1,1,Obra,1,0
403,357,CONSTRUCCION DE TECHO DIGNO EN LA COMUNIDAD ALFARO,Unitario,1,1,Obra,1,0
404,358,TECHO DIGNO OJO DE AGUA DE LOS REYES Y COMUNIDAD DE LOS NARANJOS.,Unitario,1,1,Obra,1,0
405,382,PROYECTO CALLE SODIO TRAMO: NITROGENO - OXIGENO COL. VALLE DE SEÑORA Y CALLE VALLE DE SANTA LOURDES TRAMO: VIA DE LOS GIRASOLES - VALLE DE LA PURISIMA CONCEPCIÓN COL. VALLE DE LA LUZ II,Unitario,1,1,Proyecto,1,0
406,339,"CONSTRUCCIÓN DE CUARTO ADICIONAL URBANO LOCALIDAD REVOLUCIÓN, LAGOS DE MEDINA, LOMAS DE MEDINA.",Unitario,1,1,Obra,1,0
407,350,PISO FIRME LOZA DE LOS PADRES Y DUARTE,Unitario,1,1,Obra,1,0
408,346,"CONSTRUCCION DE CUARTO ADICIONAL URBANO LOCALIDAD PILETAS II, PILETAS III, PILETAS IV.",Unitario,1,1,Obra,1,0
409,327,REVESTIMIENTO DE CAMINO LA GLORIA - REFUGIO DE ROSAS COMUNIDAD LA GLORIA; REVESTIMIENTO DE CAMINO REFUGIO DE ROSAS - LAS JOYAS COMUNIDAD REFUGIO DE ROSAS,Unitario,1,1,Obra,1,0
410,397,LABORATORIO VERIFICADOR 2017 PAQUETE 2,Unitario,1,1,Proyecto,1,0
411,430,"REVESTIMIENTO DE CAMINO SAUZ SECO, CAMINO LLANO GRANDE - PUERTOS BLANCOS, HACIENDA ARRIBA - SAN ANTONIO DE PADUA, VADO LOS ALISOS, VADO HACIENDA ARRIBA Y VADO EL GIGANTE",Unitario,1,1,Obra,1,0
412,412,"DIAGNOSTICO E INVENTARIO FOTO GEOREFERENCIADO DE LA INFRAESTRUCTURA DE ALUMBRADO PUBLICO DEL MUNICIPIO DE LEON, GTO",Unitario,1,1,Proyecto,1,0
413,406,REALIZACIÓN DE PAQUETE # 4 DE MANIFIESTOS DE IMPACTO AMBIENTAL DIFERENTES PARTE DE LA CIUDAD DE LEÓN GTO.,Unitario,1,1,Proyecto,1,NULL
414,403,CONSTRUCCIÓN DE LA BODEGA DE OBRA PUBLICA UBICADA EN EL BLVD. TORRES LANDA No. 1701-B LOCALIDAD EL TLACUACHE.,Unitario,1,1,Obra,1,0
415,375,PROYECTO EJECUTIVO CALLE EFESO: TRAMO: COLOSENSES - PAVIMENTO EXISTENTE ORIENTE COL. SAN PABLO; PROYECTO EJECUTIVO CALLE: EFESO TRAMO: PAVIMENTO EXISTENTE - TOPAR ARROYO LADO ORIENTE COL. SAN PABLO,Unitario,1,1,Proyecto,1,0
416,417,CONSTRUCCIÓN DE SANITARIOS ALTERNO EN SISTEMA TRADICIONAL CON CIMENTACIÓN DE CONCRETO ARMADO EN JARDÍN DE NIÑOS ROSAURA ZAPATA CON C.C.T.11DJN43431,Unitario,1,1,Obra,1,NULL
417,421,"GESTIÓN SOCIAL EN: CICLOVÍA VALTIERRA, PARQUE HIDALGO, PLAZA SAN FRANCISCO Y PLAZA SAN JUAN DE DIOS",Unitario,1,1,Proyecto,1,0
418,398,PROYECTO EJECUTIVO DE CALLE BREMA TRAMO: PRESA DEL TIGRE - PRESA LA MOJINA COL. EL VALLADITO; Y CALLE PRESA DEL RANCHITO TRAMO: PRESA ALLENDE - PRESA DEL REPARO COL. PRESITAS DEL CONSUELO.,Unitario,1,1,Proyecto,1,0
419,418,CONSTRUCCIÓN DE SANITARIO ALTERNO EN SISTEMA TRADICIONAL CON CIMENTACIÓN DE CONCRETO ARMADO EN LA PRIMARIA LIC. ADOLFO LÓPEZ MATEOS CON C.C.T. 11DRP0706Q,Unitario,1,1,Obra,1,0
420,399,"PROYECTO EJECUTIVO DE LA CALLE ALHAMBRA, TRAMO: ESCORIAL-TOPAR LADO ORIENTE COL. VALLE DE LOS CASTILLOS; Y CALLE LABRANZA, TRAMO: DEL LABRADOR- ESPERANZA COL. SAN ISIDRO LABRADOR",Unitario,1,1,Proyecto,1,0
421,401,LABORATORIO VERIFICADOR 2017 PAQUETE 3,Unitario,1,1,Obra,1,0
422,416,CONSTRUCCIÓN DE SANITARIO AISLADO EN SISTEMA TRADICIONAL (6.00 X 8.00 MTS) CON CIMENTACIÓN DE CONCRETO ARMADO EN LA TELESECUNDARIA 330 CON CCT 11ETV0365H; CONSTRUCCIÓN DE 1 AULA AISLADA USAER EN JARDÍN DE NIÑOS GUSTAVO DÍAZ ORDAZ CCT DJN1098U,Unitario,1,1,Obra,1,0
423,419,"PROYECTO EJECUTIVO DE AV. OLIMPICA, TRAMO: DE AV. CIUDAD ASIS A BLVD. SIGLO XXI LEON GTO.",Unitario,1,1,Proyecto,1,NULL
424,423,"CONSTRUCCIÓN DE BANQUETA EN BLVD. JOSÉ MARÍA MORELOS CUERPO NORTE TRAMO: BLVD. VILLA MAGNA Y BLVD. HIDALGO, LOCALIDAD LEÓN, GTO.",Unitario,1,1,Obra,1,0
425,410,PROYECTO CALLE ANDADOR EMPERADOR TRAMO: BLVD. VASCO DE QUIROGA A CALLE SAN MANUEL COL. REAL PROVIDENCIA,Unitario,1,1,Proyecto,1,0
426,424,"INSTALACIONES ELÉCTRICAS COMPLEMENTARIAS PARA PUESTA DE OPERACIÓN DE LA TERMINAL SUR DEL SISTEMA INTEGRADO DE TRANSPORTE ""SIT OPTIBUS"" LOCALIDAD LEON, GTO. ",Unitario,1,1,Obra,1,0
427,381,PAVIMENTACIÓN DE LA CALLE MATACÁN TRAMO: MURALLAS Y ATALAYA UBICACIÓN COL. EL CASTILLO LOCALIDAD LEÓN DE LOS ALDAMA,Unitario,1,1,Obra,1,0
428,420,TECHO DIGNO COMUNIDAD CAPELLANÍA DE LOERA,Unitario,1,1,Obra,1,0
429,428,"REHABILITACIÓN DE CALLE PEATONAL EN LA COMUNIDAD VENADITO EN EL MUNICIPIO DE LEON, GTO.",Unitario,1,1,Obra,1,0
430,429,LIMPIEZA Y MANTENIMIENTO DE RIO TURBIO LOCALIDAD STA ROSA PLAN DE AYALA,Unitario,1,1,Obra,1,0
431,336,"CONSTRUCCIÓN DE PISO FIRME ZONA URBANA LOCALIDAD 10 DE MAYO, LA GLORIA, POPULAR POLANCO, REFUGIO DE SAN JOSE, VILLAS DE LEÓN, AMPLIACIÓN SAN FRANCISCO, PIEDRA AZUL I, PIEDRA AZUL II.",Unitario,1,1,Obra,1,0
432,370,CONSTRUCCIÓN DE SANITARIO ADOSADO EN SISTEMA TRADICIONAL (6.00 X 8.00 MTS) CON CIMENTACIÓN DE CONCRETO ARMADO EN LA TELESECUNDARIA #937 CON C.C.T. 11ETV0937F.,Unitario,1,1,Obra,1,0
433,0037 ESC 1,"PAVIMENTACION DE LA CALLE HONORIO III ( TRAMO: AV. OLIMPICA A FRAY RAUL), EN LEON DE LOS ALDAMA  ",Unitario,1,1,Obra,1,0
434,0037 ESC 2,"PAVIMENTACIÓN DE LA CALLE HONORIO III (TRAMO AV. OLÍMPICA A FRAY RAÚL), EN LEON DE LOS ALDAMA",Unitario,1,1,Obra,1,0
435,0083-E,CICLOVIA JUAREZ NORTE - SUR PRIMERA ETAPA TRAMO BULEVAR JUAN JOSE TORRES LANDA - BULEVAR TIMOTEO LOZANO.  ESC 1,Unitario,1,1,Obra,1,0
436,0240-ESC,"PAVIMENTACIÓN DE LA CALLE PEDRO DE CATÁNIA (ANTES FRAY RAMÓN) TRAMO: FRAY RAÚL A AV. OLÍMPICA COL. AMPLIACIÓN SAN FRANCISCO, LEÓN DE LOS ALDAMA",Unitario,1,1,Obra,1,0
437,0111-ESC,PAVIMENTACIÓN DE LA CALLE MADRE EMELIA  TRAMO: MADRE  TIERRA - MADRE  FABIOLA  LEÓN DE LOS ALDAMA,Unitario,1,1,Obra,1,0
438,0038-ESC,"PAVIMENTACION DE LA CALLE PRESA DEL CONSUELO (TRAMO PRESA DE LA SELVA A ARROYO DE SARDANETA), EN LEÓN DE LOS ALDAMA",Unitario,1,1,Obra,1,0
439,0266-1 ESC,CONSTRUCCIÓN DE 1 AULA AISLADA TRADICIONAL 6X8 (DIRECCIÓN) EN PREESCOLAR FRANCISCO GABILONDO SOLER  CCT 111DJN3672U LOCALIDAD MEDINA,Unitario,1,1,Obra,1,0
440,0266-2 ESC,CONSTRUCCIÓN DE 1 AULA AISLADA TRADICIONAL 6X8 (DIRECCIÓN) EN TELESECUNDARIA NO. 372   CCT 11ETV0395B LOCALIDAD SAN NICOLAS DE LOS GONZALEZ,Unitario,1,1,Obra,1,0
441,0266-3 ESC,CONSTRUCCIÓN DE 1 AULA AISLADA TRADICIONAL 6X8 (DIRECCIÓN) EN PREESCOLAR FRANCISCO GABILONDO SOLER  CCT 111DJN3672U LOCALIDAD MEDINA;  CONSTRUCCIÓN DE 1 AULA AISLADA TRADICIONAL 6X8 (DIRECCIÓN) EN TELESECUNDARIA NO. 372   CCT 11ETV0395B LOCALIDAD SAN NICOLAS DE LOS GONZALEZ,Alzado,1,1,Obra,1,0
442,0083-2 ESC,CICLOVIA JUAREZ NORTE-SUR PRIMERA ETAPA TRAMO: BULEVAR JUAN JOSE TORRES LANDA - BULEVAR TIMOTEO LOZANO. ,Alzado,1,1,Obra,1,0
443,0361 ESC 1,"CONSTRUCCIÓN DE CUARTO ADICIONAL ZONA URBANA 4X3 EN LAS COLONIAS: LEÓN 1 AMPLIACIÓN, LEÓN I, LEÓN I SEGUNDA SECCIÓN, SAN AGUSTÍN, REVOLUCIÓN, LEÓN I 1RA SECCIÓN.",Unitario,1,1,Obra,1,0
444,0363 ESC 1,"CONSTRUCCION DE CUARTO ADICIONAL  ZONA URBANA 4X3 EN LAS COLONIAS: AMPLIACION SAN BERNARDO, BRISAS DEL VERGEL, CAÑADA DE ALFARO, HUERTAS DE MEDINA, HUERTAS DE MEDINA II, LOMAS DE MEDINA, MEDINA, JARDINES DE MARAVILLAS Y JARDINES DE MARAVILLAS II SECCIÓN",Unitario,1,1,Obra,1,0
445,0274 ESC,CONSTRUCCION DE CUARTOS ADICIONALES 4X4 EN LA COMUNIDAD DE LOZA DE LOS PADRES ESCALATORIA,Unitario,1,1,Obra,1,0
446,0240-ESC 2,"PAVIMENTACIÓN DE LA CALLE PEDRO DE CATÁNIA (ANTES FRAY RAMÓN) TRAMO: FRAY RAÚL A AV. OLÍMPICA COL. AMPLIACIÓN SAN FRANCISCO, LEÓN DE LOS ALDAMA",Unitario,1,1,Obra,1,0
447,0242 ESC,"PAVIMENTACION DE LA CALLE JEREZ DE FORMENTERA TRAMO: BLVD. DELTA A VALLE DE SANTIAGO COL. VALLE DE JEREZ II, LEON DE LOS ALDAMA",Unitario,1,1,Obra,1,0
448,0348 ESC,"CONSTRUCCIÓN DE CUARTO ADICIONAL URBANO CASTILLOS VIEJOS, LOMAS DE LOS CASTILLOS, LOS CASTILLOS, SAN ISIDRO LABRADOR, PASEO DEL RIO, LEON, GTO. ESCALATORIA",Unitario,1,1,Obra,1,0
449,0338 ESC,CONSTRUCCIÓN DE BAÑO DIGNO LOCALIDAD NUEVO VALLE DE MORENO,Unitario,1,1,Obra,1,0
450,0367 ESC,REHABILITACION DE BARDA PERIMETRAL  EN LA ESC. PRIMARIA 15 DE SEPTIEMBRE C.C.T  11EPR0894Z,Unitario,1,1,Obra,1,0
451,0274 ESC 2,CONSTRUCCION DE CUARTOS ADICIONALES 4X4 EN LA COMUNIDAD DE LOZA DE LOS PADRES,Unitario,1,1,Obra,1,0
452,0254 ESC,"REHABILITACIÓN DE PLAZA SAN FRANCISCO, LEON DE LOS ALDAMA",Unitario,1,1,Obra,1,0
453,0157 ESC,"PAVIMENTACIÓN DEL CUERPO SUR DEL BLVD. ARISTOTELES, TRAMO: DE PAVIMENTO EXISTENTE A BLVD. LOMA DORADA Y BLVD. MINERAL DE LA JOYA CUERPO ORIENTE TRAMO: DE BLVD. ARISTOTELES A AV. LA MARQUESA  LEÓN DE LOS ALDAMA ",Unitario,1,1,Obra,1,0
454,0363 ESC 2,"CONSTRUCCIÓN DE CUARTO ADICIONAL  ZONA URBANA 4X3 EN LAS COLONIAS: AMPLIACIÓN SAN BERNARDO, BRISAS DEL VERGEL, CAÑADA DE ALFARO, HUERTAS DE MEDINA, HUERTAS DE MEDINA II, LOMAS DE MEDINA, MEDINA, JARDINES DE MARAVILLAS Y JARDINES DE MARAVILLAS II SECCIÓN",Unitario,1,1,Obra,1,0
455,0199-ESC,"ESCALATORIA 1RA. ETAPA DE REHABILITACIÓN DE CUBIERTA DE TIANGUIS LA PULGA 1""",Unitario,1,1,Obra,1,0
456,0234-ESC,ESCALATORIA REHABILITACIÓN DEL REDONDEL DE LA PLAZA DE GALLOS 1a. ETAPA,Unitario,1,1,Obra,1,0
457,0394-ESC,PAVIMENTACIÓN DE LA CALLE FORTIFICACIÓN TRAMO: DE C. DE LA CIUDADELA - BLVD. LA LABORCITA UBICACIÓN COMUNIDAD DE SAN CARLOS DE LA RONCHA. ,Unitario,1,1,Obra,1,0
458,0221-ESC,REHABILITACIÓN DEL PARQUE HIDALGO ETAPA 1 ZONA ORIENTE LEON DE LOS ALDAMA ,Unitario,1,1,Obra,1,0
459,0315-ESC,PAVIMENTACIÓN CALLE CUENCA RÍO LERMA TRAMO: SOCAVÓN - LUCIO BLANCO EN LA COMUNIDAD DE LUCIO BLANCO Y SAN JUAN DE OTATES LOCALIDAD LUCIO BLANCO (LOS GAVILANES),Unitario,1,1,Obra,1,0
460,0395-ESC,CONSTRUCCIÓN DE CUARTO ADICIONAL ZONA URBANA 4X3 EN LA COLONIA: BALCONES DE LA JOYA.,Unitario,1,1,Obra,1,0
461,0290-ESC,"PAVIMENTACIÓN DE LA CALLE SAN PABLO, TRAMO: BLVD. ATOTONILCO A VALLE DEL DESVÁN COL. SAN JOSE EL ALTO.",Unitario,1,1,Obra,1,0
462,0234-ESC1,ESCALATORIA REHABILITACIÓN DEL REDONDEL DE LA PLAZA DE GALLOS 1a. ETAPA,Unitario,1,1,Obra,1,0
463,0074-ESC,"PARQUE DE LA SALUD FRACCIONAMIENTO SANTO DOMINGO, EN CALLE RÍO MAYO ESQUINA CON FRAY MARTÍN DE VALENCIA.",Unitario,1,1,Obra,1,0
