﻿Id_Obra,Clave_Obra,Nombre,Tipo_Precio,Id_Sub_Programa,Id_Localidad,Tipo_Obra_Proyecto,Id_Sub_Tipo_Obra,Id_Oficio_Asignacion_Obra
1,2,PLAN DE MODERNIZACION DEL MERCADO EL CORTIJO,Unitario,1,1,Obra,1,0
2,3,"MODERNIZACION DEL BLVD. TIMOTEO LOZANO, PRIMERA ETAPA",Unitario,1,1,Obra,1,0
3,6,PROYECTO EJECUTIVO DEL CORREDOR TRONCAL SAN GERÓNIMO - ECHEVESTE,Unitario,1,1,Obra,1,0
4,7,PAVIMENTACION DE LA CALLE BALCON DE LOS MONARCAS TRAMO: BALCON DE LAS MARIPOSAS A TOPAR COL. EL RENA,Unitario,1,1,Obra,1,0
5,4,"REHABILITACION DE PLAZA PARQUE EN SOLEDAD LAS JOYAS, ENTRE LAS CALLES HEGEL, KANT, PASCAL Y FROMM",Unitario,1,1,Obra,1,0
6,5,PAVIMENTACION DE LA CALLE ANTONIO HERNANDEZ TRAMO: PAULINO DURAN A BLVD. VASCO DE QUIROGA COL. LEON,Unitario,1,1,Obra,1,0
7,1,PLAN DE MODERNIZACION DEL MERCADO EX ESTACIONAMIENTO COMONFORT,Unitario,1,1,Obra,1,0
8,13,CONTRATACION DE VARIAS FICHAS TECNICAS Y EVALUACION COSTO BENEFICIO EN DISTINTOS PUNTOS DE LA CIUDAD,Unitario,1,1,Obra,1,0
9,15,PROYECTO EJECUTIVO DE REGISTRO ARQUITECTONICO DEL INMUEBLE PLAZA DE GALLOS EN CALLE JUAREZ # 316 ZON,Unitario,1,1,Obra,1,0
10,16,ESTUDIOS DE MECANICA DE SUELOS Y RECOMENDACIONES CONSTRUCTIVAS PARA CANCHAS CON PASTO SINTETICO EN V,Unitario,1,1,Obra,1,0
11,8,PAVIMENTACION DE LA CALLE RICARDO GALVAN TRAMO: BLVD. LEON II A RICARDO SOLORZANO COLONIA LEON II,Unitario,1,1,Obra,1,0
12,9,PAVIMENTACION DE LA CALLE ANDADOR 2 MANUEL LOPEZ MERCADO TRAMO: DE MANUEL LOPEZ MERCADO A BLVD. LEON,Unitario,1,1,Obra,1,0
13,10,PAVIMENTACION DE LA CALLE COLZA TRAMO: DE CUENCA FLORIDA A ALISO COL. VALLE HERMOSO 1RA Y 2DA SECCIO,Unitario,1,1,Obra,1,0
14,11,PAVIMENTACION DE LA CALLE DEL SOLAR TRAMO: CAMPO ESCONDIDO A TOPAR CON EL FRENTE 141 COL. VALLE HERM,Unitario,1,1,Obra,1,0
15,12,PAVIMENTACIÓN CON CONCRETO HIDRAULICO DE LA CALLE VALLE DUPART TRAMO: MADRE TIERRA A VALLE ARIZPE CO,Unitario,1,1,Obra,1,0
16,14,PINTURA EN FACHADAS DEL CENTRO HISTORICO CALLE JOSEFA ORTIZ DE DOMINGUEZ,Unitario,1,1,Obra,1,0
17,17,PROYECTO EJECUTIVO DE ACCIONES EMERGENTES PARA LA DETENCIÓN DEL DETERIORO EN EL INMUEBLE UBICADO EN,Unitario,1,1,Obra,1,0
18,18,PROYECTO EJECUTIVO DE PAVIMENTACION DE LAS CALLES: 1. CAÑADA DE LOS ANGELES TRAMO: DE CAÑADA DE CRIS,Unitario,1,1,Obra,1,0
19,19,REHABILITACION DE PUENTE VADO EN LA COMUNIDAD DE RINCON GRANDE - BUENOS AIRES EN LA CIUDAD DE LEON,Unitario,1,1,Obra,1,0
20,20,PAVIMENTACION DE LA CALLE CERRO DEL LABRADOR TRAMO: AV. DEL AGRICULTOR A CERRO DEL CUBO COL. SAN ISI,Unitario,1,1,Obra,1,0
21,21,ADECUACION DE PROYECTO EJECUTIVO DE CALLE DE ACCESO A ALBARRADONES Y ENTRONQUE (LEON - COMANJILLA) A,Unitario,1,1,Obra,1,0
22,22,"ADECUACION DE PROYECTO DE ACCESO A LADRILLERAS DEL REFUGIO, BLVD. LA LUZ (ANTES CARRETERA LEON - DUA",Unitario,1,1,Obra,1,0
23,23,PROYECTO EJECUTIVO DE PAVIMENTACION DE LAS CALLES: LUIS LONG TRAMO: ALFONSO ESPARZA - CLEMENTE AGUIR,Unitario,1,1,Obra,1,0
24,27,PROYECTO EJECUTIVO DEL CORREDOR BLVD. JUAN ALONSO DE TORRES - FRANCISCO VILLA - MARIANO ESCOBEDO,Unitario,1,1,Obra,1,0
25,29,CERCADO DE PREDIO UBICADO EN BLVD. MORELOS ESQUINA BLVD. LAS TORRES,Unitario,1,1,Obra,1,0
26,24,PROYECTO EJECUTIVO: DE PUENTE VEHICULAR PARA CONECTAR PARQUE LINEAL DE CANAL SARDANETA INTERSECCION,Unitario,1,1,Obra,1,0
27,26,PROYECTOS EJECUTIVOS PARA LA ZONA METROPOLITANA DE LEON 2013: BLVD. TAJO DE SANTA ANA (INTERSECCIÓN,Unitario,1,1,Obra,1,0
28,25,2DA. ETAPA DE MEJORAMIENTO DE LA IMAGEN DE LA CIUDAD DE LEON,Unitario,1,1,Obra,1,0
29,31,PROYECTO EJECUTIVO DE LAS CALLES: 1. CAMPO ESTRELLADO TRAMO: CAMPO ESCONDIDO - CAMPO ALEGRE COL. VAL,Unitario,1,1,Obra,1,0
30,32,PROYECTO EJECUTIVO DE LAS CALLES: 1. COMERCIANTES TRAMO: ESTAMBUL - BLVD. FRANCISCO VILLA COL. UYEPA,Unitario,1,1,Obra,1,0
31,33,PROYECTO EJECUTIVO DE LAS CALLES: 1. ACAYA TRAMO: HEBREOS - EPISTOLAS COL. SAN PABLO; 2. CALLE LOS H,Unitario,1,1,Obra,1,0
32,28,REHABILITACION DE LOS PAVIMENTOS DEL CUERPO LATERAL DEL BLVD. J. ALONSO DE TORRES EN COL. EL ROSARIO,Unitario,1,1,Obra,1,0
33,30,"REHABILITACION DE LOS PAVIMENTOS DEL BLVD. GARZA SADA, AV. LEON Y DE LA CALLE GUADALUPE ORIENTAL, LE",Unitario,1,1,Obra,1,0
34,36,PROYECTO EJECUTIVO DE PAVIMENTACION DE LAS CALLES: SOFIA TRAMO: MADRE SIERRA A MADRE SOCORRO Y CALLE,Unitario,1,1,Obra,1,0
35,37,PROYECTO EJECUTIVO DE PAVIMENTACION DE LAS CALLES: 1. JEREZ DE CETINA TRAMO: JEREZ DE SANALONA - JER,Unitario,1,1,Obra,1,0
36,42,PLAZA DE LA CIUDADANIA EN SU 2DA. ETAPA UBICADA EN BLVD. VASCO DE QUIROGA EN LA COL. PRESIDENTES DE,Unitario,1,1,Obra,1,0
37,34,PROYECTO EJECUTIVO DE REMODELACIÓN Y AMPLIACIÓN DE LOS DEPOSITOS DE ARMAS EN LAS CENTRALES DE POLICI,Unitario,1,1,Obra,1,0
38,44,PUENTE VEHICULAR SOBRE ARROYO EL GRANDE EN EL ACCESO A LA COMUNIDAD DE DUARTE,Unitario,1,1,Obra,1,0
39,47,PROYECTO EJECUTIVO DE LA CICLOVIA DEL BLVD. GONZALEZ BOCANEGRA TRAMO: DE BLVD. MARIANO ESCOBEDO A BL,Unitario,1,1,Obra,1,0
40,48,PROYECTO EJECUTIVO DE LA CICLOVIA DEL BLVD. MARIANO ESCOBEDO TRAMO: DE BLVD. PASEO DE JEREZ A BLVD.,Unitario,1,1,Obra,1,0
41,41,PAVIMENTACION DE LA CALLE JOSÉ A. GODOY DE JOSÉ MARÍA TORNEL A FÉLIX ROMERO COL. PERIODISTAS MEXICAN,Unitario,1,1,Obra,1,0
42,43,CONSTRUCCION DE LA ESCUELA DE VANGUARDIA 1RA. ETAPA UBICADA EN LA CALLE KANT EN LA COL. LAS JOYAS,Unitario,1,1,Obra,1,0
43,60,PAVIMENTACION DE LA CALLE SENDERO OTOMI TRAMO: AÑORASNZA A SENDERO MEXICA COL. ARBOLEDAS DE SAN PEDR,Unitario,1,1,Obra,1,0
44,46,"PAVIMENTACION DE LOS CUERPOS CENTRALES DEL BULEVAR INSURGENTES, TRAMO: DE PASEOS DEL SOL A BULEVAR C",Unitario,1,1,Obra,1,0
45,50,PROYECTO EJECUTIVO DE PAVIMENTACION DE LAS CALLES: JEREZ DE VALAQUIA TRAMO: JEREZ DE GUADALUPE - JER,Unitario,1,1,Obra,1,0
46,39,"MECANICA DE SUELOS PARA ESTACIONES DE TRANSFERENCIA: TALABARTEROS, MARAVILLAS Y TIMOTEO LOZANO EN LA",Unitario,1,1,Obra,1,0
47,56,ADECUACION Y TRABAJOS COMPLEMENTARIOS DEL PROYECTO EJECUTIVO DE LA CASA DEL ADOLESCENTE EN CALLE MAD,Unitario,1,1,Obra,1,0
48,38,PROYECTO EJECUTIVO: DE ESCUELA DE VANGUARDIA JACINTO LOPEZ EN BLVD. VIRGEN DE SAN JUAN COL. CUMBRES,Unitario,1,1,Obra,1,0
49,35,"PROYECTO REHABILITACION DEL PARQUE HIDALGO ENTRE LAS CALLES CHAPULTEPEC, AURELIO LUIS GALLARDO, JULI",Unitario,1,1,Obra,1,0
50,55,PROYECTO EJECUTIVO PLAZA CRUZ DE CANTERA CALLE CRUZ DE CANTERA ESQ. MALECON DEL RIO COL. LA MORA,Unitario,1,1,Obra,1,0
51,49,PROYECTO EJECUTIVO DE PAVIMENTACION DE LAS CALLES: 1. JEREZ DE FORMENTERA TRAMO: BLVD. DELTA - VALLE,Unitario,1,1,Obra,1,0
52,51,PROYECTO EJECUTIVO DE PAVIMENTACION DE LAS CALLES: 1. MADRE PATRIA TRAMO: DE BLVD. ATOTONILCO - TOPA,Unitario,1,1,Obra,1,0
53,64,PROYECTO EJECUTIVO DE LAS CALLES: 1. MADRE ELVIRA TRAMO: BLVD. ATOTONILCO - MADRE SIERRA COL. DIEZ,Unitario,1,1,Obra,1,0
54,57,PROYECTO DE REHABILITACION DE CICLOVIA DEL BLVD. J.J. TORRES LANDA TRAMO: BLVD. PASEO DE JEREZ A BLV,Unitario,1,1,Obra,1,0
55,52,"SEGUNDA ETAPA DE LA REPARACION DE JUNTAS TIPO WABO, EN EL DISTRIBUIDOR VIAL JUAN PABLO II",Unitario,1,1,Obra,1,0
56,40,PROYECTO EJECUTIVO DE REMODELACIÓN Y AMPLIACIÓN DE COMANDANCIA DE TRANSITO Y SEPAROS DE HECHOS DE TR,Unitario,1,1,Obra,1,0
57,53,PUNTO DE TRANSFERENCIA CALLE MADRE TIERRA,Unitario,1,1,Obra,1,0
58,45,"PAVIMENTACION DE LOS CUERPOS CENTRALES DEL BULEVAR INSURGENTES, TRAMO: DE BULEVAR CAMPESTRE A BULEVA",Unitario,1,1,Obra,1,0
59,59,ACCESIBILIDAD UNIVERSAL AL TEATRO MANUEL DOBLADO,Unitario,1,1,Obra,1,0
60,65,REHABILITACION DE LOS PAVIMENTOS DE LA CALLE FRAY TORIBIO TRAMO: BLVD. MADRAZO A CALLE JUAN BAUTISTA,Unitario,1,1,Obra,1,0
61,66,REHABILITACION DE LOS PAVIMENTOS DEL CUERPO LATERAL DEL BLVD. HIDALGO TRAMO: ALUMINIO DE ECHEVESTE A,Unitario,1,1,Obra,1,0
62,61,PROYECTO EJECUTIVO DE LAS CALLES: 1. MADRE REYNA TRAMO: AV. ATOTONILCO - MADRE MARINA COL. DIEZ DE M,Unitario,1,1,Obra,1,0
63,54,AFECTACION A LA PROPIEDAD DEL C. FEDERICO MANUEL RODRIGUEZ LOPEZ Y AFECTACION A LA PROPIEDAD DE LA P,Unitario,1,1,Obra,1,0
64,68,PAVIMENTACION EN ASFALTO DE LA CALLE RIO MAYO TRAMO: DE MADRE TIERRA A VALLE DE MEXICALI,Unitario,1,1,Obra,1,0
65,67,REHABILITACION DE LOS PAVIMENTOS DE LA AV. OLIMPICA,Unitario,1,1,Obra,1,0
66,63,PROYECTO EJECUTIVO DE LAS CALLES: 1. CHIRIQUI III TRAMO: LA HUIZACHERA A CHICHONTEPEC; 2. MIRAVALLES,Unitario,1,1,Obra,1,0
67,62,PROYECTO EJECUTIVO DE PAVIMENTACION DE LAS CALLES: 1. HONORIO III TRAMO: AV. OLIMPICA A CONVENTUALES,Unitario,1,1,Obra,1,0
68,58,PAVIMENTACION DE LA CALLE MADRE SIERRA TRAMO: MADRE AMALIA A MADRE RAQUEL; PAVIMENTACION DE LA CALLE,Unitario,1,1,Obra,1,0
69,80,PROYECTO EJECUTIVO DE LAS CALLES: 1. AGUA AZUL TRAMO: TORITOS - RIVERA AZUL COL. VALLE HERMOSO; 2. T,Unitario,1,1,Obra,1,0
70,75,PROYECTO EJECUTIVO DE LAS CALLES: 1. MADRE PAZ TRAMO: MADRE TIERRA A CERRO DEL SOYATE COL. DIEZ DE M,Unitario,1,1,Obra,1,0
71,69,PAVIMENTACION DE LA CALLE ECLIPSE TRAMO: ORBITA - CUMBRES DE LA PISCINA COLONIA COSMOS,Unitario,1,1,Obra,1,0
72,74,LABORATORIO VERIFICADOR DE OBRA 2014 PAQUETE 2,Unitario,1,1,Obra,1,0
73,84,PROYECTO DE REHABILITACION DE LAS OFICINAS DEL FIDAPIM BLVD. HERMANOS ALDAMA COL. SAN NICOLAS,Unitario,1,1,Obra,1,0
74,86,PROYECTO DE REHABILITACION Y MANTENIMIENTO PARA EL TEATRO MARIA GREVER CALLE ALVARO OBREGON ZONA CEN,Unitario,1,1,Obra,1,0
75,87,PROYECTO EJECUTIVO DE LA ESTACION DE TRANSFERENCIA SIT TIMOTEO LOZANO TRAMO: BLVD. TIMOTEO LOZANO A,Unitario,1,1,Obra,1,0
76,79,PROYECTO EJECUTIVO DE LAS CALLES: 1. BARCENAS TRAMO: BLVD. JUAN ALONSO DE TORRES - BLVD. BILBAO COL.,Unitario,1,1,Obra,1,0
77,73,LABORATORIO VERIFICADOR DE OBRA 2014 PAQUETE 1,Unitario,1,1,Obra,1,0
78,83,"PROYECTO ESTACION DE TRANSFERENCIA SIT ""ECHEVESTE"" BLVD. TALABARTEROS COL. AURORA",Unitario,1,1,Obra,1,0
79,85,REHABILITACION DE LOS PAVIMENTOS DEL BLVD. LA LUZ Y DEL BLVD. VICENTE VALTIERRA,Unitario,1,1,Obra,1,0
80,76,PROYECTO EJECUTIVO DE LAS CALLES: 1. PETALO TRAMO: ESTAMBRE A MADRE MARINA COL. ARBOLEDASDE SAN HILA,Unitario,1,1,Obra,1,0
81,77,PROYECTO EJECUTIVO DE PAVIMENTACION DE LAS CALLES: CAÑADA DE LOS SANTOS TRAMO: CAÑADA DE CRISTO A CA,Unitario,1,1,Obra,1,0
82,89,PAVIMENTACION DE LA CALLE MEDALLA TRAMO: BLVD. ADOLFO LOPEZ MATEOS - TOPAR COLONIA EL ROSARIO,Unitario,1,1,Obra,1,0
83,70,MODIFICACION DE CAMELLÓN EN BLVD. LÓPEZ MATEOS TRAMO: 1)MONTERREY - MALECON DEL RIO 2) MERIDA - MONT,Unitario,1,1,Obra,1,0
84,88,PAVIMENTACION DE LA CALLE CRESPO (1/2 CUERPO DEL CAD. 0+000 AL 0+290). TRAMO: DE FRAY DANIEL MIRELES,Unitario,1,1,Obra,1,0
85,90,REHABILITACION DE BAÑOS EN LAS ESCUELAS: PRIMARIA LEONA VICARIO CALLE 27 DE SEPTIEMBRE # 625 COL. EL,Unitario,1,1,Obra,1,0
86,14003,"MODERNIZACION DEL BLVD. TIMOTEO LOZANO, PRIMERA ETAPA",Unitario,1,1,Obra,1,0
87,91,PAVIMENTACION DE LA  CALLE SIMÓN ÁLVAREZ TRAMO: BLVD. MIGUEL HIDALGO - JUAN DE LA BARRERA COLONIA HE,Unitario,1,1,Obra,1,0
88,93,PAVIMENTACION DE LA CALLE TIGRES DE DETROIT TRAMO: CENTAURO DEL NORTE - MEDIAS BLANCAS COLONIA DEPOR,Unitario,1,1,Obra,1,0
89,94,PROYECTO EJECUTIVO DE REMODELACIÓN Y AMPLIACIÓN DE LA UNIDAD DEPORTIVA ENRIQUE FERNANDEZ MARTINEZ BL,Unitario,1,1,Obra,1,0
90,95,PROYECTO EJECUTIVO DE REMODELACIÓN Y AMPLIACIÓN DE LA UNIDAD DEPORTIVA NUEVO MILENIO CALLE HACIENDA,Unitario,1,1,Obra,1,0
91,96,MODIFICACION DE CAMELLÓN EN BLVD. LÓPEZ MATEOS TRAMO: BLVD. PASEO DE LOS INSURGENTES - BLVD. CAMPEST,Unitario,1,1,Obra,1,0
92,98,PROYECTO EJECUTIVO DEL BLVD. SAN JOSE DEL MAL PASO TRAMO: BLVD. REFUGIO DE ROSAS A BLVD. BALCONES DE,Unitario,1,1,Obra,1,0
93,72,DISEÑO Y CONSTRUCCION DE FUENTE DECORATIVA BLVD. LÓPEZ MATEOS Y PROLONGACION CALZADA,Unitario,1,1,Obra,1,0
94,99,TRABAJOS DE CARGA Y ACARREO DE MATERIAL ALMACENADO EN CANCHA DE USOS MULTIPLES EN VILLAS DE SAN JUAN,Unitario,1,1,Obra,1,0
95,101,"EXTRACCION, ACOMODO Y SUMINISTRO DE BARRERAS DE CONTENCIÓN TIPO NEW JERSEY EN AMPLIACION DE MALECON",Unitario,1,1,Obra,1,0
96,102,CRECIMIENTO DE PARADEROS Y/O MODIFICACIONES DE MOBILIARIO INTERNO PARA LA COLOCACIÓN DE MAQUINAS DE,Unitario,1,1,Obra,1,0
97,92,PAVIMENTACION DE LA CALLE RÍO TEHUANTEPEC TRAMO: DE RÍO GUANAJUATO - RÍO CONCHOS COL. FRACC. SAN MIG,Unitario,1,1,Obra,1,0
98,82,PROYECTO EJECUTIVO DE LA CALLE: TERESITA DE BUSTOS TRAMO: BLVD. CAÑADA DE LA PATIÑA A BLVD. CALCOPIT,Unitario,1,1,Obra,1,0
99,103,"PAVIMENTACION DE LA CALLE GUTY CÁRDENAS, TRAMO: SAN ROMÁN A BLVD. J.J. TORRES LANDA COL. EL PAISAJE",Unitario,1,1,Obra,1,0
100,71,CONSTRUCCION DE CISTERNA Y SISTEMAS DE RIEGO EN BLVD. ADOLFO LOPEZ MATEOS TRAMO: CALLE MERIDA A MALE,Unitario,1,1,Obra,1,0
101,100,PROYECTO EJECUTIVO DE LA ESTACION DE TRANSFERENCIA SIT MARAVILLAS TRAMO: ESQ. BLVD. JUAN ALONSO DE T,Unitario,1,1,Obra,1,0
102,97,PAVIMENTACION DE LA CALLE ALCATRACES TRAMO: BLVD. J. J. TORRES LANDA A GONZALEZ BOCANEGRA COL. JARDI,Unitario,1,1,Obra,1,0
103,104,CONSTRUCCION DE CISTERNA Y SISTEMAS DE RIEGO EN BLVD. ADOLFO LOPEZ MATEOS TRAMO: BLVD. PASEO DE LOS,Unitario,1,1,Obra,1,0
104,107,ADECUACION DE PROYECTO EJECUTIVO PARQUE SAN JUAN BOSCO TRAMO: ENTRE CALLE CADIZ Y SEVILLA COL. SAN J,Unitario,1,1,Obra,1,0
105,78,PROYECTO EJECUTIVO DE PAVIMENTACION DE LAS CALLES: 1. USULTAN TRAMO: LA HUIZACHERA - CHICHONTEPEC Y,Unitario,1,1,Obra,1,0
106,110,PAVIMENTACION DE LA CALLE PRENSA LIBRE TRAMO DE FEDERICO BAENA A FERNANDO Z MALDONADO COL. SAN MARCO,Unitario,1,1,Obra,1,0
107,111,PAVIMENTACION DE LA CALLE TORIL TRAMO: TORERO A CARNICERITO COL. PLAZA DE TOROS,Unitario,1,1,Obra,1,0
108,113,PAVIMENTACION DE LA CALLE ANDADOR TEJOCOTE TRAMO: TECOJOTE A CAÑA COL. LAS MANDARINAS,Unitario,1,1,Obra,1,0
109,114,PAVIMENTACION DE LA CALLE ACAPONETA TRAMO: SANCHEZ A TOPAR COL. NUEVA CALENDARIA,Unitario,1,1,Obra,1,0
110,109,PAVIMENTACION DE LA CALLE CANDELARIA TRAMO: CALLE ALFALFA - TOPAR ARROYO DE LA MORA COL. LA CANDELAR,Unitario,1,1,Obra,1,0
111,119,PROYECTO EJECUTIVO DE LAS CALLES: AV. RIO DE LOS CASTILLOS TRAMO: CAMPO ALEGRE - BLVD. JOSE MARIA MO,Unitario,1,1,Obra,1,0
112,121,PAVIMENTACION DE LA CALLE RIO TEHUANTEPEC TRAMO: RIO TECOLUTLA A BLVD. TORRES LANDA,Unitario,1,1,Obra,1,0
113,125,PAVIMENTACION DE LA CALLE AGUILA DORADA TRAMO: THOMAS ALVA EDISON A AGUILA BLANCA COL. LAS AGUILAS,Unitario,1,1,Obra,1,0
114,105,PAVIMENTACION DE LA CALLE PRIVADA SIMÓN ALVAREZ TRAMO: DE SIMÓN ALVAREZ A TOPAR COL. HÉROES DE CHAPU,Unitario,1,1,Obra,1,0
115,106,PROYECTO EJECUTIVO DE PAVIMENTACION DE LAS CALLES: 1. RIO SGUS NAVAL TRAMO: BLVD. JUAN JOSE TORRES L,Unitario,1,1,Obra,1,0
116,108,PAVIMENTACION DE LA CALLE TARRAZA TRAMO: MARTINICA A PROLONGACION BARCELONA EN LA COL. SAN JUAN BOSC,Unitario,1,1,Obra,1,0
117,115,PAVIMENTACION DE LA CALLE DULCE CAMPIÑA TRAMO: RIVERA AZUL A DEL SOLAR COL. VALLE HERMOSO,Unitario,1,1,Obra,1,0
118,117,PROYECTO EJECUTIVO PARA PARQUES DE LA SALUD: FRACC. GUADALUPE UBICADO EN LA CALLE PERLA ENTRE FRAY J,Unitario,1,1,Obra,1,0
119,120,PAVIMENTACION DE LA CALLE PRIVADA JEREZ DE LULE TRAMO: JEREZ DE LULE - TOPAR COL. VALLE DE JEREZ,Unitario,1,1,Obra,1,0
120,124,ADECUACION DE PROYECTO EJECUTIVO DEL PASO A DESNIVEL DEL BLVD. AEROPUERTO CON EL BLVD. HERRADURA,Unitario,1,1,Obra,1,0
121,122,SUPERVISION DEA ADECUACION DE PROYECTO EJECUTIVO PARQUE SAN JUAN BOSCO TRAMO: ENTRE CALLE CADIZ Y SE,Unitario,1,1,Obra,1,0
122,116,PROYECTO EJECUTIVO DE LA CALLE QUEZALTEPEC TRAMO: LA HUIZACHERA A OPALACA COL. LATINOAMERICANA,Unitario,1,1,Obra,1,0
123,126,PAVIMENTACION DE LA CALLE BARACALDO TRAMO: BARCELONA A PRIVADA BURGOS COL. SAN JUAN BOSCO,Unitario,1,1,Obra,1,0
124,127,PAVIMENTACION DE LA CALLE TERESITA DE BUSTOS TRAMO: CAÑADA DE LA PATIÑA A BLVD. CALCOPIRITA COL. SIN,Unitario,1,1,Obra,1,0
125,118,PAVIMENTACION DE LA CALLE VICENTE GONZALEZ DEL CASTILLO TRAMO: JOSE M. PRADO A LUIS SUAREZ ZAMBRANO,Unitario,1,1,Obra,1,0
126,112,ADECUACION Y TRABAJOS COMPLEMENTARIOS AL PROYECTO EJECUTIVO DE BLVD. LAS JOYAS DE BLVD. CALCOPIRITA,Unitario,1,1,Obra,1,0
127,128,PROYECTO DEL MUSEO DE LAS IDENTIDADES LEONESAS (OBRA DE INTERVENCIÓN DE RESTAURACIÓN EN EL ALA NORTE,Unitario,1,1,Obra,1,0
128,136,SUPERVISIÓN DEL PROYECTO EJECUTIVO DEL MUSEO DE LAS IDENTIDADES LEONESAS ZONA CENTRO,Unitario,1,1,Obra,1,0
129,135,TRATAMIENTO DE IMPERMEABILIZACION DE LA EX-CARCEL,Unitario,1,1,Obra,1,0
130,123,TRABAJOS COMPLEMENTARIOS DEL PROYECTO EJECUTIVO DEL MALECON DEL RIO TRAMO: DE BLVD. MARIANO ESCOBEDO,Unitario,1,1,Obra,1,0
131,134,CONSTRUCCION DE OSARIOS GAVETAS INFANTILES Y GAVETAS DE ADULTOS EN LOS PANTEONES: MUNICIPAL NORTE,Unitario,1,1,Obra,1,0
132,130,PINTURA DE POSTES EN VARIOS BOULEVARES DE LA CIUDAD LEON GTO,Unitario,1,1,Obra,1,0
133,81,PROYECTO EJECUTIVO DE LA CALLE HONORIO III TRAMO: AV. OLIMPICA A FRAY RAUL COL. AMPLIACION SAN FRAN,Unitario,1,1,Obra,1,0
134,138,PAVIMENTACION DE LA CALLE RIO TONALA TRAMO: BLVD. J.J. TORRES LANDA - RIO TECOLUTLA FRACC. SAN MIGUE,Unitario,1,1,Obra,1,0
135,133,PROYECTO EJECUTIVO DE LAS CALLES: 1. PASEO DE LAS PALOMAS TRAMO: PASEO DE LOS CENZONTLES-PASEO DE LO,Unitario,1,1,Obra,1,0
136,129,INFRAESTRUCTURA DE CULTURA MUNICIPAL (CASA LUIS LONG ESCUELA DE MÚSICA),Unitario,1,1,Obra,1,0
137,139,PROYECTO EJECUTIVO DE LAS CALLES: 1. LABORES TRAMO: HUASTECA - BLVD. FRANCISCO VILLA; 2. CANTARES TR,Unitario,1,1,Obra,1,0
138,137,CONST. BLVD. LAS JOYAS (TRAMO BLVD. CALCOPIRITA - D.D.V. CARR LEˆN - AGS) PAV. BLVD. LAS JOYAS (TRAM,Unitario,1,1,Obra,1,0
139,131,RENOVACION DE PARADERO POLIFORUM SIT FASE 1 EN LA COL. EL MIRADOR,Unitario,1,1,Obra,1,0
140,132,PROYECTO EJECUTIVO DE LAS CALLES: 1. CAOBA DE JEREZ TRAMO: BLVD. SAN PEDRO-PASEO DE LOS VERDINES C0L,Unitario,1,1,Obra,1,0
141,144,CONSTRUCCION DE MURO PERIMETRAL EN LA PRIMARIA ALBERTO TERÁN CON CCT 11DPR1493L; CONSTRUCCION DE MUR,Unitario,1,1,Obra,1,0
142,143,CONSTRUCCION DE LA RUTA DEL PEATON CALZADA TRAMO: DE LA CALLE PROGRESO A MALECON DEL RIO,Unitario,1,1,Obra,1,0
143,141,PLAZA DE LA CIUDADANIA EN LA COL. PERIODISTAS MEXICANOS 1ERA. ETAPA,Unitario,1,1,Obra,1,0
144,142,"PLAZA DE LA CIUDADANIA CALLE HEGEL, KANT, PASCAL, COMTTÉ COL. LAS JOYAS 1ERA. ETAPA",Unitario,1,1,Obra,1,0
145,147,"BLVD. CALCOPIRITA 1A. ETAPA TRAMO: BLVD. MARIANO ESCOBEDO A BLVD. LAS JOYAS EN LEON, GUANAJUATO",Unitario,1,1,Obra,1,0
146,148,COLOCACIÓN DE MALLA CICLONICA DE 4 MTS. DE ALTURA EN CANCHA DE FUTBOL UBICADA EN LA CALLE LOMA ALTA,Unitario,1,1,Obra,1,0
147,145,REHABILITACION DE LOS ADORNOS DE SEPTIEMBRE Y DICIEMBRE,Unitario,1,1,Obra,1,0
148,140,REHABILITACION DEL MODULO SANITARIO EN LA PRIMARIA LEONA VICARIO CON CCT 11EDRO388Y; REHABILITACION,Unitario,1,1,Obra,1,0
149,149,GESTIÓN COMUNITARIA DE LA RUTA DEL PEATÓN (ESTUDIO DE IMPACTO SOCIAL),Unitario,1,1,Obra,1,0
150,150,PAVIMENTACION DE LA CALLE ESTAMBUL TRAMO: BLVD. GUANAJUATO A TOPAR PAVIMENTO SUR COL. SAN FELIPE DE,Unitario,1,1,Obra,1,0
151,151,PAVIMENTACION DE LA CALLE PRIVADA CATALUÑA TRAMO: PROLONGACIÓN BARCELONA A MURCIA COLONIA SAN JUAN B,Unitario,1,1,Obra,1,0
152,152,PAVIMENTACION DE LA CALLE PIRUL DEL VALLE TRAMO: MEZQUITE DEL VALLE A ENCINO DEL VALLE COL. VALLE DE,Unitario,1,1,Obra,1,0
153,153,PAVIMENTACION DE LA CALLE CERRO DE LA CRUCITA TRAMO: CERRO DEL CUBO A AV. DEL AGRICULTOR COLONIA REA,Unitario,1,1,Obra,1,0
154,154,"PLAZA LA NOPALERA, UBICADA EN COL. LA NOPALERA IBARRILLA",Unitario,1,1,Obra,1,0
155,155,"REVESTIMIENTO DE LA CALLE DE LA ARCINA, CAMINO BENITO JUAREZ, CALLES MIGUEL HIDALGO I; CAMINOS DE AC",Unitario,1,1,Obra,1,0
156,156,"REVESTIMIENTOS DE LAS CALLES Y/O CAMINOS DE LAS COMUNIDADES SAN PEDRO DEL MONTE, LUCIO BLANCO, LOS T",Unitario,1,1,Obra,1,0
157,157,REHABILITACION DE VIALIDADES INTERNAS Y ESTACIONAMIENTO EXTERNO EN PARQUE ZOOLOGICO DE LEON,Unitario,1,1,Obra,1,0
158,161,IMPERMEABILIZACION EN ESC. SEC. # 58 UBICADA EN CALLE SANTA LOURDES # 500 COL. SAN PEDRO DE LOS HERN,Unitario,1,1,Obra,1,0
159,160,PAVIMENTACION DE LA CALLE MAR CASPIO TRAMO: OCEANO PACIFICO A GOLFO DE BENGALA COL. SANTA MARIA GRAN,Unitario,1,1,Obra,1,0
160,159,CONCENTRACION DE MEDIDORES EN LA PLAZA DE SAN JUAN DEL COECILLO PRIMERA ETAPA,Unitario,1,1,Obra,1,0
161,146,PAVIMENTACION DEL BLVD. CALIOPE TRAMO: BLVD. ARISTOTELES - CAD 0+700.00,Unitario,1,1,Obra,1,0
162,158,PAVIMENTACION DE LA CALLE FELIX ROMERO TRAMO: JOSE A. GODOY A CALLE JOSE MARIA DE LA TORRE COL. PERI,Unitario,1,1,Obra,1,0
163,176,"PINTURA PARA LA ELIMINACION DE GRAFITI EN JARDIN DE NIÑOS ""JEAN PEGET"" ""CASA DEL MAESTRO JUBILADO"",",Unitario,1,1,Obra,1,0
164,170,PAVIMENTACION DE LA CALLE ALMENA TRAMO: DE LAS MURALLAS - TOPAR CON LIMITE ORIENTE COLONIA EL CASTIL,Unitario,1,1,Obra,1,0
165,169,PAVIMENTACION DE LA CALLE SENDERO AZTECA: DE CALLE AÑORANZA A TOPAR COLONIA ARBOLEDAS DE SAN PEDRO,Unitario,1,1,Obra,1,0
166,171,PAVIMENTACION DE LA CALLE SENDERO MAYA TRAMO: DE AÑORANZA A SENDERO MEXICA COLONIA ARBOLEDAS DE SAN,Unitario,1,1,Obra,1,0
167,167,"PAVIMENTACION DE LA CALLE EFRAIN CALDERON LARA TRAMO: 14 DE MAYO A 26 DE AGOSTO, COL. MORELOS.",Unitario,1,1,Obra,1,0
168,168,PAVIMENTACION DE LA CALLE JULIAN TEJADA LEON (JOSE MARIA GARCIA MUÑOZ) TRAMO: SALVADOR MUÑOZ OROZCO,Unitario,1,1,Obra,1,0
169,166,PAVIMENTACION DE LA CALLE CAÑADA DE LOS APOSTOLES TRAMO: CAÑADA DE LOS PROFETAS - CAÑADA DE CRISTO C,Unitario,1,1,Obra,1,0
170,172,PAVIMENTACION DE LA CALLE BARBACANA TRAMO: DE CALLE ATALAYA A CALLE BALUARTE COL. EL CASTILLO,Unitario,1,1,Obra,1,0
171,175,"PROYECTO EJECUTIVO DE LAS CALLES: 1. ANTERA TRAMO: ESTAMBRE - MADRE MARINA, 2. SEPALO TRAMO: ESTAMBR",Unitario,1,1,Obra,1,0
172,174,"REVESTIMIENTO DE LAS COMUNIDADES SAN JOSE DEL RESPLANDOR, EL CONSUELO, RANCHO NUEVO Y NUEVO LINDERO",Unitario,1,1,Obra,1,0
173,177,"TERMINACION DE LA SEGUNDA ETAPA DE LAS ADECUACIONES A LAS OFICINAS GENERALES DE ""EL CECYTEG""",Unitario,1,1,Obra,1,0
174,179,REVESTIMIENTO CAMINO TRAMO: E.C (LEON-SAN FELIPE) A CAMINO  (GUANAJUATITO-BUENOS AIRES),Unitario,1,1,Obra,1,0
175,182,ESTUDIO DE MECANICA DE SUELOS PARA DISEÑO DE CIMENTACION DE AMPLIACIONES DE VARIAS ESCUELAS EN VARIO,Unitario,1,1,Obra,1,0
176,181,PROYECTO EJECUTIVO DE LAS CALLES: 1. ARTURO LOZANO MADRAZO TRAMO: ANGEL VAZQUEZ NEGRETE A RODRIGO ZE,Unitario,1,1,Obra,1,0
177,178,REVESTIMIENTO EN LA COMUNIDAD DE VAQUERIAS Y RASTREO EN CAMINO EN NUEVO VALLE DE MORENO MUNICIPIO DE,Unitario,1,1,Obra,1,0
178,184,PAVIMENTACION DE LA CALLE ALEGRIA TRAMO: HISTORIADORES - PAVIMENTO EXISTENTE COL. SAN JOSE DE CEMENT,Unitario,1,1,Obra,1,0
179,194,"REHABILITACION DE PARQUE: ARMONIZACIÓN URBANA, CANCHA DE FUTBOL, JUEGOS INFANTILES COL. LAS JOYAS (2",Unitario,1,1,Obra,1,0
180,162,"CONSTRUCCION DE EXPLANADA EN CANCHA DE FUTBOL, MALLA PERIMETRAL, RAMPA DE ACCESO, PLATAFORMA PARA AU",Unitario,1,1,Obra,1,0
181,183,PAVIMENTACION DE LA CALLE SANTA EMILIA (ELODIA) 1/2 CUERPO TRAMO: DE CUMBRES DE LA PISCINA - JALPA C,Unitario,1,1,Obra,1,0
182,189,ELABORACION DE CATASTRO DE CASETAS TELEFONICAS EN LA CIUDAD DE LEON GTO.,Unitario,1,1,Obra,1,0
183,197,CONSTRUCCION E INSTALACION DE SERVICIO SANITARIO CON SANEAMIENTO (BIODIGESTOR) EN 212 VIVIENDAS DE L,Unitario,1,1,Obra,1,0
184,188,SUMINISTRO Y COLOCACION DE MUROS Y PISO FIRME URBANO (BALCONES DE LA JOYA Y COLINAS DE LA HACIENDA),Unitario,1,1,Obra,1,0
185,190,REHABILITACION DE MODULO SANITARIO EN LA TELESECUNDARIA #14 CON CCT 11ETV0043Z; REHABILITACION DE MO,Unitario,1,1,Obra,1,0
186,193,INFRAESTRUCTURA SOCIAL DEPORTIVA REMODELACION DE 9 CANCHAS DE BASQUETBOL EN LA UNIDAD DEPORTIVA ENRI,Unitario,1,1,Obra,1,0
187,191,CONSTRUCCION DE AULA EN LA SECUNDARIA TÉCNICA # 58 CON CCT 11DSTOO820,Unitario,1,1,Obra,1,0
188,192,"SUMINISTRO Y COLOCACION DE TECHO DIGNO RURAL (DUARTE, SAN JUAN DE OTATES, LOZA DE LOS PADRES,",Unitario,1,1,Obra,1,0
189,185,SUMINISTRO Y COLOCACION DE TECHO FIRME URBANO (LOCALIDAD DE SAN JUAN DE ABAJO),Unitario,1,1,Obra,1,0
190,186,BLVD. BALCONES DE LA JOYA (TRAMO: BLVD. ARISTOTELES CALLE CAOLINITA),Unitario,1,1,Obra,1,0
191,187,PAVIMENTACION DEL CUERPO SUR A NORTE DEL BLVD. HERMENEGILDO BUSTOS TRAMO: CALLE BOSQUES DEL NORTE A,Unitario,1,1,Obra,1,0
192,163,AMPLIACIÓN DEL SISTEMA INTEGRADO DE TRANSPORTE DE LEÓN (SIT OPTIBÚS) 3RA. ETAPA TERMINAL MARAVILLAS,Unitario,1,1,Obra,1,0
193,164,AMPLIACIÓN DEL SISTEMA INTEGRADO DE TRANSPORTE DE LEÓN (SIT OPTIBÚS) 3RA. ETAPA TERMINAL SUR (ANDENE,Unitario,1,1,Obra,1,0
194,165,AMPLIACIÓN DEL SISTEMA INTEGRADO DE TRANSPORTE DE LEÓN (SIT OPTIBÚS) 4TA. ETAPA TERMINAL ECHEVESTE (,Unitario,1,1,Obra,1,0
195,205,"SUMINISTRO Y COLOCACION DE PISO FIRME RURAL (ALFARO, LADRILLERAS DEL REFUGIO, BARRETOS, HACIENDA ARR",Unitario,1,1,Obra,1,0
196,198,CONSTRUCCION E INSTALACION DE SERVICIO SANITARIO EN 280 VIVIENDAS DE LA ZONA RURAL,Unitario,1,1,Obra,1,0
197,203,REHABILITACION DE MODULOS SANITARIOS PROGRAMA ESCUELA DIGNA (VARIOS PLANTELES DE LEON GUANAJUATO),Unitario,1,1,Obra,1,0
198,204,PROYECTO EJECUTIVO DE LAS CALLES:1 ESPERANZA SOLIS TRAMO: BLVD. MARIANO ESCOBEDO-JOSEFINA CAMARENA,Unitario,1,1,Obra,1,0
199,201,CONSTRUCCION DE AULA AISLADA DE 6X8 TRADICIONAL EN LA ESCUELA PRIMARIA MEDARDO GONZALEZ PEÑA,Unitario,1,1,Obra,1,0
200,200,CONSTRUCCION DE AULA AISLADA DE 6X8 TRADICIONAL EN LA ESCUELA PRIMARIA JOSE VASCONCELOS CALLE NUEVA,Unitario,1,1,Obra,1,0
201,202,CONSTRUCCION DE AULA  AISLADA DE 6X8 CON VIGUETA Y BOVEDILLA COMPLETA CON LOSA DE CIMENTACION DE 12,Unitario,1,1,Obra,1,0
202,207,"SUMINISTRO Y COLOCACION DE PISO FIRME RURAL (MIGUEL HIDALGO II, NUEVO LINDERO, LOS LOPEZ,ALBARRA-",Unitario,1,1,Obra,1,0
203,209,PROYECTO EJECUTIVO DE LAS CALLES: 1 MADRE JULIA TRAMO: MADRE TIERRA-CERRO DEL SOYATE COL. DIEZ DE,Unitario,1,1,Obra,1,0
204,195,PROYECTO EJECUTIVO PUENTE VEHICULAR BARRANCA DE VENADEROS,Unitario,1,1,Obra,1,0
205,208,PROYECTO EJECUTIVO DE LAS CALLES: 1. MADRE CARMEN TRAMO: MADRE TIERRA A TOPAR CON MERCADO COL DIEZ,Unitario,1,1,Obra,1,0
206,211,"CONSTRUCCION DE LA ESCUELA DE VANGUARDIA CUMBRES DE LA GLORIA (JACINTO LÓPEZ 1RA. ETAPA, EN BLVD. VI",Unitario,1,1,Obra,1,0
207,214,MANIFIESTO DE IMPACTO AMBIENTAL DEL BLVD. CACOPIRITA TRAMO: DE BLVD. MARIANO ESCOBEDO A BLVD LAS,Unitario,1,1,Obra,1,0
208,196,DEMOLICION DE CONSTRUCCION SOBRE DERECHO DE VIA SOBRE EL BLVD. VASCO DE QUIROGA N° 1614 ENTRE,Unitario,1,1,Obra,1,0
209,217,"ADECUACION DE PROYECTO DE INSTALACIONES HIDRAULICAS, SANITARIAS Y PLUVIALES EN EL BLVD. JORGE",Unitario,1,1,Obra,1,0
210,173,SUPERVISIÓN GENERAL PARA LA 3ERA Y 4TA ETAPA DEL SISTEMA INTEGRADO DE TRANSPORTE (SIT) PARA EL MUNIC,Unitario,1,1,Obra,1,0
211,210,PLAN DE MODERNIZACION DEL MERCADO LA ESPERANZA,Unitario,1,1,Obra,1,0
212,215,PROYECTO DE ADECUACION PARA LA 2DA. ETAPA DE OBRA DE LAS OFICINAS DEL CENTRO DE ARENCION PARA EL DES,Unitario,1,1,Obra,1,0
213,218,"SUMINISTRO Y COLOCACION DE TECHO FIRME URBANO (BALCONES DE LA JOYA, COLINAS DE LA HACIENDA Y SINARQU",Unitario,1,1,Obra,1,0
214,221,PROYECTO EJECUTIVO DE PAVIMENTACION DE LAS CALLES: 1. SANTA LUCILA (ANTES SANTA LUCIA) TRAMO: SAN FU,Unitario,1,1,Obra,1,0
215,219,REMODELACION DE AUDITORIO DE BASQUETBOL EN LA UNIDAD DEPORTIVA ENRIQUE FERNÁNDEZ MARTÍNEZ,Unitario,1,1,Obra,1,0
216,228,CONST. BLVD. LAS JOYAS (TRAMO: BLVD. CALCOPIRITA - D.D.V. CARR. LEON - AGS) PAV. BLVD. LAS JOYAS (TR,Unitario,1,1,Obra,1,0
217,224,"CONSTRUCCION DE TECHO FIRME EN ZONA URBANA (COMUNIDAD 10 DE MAYO, 11 DE JUNIO, 8 DE MARZO, AMPLIACIO",Unitario,1,1,Obra,1,0
218,223,PLAZA COMUNITARIA CRUZ DE CANTERA,Unitario,1,1,Obra,1,0
219,227,CONST. BLVD. LAS JOYAS (TRAMO: BLVD. CALCOPIRITA - D.D.V. CARR LEÓN - AGS) PAV. BLVD. LAS JOYAS (TRAMO: MALPASO A VIRGEN DE SAN JUAN 4TA. ETAPA),Unitario,1,1,Obra,1,0
220,213,"SUMINISTRO Y COLOCACION DE PISO FIRME EN ZONA URBANA, MUNICIPIO DE LEON, GUANAJUATO.",Unitario,1,1,Obra,1,0
221,220,"DESMONTAJE DE PUENTE PEATONAL FRENTE AL ESTADIO LEON, TRAMO;BLVD. LOPEZ MATEOS ESQ. OTOMIES",Unitario,1,1,Obra,1,0
222,206,CONSTRUCCION DE AULA EN LA PRIMARIA PAULO FREIRE CON CCT 11DPR3828V,Unitario,1,1,Obra,1,0
223,216,REMODELACION DE CANCHA DE USOS MULTIPLES CON SISTEMA ACRÍLICO EN LA MINIDEPORTIVA DE LA COLONIA PARQ,Unitario,1,1,Obra,1,0
224,225,"CONSTRUCCION DE OBRAS COMPLEMENTARIAS (AREA DE FORO BOX, AREA DE JUEGOS INFANTILES, DOS LONARIOS, PA",Unitario,1,1,Obra,1,0
225,212,"4TA. ETAPA REHABILITACION DE IMAGEN URBANA CD DE LEON RUTA DEL PEATON, CALZ DE LOS HEROES",Unitario,1,1,Obra,1,0
226,222,CONSTRUCCION DE LA RED DE DISTRIBUCION PARA EL SERVICIO DE ENERGIA ELECTRICA PARA LA UNIVERSIDAD TEC,Unitario,1,1,Obra,1,0
227,199,CONSTRUCCION DE CENTRO DEPORTIVO (COMPLEJO DEPORTIVO) SAN JUAN BOSCO,Unitario,1,1,Obra,1,0
228,233,CASA LUIS LONG CUARTA ETAPA TORRE MUSEO,Unitario,1,1,Obra,1,0
229,226,CONST. BLVD. LAS JOYAS (TRAMO: BLVD. CALCOPIRITA - D.D.V. CARR. LEÓN - AGS) PAV. BLVD. LAS JOYAS (TR,Unitario,1,1,Obra,1,0
230,231,CONSTRUCCION DE CASA DEL ADOLESCENTE (1ERA. ETAPA),Unitario,1,1,Obra,1,0
231,234,PINTURA PARA ELIMINACION DE GRAFITI TRAMO: DE ARCO DE LA CALZADA A PUENTE DEL MILENIO,Unitario,1,1,Obra,1,0
232,235,"LIMPIEZA DE CANAL PLUVIAL UBICADO EN LA COMUNIDAD DE SAN JUAN DE ABAJO, Y CONSTRUCCION DE MURO DE GA",Unitario,1,1,Obra,1,0
233,238,PROYECTO EJECUTIVO DE: IMAGEN URBANA POLIFORUM Y ZONA FERIAL,Unitario,1,1,Obra,1,0
234,243,"PAVIMENTACION DE CONCRETO HIDRAULICO DE LA CALLE PRESA DE LA ESPERANZA, TRAMO: DE PASEO DE LA PRESA",Unitario,1,1,Obra,1,0
235,236,PAVIMENTACION DE LA CALLE TOLEDO TRAMO:CADIZ-BLVD. SAN JUAN BOSCO (PAVIMENTO EXISTENTE) COL.SAN JUAN,Unitario,1,1,Obra,1,0
236,245,PROYECTO EJECUTIVO DE LAS CALLES:1.16 DE JULIO TRAMO: FRAY SABATINO-AV. OLIMPICA;2. PEDRO DE CATANIA,Unitario,1,1,Obra,1,0
237,246,PROYECTO EJECUTIVO DE LAS CALLES: 1. LOMAS DEL SOL TRAMO: ATITLAN -LOMAS DE LAS BUGAMBILIAS 2.LOMAS,Unitario,1,1,Obra,1,0
238,248,PAVIMENTACION DE LA CALLE MADRE AURORA TRAMO: MADRE TIERRA A CERRP DEL SOYATE COL. DIEZ DE MAYO,Unitario,1,1,Obra,1,0
239,237,PAVIMENTACION DE LA CALLE MADRE OBRERA TRAMO: MADRE FABIOLA A MADRE TIERRA COL.UNION OBRERA,Unitario,1,1,Obra,1,0
240,247,PAVIMENTACION DE LA CALLE JEREZ DE CETINA TRAMO: JEREZ DE FORMENTERA A JEREZ DE GUADALUPE COL. VALLE,Unitario,1,1,Obra,1,0
241,250,REHABILITACION DE RED ELECTRICA DE ALUMBRADO PUBLICO EN LA COLONIA LEON MODERNO,Unitario,1,1,Obra,1,0
242,239,PAVIMENTACION DE LA CALLE LOS HERRERA TRAMO:CANAL DE SARDANETA-BLVD.CERRALVO COL. NUEVO LEON,Unitario,1,1,Obra,1,0
243,249,REMODELACION DE AUDITORIO DE VOLEYBOL EN LA UNIDAD DEPORTIVA LUIS I RODRIGUEZ,Unitario,1,1,Obra,1,0
244,257,REHABILITACION DE AREA RECREATIVA COL. LOMAS DE LA TRINIDAD,Unitario,1,1,Obra,1,0
245,232,CONSTRUCCION DE SANITARIOS PARA VIVIENDAS EN ZONA URBANA,Unitario,1,1,Obra,1,0
246,263,ESCUELA DE MUSICA LUIS LONG,Unitario,1,1,Obra,1,0
247,258,PAVIMENTACION DE LA CALLE MADRE SOFIA TRAMO: ATOTONILCO - MADRE SIERRA COL. DIEZ DE MAYO,Unitario,1,1,Obra,1,0
248,260,PAVIMENTACION DE CONCRETO HIDRAULICO DE LA CALLE MADRE SIERRA TRAMO: DE MADRE TERESA A MADRE ROSA CO,Unitario,1,1,Obra,1,0
249,229,CONSTRUCCION DE MURO PARA VIVIENDA EN ZONA URBANA,Unitario,1,1,Obra,1,0
250,259,"PAVIMENTACION DE LA CALLE JEREZ DE VALAQUIA TRAMO: JEREZ DE FORMENTERA A JEREZ DE GUADALUPE, COL. VA",Unitario,1,1,Obra,1,0
251,262,PROYECTO EJECUTIVO: DE LA BAHIA DE TRANSPORTE URBANO EN LA COMUNIDAD DE LOS SAUCES Y ACCESO DE LA ES,Unitario,1,1,Obra,1,0
252,230,"PAVIMENTACION DE LA CALLE MADRE SOFIA TRAMO: MADRE SIERRA A MADRE SOCORRO, COL. 10 DE MAYO",Unitario,1,1,Obra,1,0
253,267,"PAVIMENTACION DE LA CALLE SAN JUDAS TRAMO: CARRETERA LEON - LA SANDIA A TOPAR (PRIMERA ETAPA), EN LO",Unitario,1,1,Obra,1,0
254,270,CONSTRUCCIÓN DE LA PLAZA COMUNITARIA EN COL. VIBAR,Unitario,1,1,Obra,1,0
255,252,"SUMINISTRO Y COLOCACIÓN DE CALENTADORES SOLARES EN LA COLONIA 10 DE MAYO EN MUNICIPIO DE LEÓN, GUANA",Unitario,1,1,Obra,1,0
256,253,"SUMINISTRO Y COLOCACION DE CALENTADORES  SOLARES EN LA COLONIA COECILLO EN MUNICIPIO DE LEÓN, GUANAJ",Unitario,1,1,Obra,1,0
257,254,"SUMINISTRO Y COLOCACION DE CALENTADORES SOLARES EN LA COLONIA PILETAS EN MUNICIPIO DE LEÓN, GUANAJUA",Unitario,1,1,Obra,1,0
258,255,"SUMINISTRO Y COLOCACION DE CALENTADORES SOLARES EN LA COLONIA SAN MIGUEL EN MUNICIPIO DE LEÓN, GUANA",Unitario,1,1,Obra,1,0
259,256,"PAVIMENTACION DE CONCRETO HIDRAULICO DE LA CALLE MADRE ESTHELA TRAMO: MADRE SIERRA A MADRE MARINA, C",Unitario,1,1,Obra,1,0
260,268,PAVIMENTACION DE LA CALLE JEREZ DE DURAZZO TRAMO: JEREZ DE FORMENTERA A JEREZ DE GUADALQUIVIR COL. V,Unitario,1,1,Obra,1,0
261,241,PAVIMENTACION DE LA CALLE EVEREST TRAMO: CADMANDU A TIBET UBICACIÓN CAÑON DE LA INDIA,Unitario,1,1,Obra,1,0
262,281,PROYECTO EJECUTIVO DE LAS CALLES: 1. TARSO TRAMO: HEBREOS - FILIPENSES; 2. TROADE TRAMO: COLOCENSES,Unitario,1,1,Obra,1,0
263,240,CONSTRUCCION DE MODULO SANITARIO EN EL JARDIN DE NIÑOS ROGER COUSINET CON CCT 11DJN2829X,Unitario,1,1,Obra,1,0
264,242,"PAVIMENTACION DE CONCRETO HIDRAULICO DE LA CALLE BALCON DE LAS GAVIOTAS, TRAMO: BALCON DE LAS MARIPO",Unitario,1,1,Obra,1,0
265,244,C0NSTRUCCION DE CUARTO ADICIONAL  PARA VIVIENDA EN ZONA URBANA,Unitario,1,1,Obra,1,0
266,251,EQUIPAMIENTO DEPORTIVO UNIDAD DEPORTIVA LUIS I. RODRIGUEZ,Unitario,1,1,Obra,1,0
267,289,CONSTRUCCION DE OFICINAS DE LA ESCOMBRERA,Unitario,1,1,Obra,1,0
268,283,"PLAN DE MANEJO AMBIENTAL AUTORIZACION EN MATERIA DE IMPACTO AMBIENTAL BLVD. ""LAS JOYAS""",Unitario,1,1,Obra,1,0
269,284,"ESTUDIO TECNICO JUSTIFICATIVO ANTE SEMARNAT FORESTAL BLVD. ""LAS JOYAS""",Unitario,1,1,Obra,1,0
270,288,PROYECTO EJECUTIVO DE ADECUACIÓN GEOMETRICA DE LA INTERSECCIÓN DEL BLVD. JUAN ALONSO DE TORRES Y AV.,Unitario,1,1,Obra,1,0
271,265,"PAVIMENTACION DE LA CALLE MADRE GLORIA TRAMO: MADRE MARINA - MADRE SIERRA, COL. DIEZ DE MAYO",Unitario,1,1,Obra,1,0
272,277,PROYECTO EJECUTIVO DE LAS CALLES: 1. DE LOS PINOS TRAMO: BLVD. AEROPUERTO - CAMINO A LOS LOPEZ; 2. N,Unitario,1,1,Obra,1,0
273,296,TRABAJOS DE MEJORAMIENTO Y AMPLIACION DEL DEPOSITO DE ARMAS CENTRAL DE POLICIA NORTE,Unitario,1,1,Obra,1,0
274,295,TRABAJOS DE MEJORAMIENTO Y AMPLIACION DEL DEPOSITO DE ARMAS CENTRAL DE POLICIA PONIENTE,Unitario,1,1,Obra,1,0
275,297,TRABAJOS DE MEJORAMIENTO Y AMPLIACION DEL DEPOSITO DE ARMAS CENTRAL DE POLICIA SUR,Unitario,1,1,Obra,1,0
276,298,TRABAJOS DE MEJORAMIENTO Y AMPLIACION DEL DEPOSITO DE ARMAS CENTRAL DE POLICIA ORIENTE,Unitario,1,1,Obra,1,0
277,300,PLAZA COMUNITARIA EN LA COLONIA DELTA 2000 UBICADA EN BAHÍA PUERTO PRINCIPE COLINDANTE CON MINA ADE,Unitario,1,1,Obra,1,0
278,303,PLAZA COMUNITARIA EN LA COLONIA PRADO HERMOSO,Unitario,1,1,Obra,1,0
279,304,PLAZA COMUNITARIA EN LA COLONIA 10 DE MAYO,Unitario,1,1,Obra,1,0
280,261,PROYECTO EJECUTIVO DE LAS CALLES: 1. SAN JOAQUIN TRAMO: SANTA CROCE - PAVIMENTO EXISTENTE; 2. AV. SA,Unitario,1,1,Obra,1,0
281,266,PROYECTO EJECUTIVO DE LAS CALLES: 1. DEL OCASO TRAMO: BLVD. DELTA A BLVD. POTRERO DE CORPUS COL. NUE,Unitario,1,1,Obra,1,0
282,271,PROYECTO EJECCITIVO DE PAVIMENTACION DE LAS CALLES: 1. PERCHERÓN TRAMO: POTRILLO - PONY COL. TIRITAS,Unitario,1,1,Obra,1,0
283,272,PROYECTO EJECUTIVO DE LAS CALLES: 1. AZUCENA TRAMO: BLVD. AEROPUERTO - CAMINO A LOS LOPEZ; 2. ORQUID,Unitario,1,1,Obra,1,0
284,273,PROYECTO EJECUTIVO DE LAS CALLES: 1. BERNARDO DE MENESES TRAMO: PRIMER CABILDO - JUAN NUÑEZ DE SEDEÑ,Unitario,1,1,Obra,1,0
285,274,PROYECTO EJECUTIVO DE LA PAVIMENTACION DE LAS CALLES: 1. LUCIO CABAÑAS TRAMO: 26 DE AGOSTO - 14 DE M,Unitario,1,1,Obra,1,0
286,275,PROYECTO EJECUTIVO DE LAS CALLES: 1. CAMINO VERDE TRAMO: TORITOS - RIVERA AZUL; 2. CAMPO ALEGRE TRAM,Unitario,1,1,Obra,1,0
287,276,PROYECTO EJECUTIVO DE LAS CALLES: 1. MADRE CELIA TRAMO: MADRE SIERRA - TOPAR CON BALDIO COL. DIEZ DE,Unitario,1,1,Obra,1,0
288,278,PROYECTO EJECUTIVO DE LAS CALLES: 1. LAURO VILLEGAS TRAMO: BLVD. MARIANO ESCOBEDO A BLVD. LE ON II C,Unitario,1,1,Obra,1,0
289,279,PROYECTO EJECUTIVO DE LAS CALLES: 1. SAN JOSE DE MAIPO TRAMO: SAN JOSE DE ITURBIDE - SAN JOSE DEL CA,Unitario,1,1,Obra,1,0
290,280,PROYECTO EJECUTIVO DE LAS CALLES: 1. PRESA DEL CONSUELO TRAMO: PRESA LA SELVA - CANAL DE SARDANETA;,Unitario,1,1,Obra,1,0
291,286,AFOROS VEHICULARES AUTOMATICOS Y EN ESTACIONES MAESTRAS AL SUR - ORIENTE EN LA RED VIAL DEL MUNICIPI,Unitario,1,1,Obra,1,0
292,282,MANTENIMIENTO URBANO EN ZONA CENTRO DE LA CIUDAD Y CONSTRUCCIÓN DE BASES PARA C4 ZONA CENTRO Y VARIA,Unitario,1,1,Obra,1,0
293,309,ADECUACION DE IMAGEN INSTITUCIONAL DEL CENTRO DE DESARROLLO COMUNITARIO LOMAS DE MEDINA; ADECUACION,Unitario,1,1,Obra,1,0
294,293,DESMONTAJE Y MONTAJE DE AULAS MÓVILES EN LA ESCUELA SECUNDARIA ANEXA A LA NORMAL UBICADA PRIVADA MAR,Unitario,1,1,Obra,1,0
295,264,PAVIMENTACION DE LA CALLE SAN JORGE TRAMO: BLVD. HIDALGO - ARROYO COL. SAN JAVIER,Unitario,1,1,Obra,1,0
296,301,COLOCACIÓN DE MÓDULOS DE PROTECCIÓN EN VARIOS BULEVARES DE LA CIUDAD,Unitario,1,1,Obra,1,0
297,302,REMODELACIÓN DE SALON DE USOS MULTIPLES EN CEPOL PONIENTE UBICACIÓN BLVD. JUAN ALONSO DE TORRES S/N,Unitario,1,1,Obra,1,0
298,299,PAVIMENTACION DE LA CALLE VALLE DE SANTIAGO TRAMO: VALLE DE CASTELLALBO A BLVD. TIMOTEO LOZANO COL.,Unitario,1,1,Obra,1,0
299,291,PAVIMENTACION DE LA CALLE ESTHER V. VILLEGAS TRAMO: VICENTE GONZALEZ DEL CASTILLO A ROSA MARIA GUTIE,Unitario,1,1,Obra,1,0
300,292,PAVIMENTACION DE LA CALLE IRLANDA TRAMO: ISLAS A TORIBIO ESQUIVEL COL. CIUDAD SATELITE,Unitario,1,1,Obra,1,0
301,290,REHABILITACION DE LOS PAVIMENTOS DE LA LATERAL DEL BLVD. MORELOS TRAMO: BLVD. CLOUTHIER - BLVD. GÓME,Unitario,1,1,Obra,1,0
302,294,"ELIMINACION DE GRAFITIS EN LA ZONA CENTRO, ZONAS HISTORICAS, BLVD. LOPEZ MATEOS, DISTRIBUIDOR VIAL Y",Unitario,1,1,Obra,1,0
303,308,"ACONDICIONAMIENTO, EQUIPAMIENTO Y REMODELACIÓN PARA BIBLIOTECA Y MUSEO DE ARTE SACRO DE LEÓN, GTO.",Unitario,1,1,Obra,1,0
304,311,"PAVIMENTACIÓN DE LA CALLE APODACA, TRAMO: ARTÍCULO DE FE A VILLALDAMA, COL. NUEVO LEÓN.",Unitario,1,1,Obra,1,0
305,313,PAVIMENTACION DE LA CALLE FUERTE DE LOS REMEDIOS TRAMO: JUPITER A CALLE UNO ORIENTE COL. VILLA INSUR,Unitario,1,1,Obra,1,0
306,315,CONSTRUCCION DE 252 OSARIOS EN PANTEON MUNICIPAL NORTE,Unitario,1,1,Obra,1,0
307,316,REHABILITACION DE BAÑOS EN ESCUELA PRIMARIA JOSE MA. MORELOS Y PAVÓN CALLE 26 DE AGOSTO NO. 1003 COL,Unitario,1,1,Obra,1,0
308,285,PROYECTO: AFOROS VEHICULARES EN LA INFRAESTRUCTURA VIAL EN ZONA CENTRO Y NORTE - PONIENTE EN EL MUNI,Unitario,1,1,Obra,1,0
309,269,LABORATORIO VERIFICADOR DE OBRA 2014 PAQUETE 3,Unitario,1,1,Obra,1,0
310,324,"REVESTIMIENTO DE CAMINOS DE LAS COMUNIDADES SAN JUAN DE OTATES, DUARTE, ALFARO Y LA LABORCITA MUNICI",Unitario,1,1,Obra,1,0
311,310,CONSTRUCCION DE PLAZUELA DE MARICHES CALLE OVIEDO ESQ. HIERRO COL. PILETAS,Unitario,1,1,Obra,1,0
312,287,PROYECTO EJECUTIVO DEL BLVD. BALCONES DE LA JOYA TRAMO: BLVD. REFUGIO DE ROSAS A LA CALLE FLORENCIO,Unitario,1,1,Obra,1,0
313,317,ILUMINACION PARA EL TEMPLO EXPIATORIO,Unitario,1,1,Obra,1,0
314,322,"REVESTIMIENTOS DE CAMINOS DE LAS COMUNIDADES DE VAQUERIA, EL VENADITO, CANELAS Y EL DERRAMADERO MUNI",Unitario,1,1,Obra,1,0
315,328,"PROYECTOS ARQUITECTONICOS DE PARQUES DE LA SALUD, UBICADOS EN VARIAS COLONIAS: VALLE DELTA, HACIENDA",Unitario,1,1,Obra,1,0
316,319,PAVIMENTACION DEL BLVD. TIMOTEO LOZANO TRAMO: DEL BLVD. ATOTONILCO AL TAJO DE SANTA ANA (1RA ETAPA),Unitario,1,1,Obra,1,0
317,321,CONSTRUCCION DE ESPACIO DEPORTIVO EN CENTRO COMUNITARIO SAN NICOLAS DE LOS GONZALEZ 1RA. ETAPA,Unitario,1,1,Obra,1,0
318,320,INFRAESTRUCTURA DEL CENTRO COMUNITARIO SAN NICOLAS DE LOS GONZALEZ EN EL MUNICIPIO DE LEON,Unitario,1,1,Obra,1,0
319,307,RUTA DEL PEATON JOSEFA ORTIZ DE DOMINGUEZ,Unitario,1,1,Obra,1,0
320,306,CONST. BLVD. LAS JOYAS (TRAMO BLVD. CALCOPIRITA - D.D.V. CARR. LEÓN - AGS) ENTRONQUE BLVD. LAS JOYAS,Unitario,1,1,Obra,1,0
321,326,PROYECTO EJECUTIVO DE VIALIDADES LATERALES DEL BLVD. PASEO DE LOS INSURGENTES TRAMO: BLVD. MORELOS A,Unitario,1,1,Obra,1,0
322,327,ADECUACION DE PROYECTO EJECUTIVO PARA DISTRIBUIDOR VIAL EN LA INTERSECCIÓN DEL BLVD. JOSE MA. MORELO,Unitario,1,1,Obra,1,0
323,325,"ANALISIS DE COSTO A BENEFICIO PARA EL PROGRAMA DE MANTENIMIENTO, REPARACIÓN, REHABILITACIÓN Y CONSER",Unitario,1,1,Obra,1,0
324,323,"REVESTIMIENTO DE CAMINOS DE LAS COMUNIDADES BARBOSA, BUENOS AIRES, EL CAPULIN Y RINCON GRANDE MUNICI",Unitario,1,1,Obra,1,0
325,314,OBRAS DE LIMPIEZA Y MANTENIMIENTO EN EL ARROYO LA TINAJA,Unitario,1,1,Obra,1,0
326,339,PROYECTO EJECUTIVO DE LA INTERSECCIÓN DEL BLVD. PASEO DE LOS INSURGENTES CON BLVD. PASEO DEL MORAL,Unitario,1,1,Obra,1,0
327,318,CONSTRUCCION DE AREA PROVISIONAL PARA MERCADO LA ESPERANZA UBICACIÓN CALLE VALLE DE SAN JUAN ESQ. VA,Unitario,1,1,Obra,1,0
328,329,PAVIMENTACION DEL CUERPO LATERAL SUR DEL BLVD. JOSÉ MARÍA MORELOS COLINDANTE AL FRACC. JARDINES DEL,Unitario,1,1,Obra,1,0
329,330,RIEGO DE SELLO EN LA VIALIDAD DEL TERCER NIVEL DEL DISTRIBUIDOR VIAL JUAN PABLO II,Unitario,1,1,Obra,1,0
330,331,REVESTIMIENTO DEL CAMINO DE ACCESO AL INSTITUTO POLITECNICO NACIONAL TRAMO: DE BLVD. ARISTOTELES A I,Unitario,1,1,Obra,1,0
331,333,INSTALACION DE ALUMBRADO PUBLICO EN AV. MIGUEL ALEMAN Y PROLG. CERRO GORDO,Unitario,1,1,Obra,1,0
332,334,OBRAS DE ALUMBRADO PUBLICO MEDIANTE EL PROGRAMA MOVILIDAD SEGURA SUBSEMUN 2014,Unitario,1,1,Obra,1,0
333,335,INSTALACION DE ALUMBRADO PUBLICO EN EL BLVD. ADOLFO LOPEZ MATEOS Y LA CALLE MADERO,Unitario,1,1,Obra,1,0
334,332,"DEMOLICIÓN DE EDIFICACIONES UBICADAS EN MALECON DEL RÍO Y CRUZ DE CANTERA, COL. SANTA FE",Unitario,1,1,Obra,1,0
335,336,REHABILITACION DE BANQUETAS EN EL CETIS 21,Unitario,1,1,Obra,1,0
336,337,TRABAJOS COMPLEMENTARIOS DE CONSTRUCCION DE CASA DEL ADOLESCENTE (1RA. ETAPA),Unitario,1,1,Obra,1,0
337,338,ESTUDIOS DE GESTIONES AMBIENTALES PARA PROYECTOS EJECUTIVOS EXISTENTES,Unitario,1,1,Obra,1,0
338,341,RETIRO DE GRAFFITIS EN VARIOS PUNTOS DE LA CIUDAD 1ER. PAQUETE,Unitario,1,1,Obra,1,0
339,342,"IMPLEMENTACIÓN DE LA CICLOVIA, AMPLIACIÓN DE BANQUETA Y LA MODIFICACIÓN DE CARRILES VEHICULARES EN E",Unitario,1,1,Obra,1,0
340,340,"TRABAJOS COMPLEMENTARIOS DEL PROYECTO EJECUTIVO DE BLVD. CERVANTES SAAVEDRA, TRAMO: DE BLVD. HERMANO",Unitario,1,1,Obra,1,0
341,14313,PAVIMENTACION DE LA CALLE FUERTE DE LOS REMEDIOS TRAMO: JUPITER A CALLE UNO ORIENTE COL. VILLA INSUR,Unitario,1,1,Obra,1,0
342,14219,REMODELACION DE AUDITORIO DE BASQUETBOL EN LA UNIDAD DEPORTIVA ENRIQUE FERNANDEZ MARTINEZ,Unitario,1,1,Obra,1,0
343,14193,INFRAESTRUCTURA SOCIAL DEPORTIVA REMODELACION DE 9 CANCHAS DE BASQUETBOL EN LA UNIDAD DEPORTIVA ENRI,Unitario,1,1,Obra,1,0
344,16315,AMPLIACIÓN DEL SISTEMA INTEGRADO DE TRANSPORTE DE LEÓN (SIT OPTIBÚS) 3RA. ETAPA TERMINAL MARAVILLAS,Unitario,1,1,Obra,1,0
345,15046,"PAVIMENTACION DE LOS CUERPOS CENTRALES DEL BULEVAR INSURGENTES, TRAMO: DE PASEOS DEL SOL A BULEVAR C",Unitario,1,1,Obra,1,0
346,1137,CONSTRUCCION BLVD. LAS JOYAS (TRAMO: BLVD. CALCOPIRITA - D.D.V.CARR. LEON - AGS.) (PAVIMENTACION DE,Unitario,1,1,Obra,1,0
347,22815,CONST. BLVD. LAS JOYAS (TRAMO: BLVD. CALCOPIRITA - D.D.V. CARR. LEON - AGS) PAV. BLVD. LAS JOYAS (TR,Unitario,1,1,Obra,1,0
348,14616,PAVIMENTACION DEL BLVD. CALIOPE TRAMO: BLVD. ARISTOTELES - CAD 0+700.00,Unitario,1,1,Obra,1,0
349,26516,"PAVIMENTACION DE LA CALLE MADRE GLORIA TRAMO: MADRE MARINA - MADRE SIERRA, COL. DIEZ DE MAYO",Unitario,1,1,Obra,1,0
350,31916,PAVIMENTACION DEL BLVD. TIMOTEO LOZANO TRAMO: DEL BLVD. ATOTONILCO AL TAJO DE SANTA ANA (1RA ETAPA),Unitario,1,1,Obra,1,0
351,30616,CONST. BLVD. LAS JOYAS (TRAMO BLVD. CALCOPIRITA - D.D.V. CARR. LEÓN - AGS) ENTRONQUE BLVD. LAS JOYAS,Unitario,1,1,Obra,1,0
352,0319 ESCALATORIA,PAVIMENTACIÓN BLVD. TIMOTEO LOZANO TRAMO: DEL BLVD. ATOTONILCO AL TAJO DE SANTA ANA,Unitario,1,1,Obra,1,0
353,0210 ESCALATORIAS,PLAN DE MODERNIZACIÓN MERCADO LA ESPERANZA,Unitario,1,1,Obra,1,0
354,0001-ESC,PLAN DE MODERNIZACIÓN DEL MERCADO EX ESTACIONAMIENTO COMONFORT,Unitario,1,1,Obra,1,0
355,0186 A.I.,BLVD.  BALCONES DE LA JOYA  (TRAMO: BLVD. ARISTOTELES CALLE CAOLINITA),Unitario,1,1,Obra,1,0
356,0226 A.I.,CONST. BLVD. LAS JOYAS (TRAMO: BLVD. CALCOPIRITA - D. D. V. CARR. LEÓN - AGS.) PAV. BLVD. LAS JOYAS (TRAMO: BLVD. CALCOPIRITA - A BLVD. BALCONES DE LA JOYA 2DA ETAPA),Unitario,1,1,Obra,1,0
357,0228 A.I.,CONST. BLVD. LAS JOYAS (TRAMO: BLVD. CALCOPIRITA-D.D.V. CARR. LEON-AGS) PAV. BLVD. LAS JOYAS (TRAMO: BLVD. BALCONES DE LA JOYA A BLVD. MALPASO 3a. ETAPA),Unitario,1,1,Obra,1,0
358,210-AJ. ESC,PLAN DE MODERNIZACIÓN MERCADO LA ESPERANZA,Unitario,1,1,Obra,1,0
359,0210-AJ. ESC,PLAN DE MODERNIZACIÓN MERCADO LA ESPERANZA,Unitario,1,1,Obra,1,0
