﻿Id_Obra,Clave_Obra,Nombre,Tipo_Precio,Id_Sub_Programa,Id_Localidad,Tipo_Obra_Proyecto,Id_Sub_Tipo_Obra,Id_Oficio_Asignacion_Obra
1,1,PAVIMENTACION DE LA CALLE CAMINO ALFARO SEGUNDA ETAPA TRAMO: BLVD. VICENTE VALTIERRA A TOPAR CON PAV,Unitario,1,1,Obra,1,0
2,2,TRABAJOS COMPLEMENTARIOS EN LA CORRECCION DEL TALUD FRENTE AL FRACC. LOMAS DEL REFUGIO BLVD. PROLONG,Unitario,1,1,Obra,1,0
3,3,LEVANTAMIENTO PARA EL PROYECTO DE REMODELACION DEL MERCADO CARRO VERDE EN LA ZONA DE FONDAS LEON,Unitario,1,1,Obra,1,0
4,18,ADECUACION DE BIBLIOTECA DEL CECYTEG PLANTEL LEON,Unitario,1,1,Obra,1,0
5,4,REHABILITACION DE LOS CAMINOS INTERNOS DEL ZOOLÓGICO LEÓN,Unitario,1,1,Obra,1,0
6,6,REHABILITACION DE LOS PAVIMENTOS DEL BLVD. HIDALGO TRAMO: DE BLVD. MARIA MORELOS A SALIDA SAN FELIPE,Unitario,1,1,Obra,1,0
7,7,"CONSTRUCCION DE PAVIMENTO HIDRAULICO, GUARNICION Y BANQUETAS EN DIFERENTES CALLES DE LA CIUDAD LEO",Unitario,1,1,Obra,1,0
8,8,BLVD. DELTA TRAMO DE BLVD. AEROPUERTO A BLVD. TIMOTEO LOZANO (NOVENA ETAPA - B TRAMO DE BLVD. RIO MA,Unitario,1,1,Obra,1,0
9,13,SEMAFORIZACION Y SEÑALAMIENTO HORIZONTAL Y VERTICAL DE LA INTERSECCION A NIVEL DEL BLVD. JOSE MARIA,Unitario,1,1,Obra,1,0
10,15,PROYECTO EJECUTIVO DE PAVIMENTACION DE LAS CALLES: RIO TONALA TRAMO: RIO GUANAJUATO - RIO TECOLUTLA;,Unitario,1,1,Obra,1,0
11,16,PAVIMENTACION DE LA CALLE PURUANDIRO TRAMO: MALECON DEL RIO - CALLE PUREPERO COL. MICHOACAN,Unitario,1,1,Obra,1,0
12,17,CENTRO DE SEGURIDAD MUNICIPAL Y DELEGACIONAL (AULAS A DISTANCIA T STAND DE TIRO VIRTUAL),Unitario,1,1,Obra,1,0
13,5,BLVD. DELTA TRAMO DE BLVD. AEROPUERTO A BLVD. TIMOTEO LOZANO (NOVENA ETAPA - A BLVD. AEROPUERTO A BL,Unitario,1,1,Obra,1,0
14,27,REHABILITACION DEL CAMINO SAN JOSE DE LOS SAPOS A EL PEDREGOSO LEON,Unitario,1,1,Obra,1,0
15,0,PAVIMENTACION DE LA CALLE REPUBLICA DE PARAGUAY TRAMO: JALISCO - PAV. EXISTENTE COL. OBRERA,Unitario,1,1,Obra,1,0
16,11,PAVIMENTACION DE LA CALLE REPUBLICA DE PARAGUAY TRAMO: JALISCO - PAV. EXISTENTE COL. OBRERA,Unitario,1,1,Obra,1,0
17,12,PROYECTO EJECUTIVO DE MODERNIZACION Y REHABILITACION DEL MERCADO CARRO VERDE LEON,Unitario,1,1,Obra,1,0
18,19,INTERVENCION DE FACHADAS DE PORTAL GUERRERO TRAMO: DE CALLE BENITO JUAREZ A PINO SUAREZ CENTRO HISTO,Unitario,1,1,Obra,1,0
19,20,REHABILITACION DE MURO EN ESTACIONAMIENTO FUNDADORES LEON,Unitario,1,1,Obra,1,0
20,21,REHABILITACION DE LOS PAVIMENTOS DE LA AV. NICARAGUA TRAMO: DE BLVD ALGEC IRAS A CALLE YUCATAN LEON,Unitario,1,1,Obra,1,0
21,24,REHABILITACION DE LOS PAVIMENTOS DEL BLVD. CERRO GORDO TRAMO: DE BLVD. CLOUTHIER A BLVD. SANABRIA LE,Unitario,1,1,Obra,1,0
22,25,SUMINISTRO E INSTALACION DE 200 LUMINARIAS CON TECNOLOGIA DE LED DE 120 W EN LA ZONA NORTE DE LA CIU,Unitario,1,1,Obra,1,0
23,28,TRABAJOS COMPLEMENTARIOS EN EL MERCADO REVOLUCION LEON,Unitario,1,1,Obra,1,0
24,30,REVESTIMIENTO DEL CAMINO EN LA COMUNIDAD DEL TERRENO LEON,Unitario,1,1,Obra,1,0
25,32,DICTAMEN ESTRUCTURAL DEL EDIFICIO HOSPITAL REGIONAL DE LEON,Unitario,1,1,Obra,1,0
26,22,REHABILITACION DE LOS PAVIMENTOS DE LA CALLE TANCITARO TRAMO: DE CALLE ZEUS A CALLE ZAMORA LEON,Unitario,1,1,Obra,1,0
27,34,CONSTRUCCION DEL CENTRO MULTIDISCIPLINARIO PARA LA ATENCION INTEGRAL DE LA VIOLENCIA 1ER ETAPA,Unitario,1,1,Obra,1,0
28,40,MANTENIMIENTO Y REPARACIONES EN EL EDIFICIO DE LA DIRECCION DE OBRA PUBLICA. LEON,Unitario,1,1,Obra,1,0
29,14,PAVIMENTACION DE LA CALLE 2DA. PRIVADA BUENOS AIRES TRAMO: BUENOS AIRES A TOPAR COL. SAN NICOLAS,Unitario,1,1,Obra,1,0
30,23,REHABILITACION DE LOS PAVIMENTOS DE LOS CUERPOS LATERALES DEL BLVD. MARIANO ESCOBEDO TRAMO: DE AV. J,Unitario,1,1,Obra,1,0
31,43,TRABAJOS DE PINTURA EN ESCUELA PRIMARIA HERMANOS ALDAMA ENTRE CALLE IRAPUATO Y EL BLVD. SAN JUAN BOS,Unitario,1,1,Obra,1,0
32,29,CONSTRUCCION DE BAÑOS Y BARDA PERIMETRAL EN EL JARDIN DE NIÑOS JOSE JOAQUIN FERNANDEZ DE LIZARDI EN,Unitario,1,1,Obra,1,0
33,31,REHABILITACION DE FACHADAS EN EL PORTAL GUERRERO TRAMO: LADO NORTE DEL PORTAL PADILLA ZONA CENTRO,Unitario,1,1,Obra,1,0
34,33,LEVANTAMIENTO TOPOGRAFICO DE PREDIO PARQUE METROPOLITANO ORIENTE ALBARRADONES LEON,Unitario,1,1,Obra,1,0
35,36,PROYECTO EJECUTIVO DE LAS CALLES: PLAZA DEL PEÑON TRAMO: CERDEÑA - CUMBRES COL. PARQUE MANZANARES; C,Unitario,1,1,Obra,1,0
36,37,CALAFATEO DE JUNTAS Y GRIETAS DE LA CALLE MANUEL DE AUSTRI. LEON,Unitario,1,1,Obra,1,0
37,38,CALAFATEO DE JUNTAS Y GRIETAS EN LA COLONIA LOMAS DE JEREZ. LEON,Unitario,1,1,Obra,1,0
38,42,INSTALACION DE CUATRO REDUCTORES DE VELOCIDAD (TOPES DE PLASTICO) EN DIFERENTES UBICACIONES DE LAS C,Unitario,1,1,Obra,1,0
39,35,PROYECTO EJECUTIVO DE LAS CALLES: MADRE LORETO TRAMO: BALDIO - BALDIO; MADRE ISABEL TRAMO: MADRE MAR,Unitario,1,1,Obra,1,0
40,41,PROYECTO TIPO DE SALON COMUNITARIO Y ADECUACION DE PROYECTO TIPO SALON COMUNITARIO EN TERRENOS DE LA,Unitario,1,1,Obra,1,0
41,44,TRABAJOS COMPLEMENTARIOS EN LA OBRA PAVIMENTACION DE LA CALLE AGRICULTOR TRAMO: DE CALLE CERRO DEL C,Unitario,1,1,Obra,1,0
42,9,PAVIMENTACION CUERPOS LATERALES BLVD. JOSE MARIA MORELOS INTERSECCION BLVD. IBARRILLA DE CAD. 0+000,Unitario,1,1,Obra,1,0
43,71,"OBRA ESCULTORICA DENOMINADA ""MURAL DE LOS MARTIRES DEL 02 DE ENERO"" LEON",Unitario,1,1,Obra,1,0
44,46,TRABAJOS COMPLEMENTARIOS EN PARQUE AGUA AZUL Y PARQUE MARICHES. LEON,Unitario,1,1,Obra,1,0
45,39,RESTAURACION DE LOS MONUMENTOS: MONUMENTO A LA FUNDACION; MONUMENTO A VALLE DE SEÑORA Y MONUMENTO A,Unitario,1,1,Obra,1,0
46,45,PROYECTO EJECUTIVO DE LA ESTACION DE BOMBEROS NO. 8 EN CALLE CAOS Y BLVD. CLOTO EN LA COL. ERMITA,Unitario,1,1,Obra,1,0
47,65,"MANTENIMIENTO ZONAS REFORESTADAS ARBOLIMETRO. LEON, GTO.",Unitario,1,1,Obra,1,0
48,69,"MANTENIMIENTO INTEGRAL DE PARQUES Y JARDINES PARA LAS ZONAS URBANAS IX LEON, GTO.",Unitario,1,1,Obra,1,0
49,54,"MANTENIMIENTO INTEGRAL DE PARQUES Y JARDINES PARA LAS ZONAS URBANAS VII, XIII Y MANTENIMIENTO INT. D",Unitario,1,1,Obra,1,0
50,58,MANTENIMIENTO INTEGRAL DE PARQUES Y JARDINES PARA LA ZONA URBANA XII Y MANTENIMIENTO EN MALECON D,Unitario,1,1,Obra,1,0
51,59,MANTENIMIENTO INTEGRAL DE PARQUES Y JARDINES PARA LAS ZONAS URBANAS XIV Y MANTENIMIENTO DEL BLVD. AE,Unitario,1,1,Obra,1,0
52,62,"MANTENIMIENTO INTEGRAL DE PARQUES Y JARDINES EN COMUDE LEON, GTO.",Unitario,1,1,Obra,1,0
53,63,MANTENIMIENTO PREVENTIVO Y CORRECTIVO DE FUENTES EN VARIAS PARTES DE LA CIUDAD,Unitario,1,1,Obra,1,0
54,48,"MANTENIMIENTO INTEGRAL DE PARQUES Y JARDINES PARA LAS ZONAS URBANAS I Y II LEON, GTO.",Unitario,1,1,Obra,1,0
55,56,"MANTENIMIENTO INTEGRAL DE PARQUES Y JARDINES PARA LA ZONA URBANA X LEON, GTO.",Unitario,1,1,Obra,1,0
56,64,MANTENIMIENTO INTEGRAL DE PARQUES Y JARDINES DE PLAZAS RURALES.,Unitario,1,1,Obra,1,0
57,61,"MANTENIMIENTO PREVENTIVO DE ARBOLES ZONA CENTRO, LEON",Unitario,1,1,Obra,1,0
58,49,"MANTENIMIENTO INTEGRAL DE PARQUES Y JARDINES PARA LA ZONA URBANA III LEON, GTO.",Unitario,1,1,Obra,1,0
59,68,"MANTENIMIENTO PREVENTIVO DE ARBOLES ZONA NORTE, LEON.",Unitario,1,1,Obra,1,0
60,73,CONSTRUCCION DE CICLOVIA EN BLVD. JUAN ALONSO DE TORRES Y AV. UNIVERSIDAD TRAMO: DE BLVD. SANABRIA A,Unitario,1,1,Obra,1,0
61,75,EJE METROPOLITANO LEON - SILAO (TRAMO BLVD. JOSE MARIA MORELOS - BLVD. DELTA) PAVIMENTACION CUERPOS,Unitario,1,1,Obra,1,0
62,72,REHABILITACION DE BASE PARA PAVIMENTO ASFALTICO EN ACCESO PRINCIPAL TRAMO: RIO DE LOS GOMEZ ESQ. CAL,Unitario,1,1,Obra,1,0
63,81,"LIMPIEZA, DESAZOLVE Y REPARACION DE ELEMENTOS ESTRUCTURALES DE CONCRETO Y METALICOS EN LOS ARROYOS:",Unitario,1,1,Obra,1,0
64,84,REHABILITACION DE LOS PAVIMENTOS DEL BLVD. VASCO DE QUIROGA TRAMO: DE LOS PIRULES A BRAVOS DE ATLANT,Unitario,1,1,Obra,1,0
65,87,PAVIMENTACION DE LA CALLE 2DO. ANDADOR HUIMILPAN TRAMO: CALLE HUIMILPAN A MAYAGUEZ COL. EL PALOTE,Unitario,1,1,Obra,1,0
66,89,MOBILIARIO URBANO PARA LA REACTIVACION DEL CORREDOR LOPEZ MATEOS TRAMO: HERMANOS ALDAMA A AV. MIGUEL,Unitario,1,1,Obra,1,0
67,52,MANTENIMIENTO INTEGRAL DE PARQUES Y JARDINES PARA LA ZONA URBANA IV Y MANTENIMIENTO PREVENTIVO DE AR,Unitario,1,1,Obra,1,0
68,91,DEMOLICION DE CIMENTACION MERCADO COMONFORT. LEON,Unitario,1,1,Obra,1,0
69,53,"MANTENIMIENTO INTEGRAL DE PARQUES Y JARDINES PARA LA ZONA URBANA VI. LEON, GTO.",Unitario,1,1,Obra,1,0
70,57,"MANTENIMIENTO INTEGRAL DE PARQUES Y JARDINES PARA LAS ZONAS URBANAS XI LEON, GTO.",Unitario,1,1,Obra,1,0
71,67,"MANTENIMIENTO INTEGRAL DE PARQUES Y JARDINES PARA LA ZONA URBANA XV LEON, GTO.",Unitario,1,1,Obra,1,0
72,66,"MANTENIMIENTO INTEGRAL DE PARQUES Y JARDINES MEJORA DE PLAZAS EN ZONA URBANA PAQ. 2 LEON, GTO.",Unitario,1,1,Obra,1,0
73,47,PAVIMENTACION CALLE CEDRO TRAMO:  CANELO - GUTY CARDENAS COL. ARBOLEDAS DE INFONAVIT,Unitario,1,1,Obra,1,0
74,26,PAVIMENTACION DE LA CALLE LAUREL Y DE LA CALLE MANZANILLA TRAMO: DE LA MORA A MANZANILLA Y DE PAV. E,Unitario,1,1,Obra,1,0
75,74,PAVIMENTACION CALLE METIS TRAMO: EROS A BLVD. CLOTO COL. ERMITA,Unitario,1,1,Obra,1,0
76,50,PROYECTO EJECUTIVO DE PUENTE CENTRAL (2) Y CUERPOS LATERALES (2) EN EL BLVD. JOSE MARIA MORELOS ENTR,Unitario,1,1,Obra,1,0
77,51,PROYECTO EJECUTIVO DE MALECON DEL RIO TRAMO: DE BLVD. MARIANO ESCOBEDO A BLVD. HERMANOS ALDAMA LEON,Unitario,1,1,Obra,1,0
78,60,"MANTENIMIENTO INTEGRAL DE PARQUES Y JARDINES OFICINAS MUNICIPALES LEON, GTO.",Unitario,1,1,Obra,1,0
79,76,PROYECTO EJECUTIVO DE BLVD. MIGUEL DE CERVANTES SAAVEDRA TRAMO: DE BLVD. HERMANOS ALDAMA A BLVD. TOR,Unitario,1,1,Obra,1,0
80,77,PROYECTO EJECUTIVO DE REHABILITACION DEL CENTRO GERONTOLOGICO EN SAN JUAN DE DIOS LEON,Unitario,1,1,Obra,1,0
81,79,LIMPIEZA Y DESAZOLVE Y REPARACION DE ELEMENTOS ESTRUCTURALES DE CONCRETO Y METALICOS EN LOS ARROYOS,Unitario,1,1,Obra,1,0
82,80,TRABAJOS DE REFORZAMIENTO DE BORDOS EN RIO TURBIO PUERTA DE SAN GERMAN; TRABAJOS DE REFORZAMIENTO DE,Unitario,1,1,Obra,1,0
83,82,CALAFATEO DE JUNTAS Y GRIETAS EN LA AV. MIGUEL DE CERVANTES SAAVEDRA. LEON,Unitario,1,1,Obra,1,0
84,83,REHABILITACION DE LOS PAVIMENTOS DEL BLVD. VICENTE VALTIERRA TRAMO: DE BLVD. FRANCISCO VILLA A BLVD.,Unitario,1,1,Obra,1,0
85,85,REHABILITACION DE LOS PAVIMENTOS DE LA CALLE RIO MAYO TRAMO: DE BLVD. PASEO DE JEREZ A BLVD. OMEGA L,Unitario,1,1,Obra,1,0
86,88,MEJORAMIENTO DE LOS CRUCES DE LA CICLOVIA EN LA GLORIETA DEL BLVD. JUAN ALONSO DE TORRES CON EL BLVD,Unitario,1,1,Obra,1,0
87,90,LA SUPERVISION DE OBRA EN FINCAS DE LA ZONA CENTRO,Unitario,1,1,Obra,1,0
88,92,PAVIMENTACION DE LA CALLE CALAFIA TRAMO: DE LA BAYA A SARMIENTO COL. SAN JOSE EL ALTO,Unitario,1,1,Obra,1,0
89,96,REHABILITACION DE LOS PAVIMENTOS DE LA CALLE ESTAMBUL TRAMO: DE BLVD. SATURNO A BLVD. VICENTE VALTIE,Unitario,1,1,Obra,1,0
90,97,REHABILITACION DE LOS PAVIMENTOS DE LA CALLE MADRE TIERRA TRAMO: DE RIO MAYO A BLVD. TIMOTEO LOZANO,Unitario,1,1,Obra,1,0
91,105,"CONSTRUCCION DE VADO EN LA COMUNIDAD DE GUANAJUATITO, CONSTRUCCION DE VADO EN LA COMUNIDAD DE EL CAP",Unitario,1,1,Obra,1,0
92,106,PAVIMENTACION DE LA CALLE JIQUILPAN TRAMO: DE LA CALLE ZITACUARO A PAV. EXISTENTE COL. SAN AGUSTIN,Unitario,1,1,Obra,1,0
93,101,RETIRO DE ESCULTURA AL CURTIDOR GLORIETA BLVD. TORRES LANDA Y BLVD. HERMANOS ALDAMA LEON,Unitario,1,1,Obra,1,0
94,99,CALAFATEO DE JUNTAS Y GRIETAS DEL BLVD. A. LOPEZ MATEOS TRAMO: DE BLVD. FRANCISCO VILLA A CALLE MERI,Unitario,1,1,Obra,1,0
95,95,REHABILITACION DE LOS PAVIMENTOS DE LA CALLE CERRO DEL GIGANTE TRAMO: DE BLVD. OMEGA A DELTA; REHABI,Unitario,1,1,Obra,1,0
96,70,"MANTENIMIENTO INTEGRAL DE PARQUES Y JARDINES PARA LAS ZONAS URBANAS: V, XVI Y XVII LEON, GTO.",Unitario,1,1,Obra,1,0
97,107,REACTIVACION DEL CORREDOR LOPEZ MATEOS 2DA. ETAPA TRAMO: HIDALGO - AV. MIGUEL ALEMAN ZONA CENTRO,Unitario,1,1,Obra,1,0
98,109,PAVIMENTACION DE LA CALLE ROMUALDO MARMOLEJO TRAMO: DE STO. TOMAS DE AQUINO A RAFAEL CORRALES AYALA,Unitario,1,1,Obra,1,0
99,103,PAVIMENTACION CALLE METIS TRAMO: BLVD. CLOTO A PAVIMENTO EXISTENTE COL. LA ERMITA,Unitario,1,1,Obra,1,0
100,102,PAVIMENTACION DE LA CALLE MARTIN MUÑOZ TRAMO: DE BLVD. MARIANO ESCOBEDO A JOSEFINA CAMARENA COL. LEO,Unitario,1,1,Obra,1,0
101,104,PROYECTO EJECUTIVO DE LAS CALLES: AGUA NUEVA TODO EL TRAMO COL. VALLE DE SAN BERNARDO; PARQUE VIA TR,Unitario,1,1,Obra,1,0
102,111,PAVIMENTACION DE LA CALLE CLORO TRAMO: DE POTASIO - AND. MARIA CURIE COL. VALLE DE SEÑORA,Unitario,1,1,Obra,1,0
103,114,PAVIMENTACION DE LA CALLE COBRE TRAMO: BLVD. HERMENEGILDO BUSTOS A BLVD. HIDALGO COL. VILLAS DE ECHE,Unitario,1,1,Obra,1,0
104,78,LIMPIEZA Y DESAZOLVE DE LOS CANALES DE LA COMUNIDAD Y EL EJIDO PUERTA DE SAN GERMAN Y LIMPIEZA Y DES,Unitario,1,1,Obra,1,0
105,118,REHABILITACION DE LOS PAVIMENTOS DEL CUERPO SUR DEL BLVD. AEROPUERTO INTERSECCION CON AV. ATOTONILCO,Unitario,1,1,Obra,1,0
106,142,RUTA DEL PEATON CENTRO HISTORICO BARRIO - ARRIBA - CALVARIO (CALLE CONSTANCIA DE CALLE ALFARO A AQ,Unitario,1,1,Obra,1,0
107,126,PROYECTO EJECUTIVO DE LAS CALLES: GRANITO TRAMO: DEL VALLE - DERDEÑA; CALLE TIERRA TRAMO: CANTIL - C,Unitario,1,1,Obra,1,0
108,110,"LIMPIEZA, DESAZOLVE Y REPARACION DE ELEMENTOS ESTRUCTURALES EN LOS ARROYOS: EL POTRERO, EL GRANIZO,",Unitario,1,1,Obra,1,0
109,120,PAVIMENTACION DE LA CALLE MESAS DE LA VIRGEN TRAMO: DE PEÑON DE GIBRALTAR - CERRITO DE JEREZ COL. CE,Unitario,1,1,Obra,1,0
110,125,PROYECTO EJECUTIVO DE LAS CALLES: JOSE RAMON DE HOYOS TRAMO: DE PAULINO DURAN - FRANCISCO DE UREÑA;,Unitario,1,1,Obra,1,0
111,124,ELABORACIO DE BASE DE DATOS SISCOM 2011 - LEON,Unitario,1,1,Obra,1,0
112,143,CICLOVIA EN EL BLVD. IBARRILLA TRAMO: DE BLVD. JOSE MARIA MORELOS A ZOOLOGICO LEON,Unitario,1,1,Obra,1,0
113,135,GASA VUELTA DERECHA DEL BLVD. CLOUTHIER A BLVD. JOSE MARIA MORELOS. LEON,Unitario,1,1,Obra,1,0
114,122,PAVIMENTACION DE LA CALLE DE LA HACIENDA TRAMO: DE TIMOTEO LOZANO - DEL PARQUE COL. VILLAS DE LEON,Unitario,1,1,Obra,1,0
115,133,MEJORAMIENTO DE LOS CRUCES DE LA CICLOVIA EN LA GLORIETA DEL BLVD. JUAN ALONSO DE TORRES CON BLVD. M,Unitario,1,1,Obra,1,0
116,129,PROYECTO EJECUTIVO DE LAS CALLES: MANUEL M. PACHECO TRAMO DE ARTURO LOZANO - PAULINO DURAN; CALLE FR,Unitario,1,1,Obra,1,0
117,128,PROYECTO EJECUTIVO DE LAS CALLES: JEREZ DE NAVIA TRAMO: BLVD. DELTA - TINTO; CALLE JEREZ DE SANALONA,Unitario,1,1,Obra,1,0
118,127,PROYECTO EJECUTIVO DE LAS CALLES: JUNCO TRAMO: RIO DE LOS CASTILLOS - PASEO DE LA PRESA; CALLE BRICH,Unitario,1,1,Obra,1,0
119,134,REHABILITACION DE LOS PAVIMENTOS EN EL BLVD. TORRES LANDA TRAMO: DE CALLE MANUEL GONZALEZ A MAXIPIST,Unitario,1,1,Obra,1,0
120,121,PAVIMENTACION DE LA CALLE FEDRA TRAMO: DE BLVD. TELLEZ CRUCES - SALOMON COL. ARBOLEDAS DE SEÑORA,Unitario,1,1,Obra,1,0
121,138,PROYECTO EJECUTIVO DE LAS CALLES: PEDRO MIER TRAMO: BLVD. MARIANO ESCOBEDO - JOSEFINA CAMARENA; CALL,Unitario,1,1,Obra,1,0
122,123,PAVIMENTACION DE LA CALLE JUAN MORALES TRAMO: DE FRANCISCO Z. MENA - JOSE PEREZ MARAÑO COL. SAN JOSE,Unitario,1,1,Obra,1,0
123,139,PROYECTO EJECUTIVO DE PAVIMENTACION DE LAS CALLES: NEVADO DE COLIMA TRAMO: CHINCHONAL - HILARIO MEDI,Unitario,1,1,Obra,1,0
124,116,PROYECTO EJECUTIVO DE LA CALLE: HORIZONTE TRAMO: DE CONSTELACION BOREAL - TOPAR COL. MIRADOR CAMPEST,Unitario,1,1,Obra,1,0
125,117,RESTAURACION DEL EDIFICIO MONCADA ESQUINA 5 DE MAYO Y PORTAL ALDAMA CENTRO HISTORICO,Unitario,1,1,Obra,1,0
126,146,PAVIMENTACION DE LA CALLE DIENTE DE LEON TRAMO: DE BLVD. PASEO DE JEREZ - DALIAS COL. FRACCIONAMIENT,Unitario,1,1,Obra,1,0
127,144,RUTA DEL PEATON CENTRO HISTORICO BARRIO - ARRIBA - CALVARIO (CALLE 27 DE SEPTIEMBRE TRAMO: LOPEZ M,Unitario,1,1,Obra,1,0
128,149,PAVIMENTACION DE LA CALLE VALPARAISO TRAMO: DE CALLE SANTIAGO A AV. PORTO ALEGRE COL. LA CARMONA,Unitario,1,1,Obra,1,0
129,145,TRABAJOS COMPLEMENTARIOS EN PARQUE CAMPESTRE DE JEREZ. LEON,Unitario,1,1,Obra,1,0
130,148,PAVIMENTACION DE LA CALLE IGANACIO SALAS TRAMIO: DE SAN FRANCISCO DE ASIS A JUAN MORALES COL. SAN JO,Unitario,1,1,Obra,1,0
131,157,TRABAJOS DE ELECTRIFICACION Y RED DE ALUMBRADO PUBLICO PARA LA PLAZA DEL MUSICO (ANTES JARDIN MORELO,Unitario,1,1,Obra,1,0
132,150,REHABILITACION DE LOS PAVIMENTOS DE LA CIUDAD INFANTIL EN EL PARQUE METROPOLITANO,Unitario,1,1,Obra,1,0
133,156,"ESTUDIOS DE MECANICAS EN : ESC. PRIM. DR. PABLO GOMEZ DEL RIO, EN LA COL. URBIVILLA EN CALLE CAMPEST",Unitario,1,1,Obra,1,0
134,86,REHABILITACION DE LOS PAVIMENTOS DEL ACCESO A COMANDANCIA ORIENTE (CALLE HACIENDA DE SAN FRANCISCO L,Unitario,1,1,Obra,1,0
135,55,"MANTENIMIENTO INTEGRAL DE PARQUES Y JARDINES PARA LAS ZONAS URBANAS VIII LEON, GTO.",Unitario,1,1,Obra,1,0
136,98,REHABILITACION DE LOS PAVIMENTOS EN LA COLONIA SAN JUAN BOSCO. LEON,Unitario,1,1,Obra,1,0
137,93,REHABILITACION DE LOS PAVIMENTOS DEL BLVD. FRANCISCO VILLA TRAMO: DE BLVD. VICENTE VALTIERRA A REAL,Unitario,1,1,Obra,1,0
138,94,REHABILITACION DE LOS PAVIMENTOS DE LA CALLE DE LOS PIRULES TRAMO: DE BLVD. HILARIO MEDINA A BLVD. V,Unitario,1,1,Obra,1,0
139,100,REHABILITACION DE LOS PAVIMENTOS DE LA CALLE CONSTELACIONES (PROVINCIA DE SAN JUAN) TRAMO: DE OLIMPI,Unitario,1,1,Obra,1,0
140,108,PUENTE SOBRE ARROYO EL GRANIZO Y AV. TRANSPORTISTAS COL. EL PALOTE,Unitario,1,1,Obra,1,0
141,112,PAVIMENTACION CALLE JOSE DE JESUS LIRA TRAMO: BLVD. MARIANO ESCOBEDO A CEFERINO ORTIZ COL.LEON II,Unitario,1,1,Obra,1,0
142,160,MEJORAMIENTO DE LOS CRUCES DE LA CICLOVIA EN EL INTERSECION DEL BLVD. JUAN ALONSO DE TORRES CON RETO,Unitario,1,1,Obra,1,0
143,152,PAVIMENTACION DE LA CALLE CERRO DEL DIVISADERO TRAMO: DE JEREZ DE CARTAGENAA VOLCAN DE JORULLO COL.,Unitario,1,1,Obra,1,0
144,153,PAVIMENTACION DE LA CALLE CERRO DE PATAMBAM TRAMO: DE VOLCAN DE JORULLO A CERRO DE LA BUFA COL. CERR,Unitario,1,1,Obra,1,0
145,151,PAVIMENTACION DE LA CALLE CERRO DEL DIVISADERO TRAMO: DE PEÑON DE GIBRALTAR-CERRITO DE JEREZ COL. CE,Unitario,1,1,Obra,1,0
146,140,PROYECTO EJECUTIV DE PAVIMENTACION DE LAS CALLES: SAN JOSE DEL AMAZONAS TRAMO: SAN JOSE DE OCA-SAN J,Unitario,1,1,Obra,1,0
147,132,PROYECTO EJECUTIVO DE PAVIMENTACION DE LAS CALLES: AV. CENTRAL TRAMO: ARKANSAS-BLVD. JUAN JOSE TORRE,Unitario,1,1,Obra,1,0
148,131,PROYECTO EJECUTIVO DE PAVIMENTACION DE LAS CALLES: JOAQUIN SOTO TRAMO: ENRIQUE ARANDA GUEDEA-PAULINO,Unitario,1,1,Obra,1,0
149,137,"PROYECTO EJECUTIVO DE PAVIMENTACION DE LAS CALLES: NUEVA DELHI TRAMO: CANAL DE SARDANETA-ALMENA COL,",Unitario,1,1,Obra,1,0
150,130,PROYECTO EJECUTIVO DE PAVIMENTACION DE CALLES: VALLE DE SANTA ELENA TRAMO: AV. ASIS-VALLE DE LA LUZ;,Unitario,1,1,Obra,1,0
151,161,PAVIMENTACION DE TRAMO CUERPO LATERAL NORTE DEL BLVD. LAS TORRES TRAMO: UBICADO ENTRE SALIDA DE PLAZ,Unitario,1,1,Obra,1,0
152,164,PAVIMENTACION DE LA CALLE PLATINO TRAMO: HERMENEGILDO BUSTOS A BLVD. MIGUEL HIDALGO COL. VILLAS DE E,Unitario,1,1,Obra,1,0
153,165,PAVIMENTACION DE LA CALLE URANIO TRAMO: HERMENEGILDO BUSTOS A BLVD. MIGUEL HIDALGO COL. VILLAS DE EC,Unitario,1,1,Obra,1,0
154,158,PAVIMENTACION DE LA CALLEPRENSA LIBRE TRAMO: DE JORGE NEGRETE A FRENTE 1407 Y 1408 COL. SAN MARCOS,Unitario,1,1,Obra,1,0
155,166,AREA PEATONAL ENTRE LAS CALLES ALEMANIA Y LOS PARAISOS PLAZA DEL MUSICO,Unitario,1,1,Obra,1,0
156,119,PLAN HIDROLOGICO DEL PREDIO ALBARRADONES DE 280 HECTAREAS. LEON,Unitario,1,1,Obra,1,0
157,147,ELABORACION DE LA ESCULTURA MARIA GREEVER. LEON,Unitario,1,1,Obra,1,0
158,154,PAVIMENTACION DE LA CALLE ANTONIO BARROSO TRAMO: BLVD. MARIANO ESCOBEDO - LEON II COL. LEON II,Unitario,1,1,Obra,1,0
159,159,SEMAFORIZACION Y SEÑALAMIENTO DEL CRUCERO DEL BLVD. HIDALGO Y CALLE DE LAS AMAZONAS EN LA COLONIA BA,Unitario,1,1,Obra,1,0
160,162,CONSTRUCCION DE CICLOVIA EN BLVD. VERTIZ CAMPERO TRAMO: BLVD. JOSE MARIA MORELOS A BLVD. JUAN ALONSO,Unitario,1,1,Obra,1,0
161,171,REHABILITACION DE PARQUE TEMATICO EN LA UNIDAD DEPORTIVA NUEVO MILENIO (FOSA Y RAMPAS DE PATINAJE AC,Unitario,1,1,Obra,1,0
162,178,PAVIMENTACION DE LA CALLE RUPERTO ROCHA TRAMO: CALLE OAULINO DURAN - FRANCISCO UREÑA COL. LEON I,Unitario,1,1,Obra,1,0
163,167,"MOTOCONFORMACION DE CAMINOS, LIMPIEZA DE ARROYOS, REHABILITACION DE PUENTE CAMINO DE ALFARO A NUEVO",Unitario,1,1,Obra,1,0
164,174,DEMOLICION DEL MONUMENTO A LA VENDIMIA UBICACION: GLORIETA BLVD. MARIANO ESCOBEDO Y BLVD. FRANCISCO,Unitario,1,1,Obra,1,0
165,181,PAVIMENTACION DE LA CALLE MIGUEL OBREGON TRAMO: DE ANTONIO HERNANDEZ - TELLEZ CRUCES; PAVIMENTACION,Unitario,1,1,Obra,1,0
166,185,PAVIMENTACION DE LA CALLE SERGIO CANO MELENDEZ TRAMO: DE CALLE ENRIQUE ARANDA A PAULINO DURAN COL. L,Unitario,1,1,Obra,1,0
167,192,TRABAJOS DE JARDINERIA Y SISTEMA DE RIEGO POR ASPERSION EN EL AREA DE LA PLATAFORMA DE ATERRIZAJE EN,Unitario,1,1,Obra,1,0
168,177,PAVIMENTACION DE LA CALLE BARRANQUILLA TRAMO: DE BLVD. ANTONIO MADRAZO A CALLE MAR DE PLATA COL. LA,Unitario,1,1,Obra,1,0
169,175,DEMOLICION Y REHABILITACION DE LA GLORIETA DEL BLVD. TORRES LANDA Y HERMANO ALDAMA (TODOS LOS TRABAJ,Unitario,1,1,Obra,1,0
170,168,MEJORAMIENTO DE LOS CRUCES DE LA CICLOVIA INTERSECCION DEL BLVD. JUAN ALONSO DE TORRES CON LAS SIGUI,Unitario,1,1,Obra,1,0
171,176,PAVIMENTACION DE LA CALLE JOSE PEREZ MARAÑON TRAMO: DE SAN FRANCISCO DE ASIS A SANTO TOMAS DE AQUINO,Unitario,1,1,Obra,1,0
172,172,PAVIMENTACION DE LA CALLE ZANTE TRAMO: CALLE EOLO A CALLE ATENCA COL. LA ERMITA,Unitario,1,1,Obra,1,0
173,169,REHABILITACION DE CICLOVIA EN EL BLVD. TORRES LANDA; BLVD. SAN JUAN BISCO Y BLVD. VERTIZ CAMPERO LEO,Unitario,1,1,Obra,1,0
174,173,REFUERZO DE FALDON PARA EVITAR DESPLOME EN ACCESO A SALON DE USOS MULTIPLES EN CENTRO DE DESARROLLO,Unitario,1,1,Obra,1,0
175,182,"PAVIMENTACION DE LA CALLE IGNACIO CUEVAS TRAMO: DE CALLE ANTONIO HERNANDEZ A TELLEZ CRUCES, COL. LEO",Unitario,1,1,Obra,1,0
176,183,"PAVIMENTACION DE LA CALLE JULIO PEDRAZA TRAMO: DE CALLE ANTONIO HERNANDEZ A TELLEZ CRUCES, COL. LEON",Unitario,1,1,Obra,1,0
177,180,PAVIMENTACION DE LA CALLE MANUEL M. PACHECO TRAMO: CALLE ARTURO LOZANO A CALLE ANTULIO DURAN COL. LE,Unitario,1,1,Obra,1,0
178,113,PAVIMENTACION DE LA CALLE NOGAL TRAMO: CEDRO - GUTY CARDENAS COL. ARBOLEDAS DE INFONAVIT,Unitario,1,1,Obra,1,0
179,136,PROYECTO EJECUTIVO DE PAVIMENTACION DE LAS CALLES: ANTONIO PINTA TRAMO: ANTONIO VILLEGAS TORRES - AR,Unitario,1,1,Obra,1,0
180,115,PAVIMENTACION DE LA CALLE JUAN LICEAGA TRAMO: DE MANUEL BARANDA A ROMUALDO MARMOLEJO COL. SAN JOSE D,Unitario,1,1,Obra,1,0
181,141,PROYECTO EJECUTIVO DE PAVIMENTACION DE LAS CALLES: SAN LORENZO TRAMO; SAN JACOBO - CALLE SAN JUSTO C,Unitario,1,1,Obra,1,0
182,179,PROYECTO EJECUTIVO DE PAVIMENTACION DE LAS CALLES; MADRE REYNA TRAMO; MADRE TIERRA - MADRE MARINA; M,Unitario,1,1,Obra,1,0
183,184,PAVIMENTACION DE LA CALLE CARLOS ROBERTO PATRON TRAMO: DE CALLE JOSE ARTURO LOZANO A VASCO DE QUIROG,Unitario,1,1,Obra,1,0
184,196,PAVIMENTACION DE LA CALLE JOSE RAMON DE HOYOS TRAMO: DE PAULINO DURAN A FRANCISCO UREÑA COL. LEON I,Unitario,1,1,Obra,1,0
185,187,PAVIMENTACION DE LA CALLE JOSE GABRIEL LIÑAN TRAMO: DE BLVD. FRANCISCO VILLA - 1ER CABILDO COL. LEON,Unitario,1,1,Obra,1,0
186,188,PAVIMENTACION DE LA CALLE ANTONIO PEÑA TRAMO: DE ARTURO VILLEGAS - ARTURO VALDEZ SANCHEZ COL. LEON I,Unitario,1,1,Obra,1,0
187,189,SEMAFORIZACION DE LOS SIGUIENTES CRUCEROS: BLVD. COSTELACIONES ESQUINA CON BLVD. LA LUZ; BLVD. CONST,Unitario,1,1,Obra,1,0
188,190,LA COORDINACION DE TRABAJOS DE INTERVENCION DE INMUEBLES CATALOGADOS EN LA ZONA CENTRO DE LA CIUDAD,Unitario,1,1,Obra,1,0
189,193,PLAZA MORELOS (CALLE MALECON DEL GRANIZO ENTRE SAN MARCOS Y SAN PLACIDO) COL. HEROES DE CHAPULTEPEC,Unitario,1,1,Obra,1,0
190,198,CONSTRUCCION DE CICLOVIA EN EL BLVD. ADOLFO LOPEZ MATEOS DE BLVD. JOSE MARIA MORELOS A ENTRADA AL ME,Unitario,1,1,Obra,1,0
191,199,"TRABAJOS DE MANTENIMIENTO EN VEGETACION EXISTENTE, REHABILITACION DE CISTERNAS, REFORESTACION Y SIST",Unitario,1,1,Obra,1,0
192,186,"CONSTRUCCION DE 70 GAVETAS PARA ADULTO Y TERMINACION DE OBRAS COMPLEMENTARIAS PANTEON NORTE, LEON",Unitario,1,1,Obra,1,0
193,197,PAVIMENTACION DE LA CALLE FRANCISCO UREÑO TRAMO: CALLE RODRIGO MORENO A PASCUAL URTAZA COL. LEON I,Unitario,1,1,Obra,1,0
194,200,MURO DE CONTENCION CON GAVIONES EN CAMINO RURAL TRAMO: COMUNIDAD LAS COLORADAS - LAS MONJAS DE 1+350,Unitario,1,1,Obra,1,0
195,194,PAVIMENTACION DE LA CALLE SANTA MARIA AUXILIADORA 2DA. ETAPA TRAMO: DEL KM. 0+504 A 0+603 COL. SANTA,Unitario,1,1,Obra,1,0
196,170,CONSTRUCCION DE LAS OFICINAS ADMINISTRATIVAS DEL DISTRITO DE DESARROLLO RURAL (DDR) 003 SAGARPA (LEO,Unitario,1,1,Obra,1,0
197,204,PAVIMENTACION DE LA CALLE H. AYUNTAMIENTO TRAMO: BLVD. TIMOTEO LOZANO A CALLE LAS TORRES COL. LIBERT,Unitario,1,1,Obra,1,0
198,201,RUTA DEL PEATON CENTRO HISTORICO BARRIO - ARRIBA - CALVARIO (CALLE 27 DE SEPTIEMBRE TRAMO: IGNACIO,Unitario,1,1,Obra,1,0
199,203,PAVIMENTACION DE LA CALLE BUENAVENTURA TRAMO: ROSA MARIA GUTIERREZ - BLVD. MARIANO ESCOBEDO COL. LAS,Unitario,1,1,Obra,1,0
200,202,MEJORAMIENTO DE LOS CRUCES DE LA CICLOVIA EN LA INTERSECCION DEL BLVD. JUAN ALONSO DE TORRES CON LAS,Unitario,1,1,Obra,1,0
201,205,PAVIMENTACION DE LA CALLE JOAQUIN SOTO TRAMO: CALLE ENRIQUE ARANDA - PAULINO DURAN COL. LEON I,Unitario,1,1,Obra,1,0
202,206,PAVIMENTACION DE LA CALLE FRANCISCO M. PACHECO TRAMO: CALLE ARTURO LOZANO - PAULINO DURAN COL. LEON,Unitario,1,1,Obra,1,0
203,210,CUADRILLA OPERATIVA PARA REALIZACION DE TRABAJOS DE LIMPIEZA Y PROTECCION CONTRA GRAFITTIS EN LA CIU,Unitario,1,1,Obra,1,0
204,208,ADECUACION DE CRUCE VIAL EN LA INTERSECCION DE BLVD. FRANCISCO VILLA Y BLVD. MARIANO ESCOBEDO LEON,Unitario,1,1,Obra,1,0
205,191,"RESTAURACION DE FACHADAS EN CALLE HIDALGO # 110, 112 Y 114 ZONA CENTRO, LEON",Unitario,1,1,Obra,1,0
206,209,BARDA PERIMETRAL CASA DEL MAESTRO JUBILADO FEDERAL UBICACION CALLE ARCO DE TIBERIO NO. 703 COL. PORT,Unitario,1,1,Obra,1,0
207,207,CONSTRUCCION DE PANTEONES RURALES: 70 OSARIOS EN COM. DUARTE; 56 OSARIOS EN COM. LOS SAUCES; 28 GAVE,Unitario,1,1,Obra,1,0
208,10124,PROYECTO EJECUTIVO DE PAVIMENTACION DE LAS CALLES: JULIO PEDRAZA TRAMO: ANTONIO HERNANDEZ - TELLEZ C,Unitario,1,1,Obra,1,0
209,211,PAVIMENTACION DE LA CALLE LAGO SANTA MARIA TRAMO: DE LAGO ALBERTO A LAGO TITICACA COL. GRANADA,Unitario,1,1,Obra,1,0
210,212,PAVIMENTACION DE LA CALLE MANUEL MOTA I. VELASCO TRAMO: CALLE ENRIQUE ARANDA GUEDEA - PAULINO DURA C,Unitario,1,1,Obra,1,0
211,213,MEJORAMIENTO DE LOS CRUCES DE LA INTERSECCION DEL BLVD. HERMANOS ALDAMA CON BLVD. JUAN JOSE TORRES L,Unitario,1,1,Obra,1,0
212,214,MEJORAMIENTO DE LOS CRUCES DE LA INTERSECCION DEL BLVD. MARIANO ESCOBEDO CON BLVD FRANCISCO VILLA (S,Unitario,1,1,Obra,1,0
213,216,PAVIMENTACION DE LA CALLE MOSTO TRAMO: DE CALLE DE LA CEPA A CALLE SARMIENTO COL. ARBOLEDA SAN JOSE,Unitario,1,1,Obra,1,0
214,219,RED SUBTERRANEA DE MEDIA Y BAJA TENSION DEL BLVD. ADOLFO LOPEZ MATEOS TRAMO: ENTRE CALLE HIDALGO Y C,Unitario,1,1,Obra,1,0
215,220,PAVIMENTACION DE LA CALLE POLO NORTE TRAMO: DE AMERICA DEL NORTE - AGUILILLA COL. LA NORTEÑA,Unitario,1,1,Obra,1,0
216,217,PAVIMENTACION DE LA CALLE ATANACIO HERNANDEZ TRAMO: BLVD. MARIANO ESCOBEDO A CALLE MANUEL VALTIERRA,Unitario,1,1,Obra,1,0
217,218,PAVIMENTACION DE LA CALLE VALLE MESONERA TRAMO: JORDAN A RIO MAYO COL. VALLE DE JEREZ,Unitario,1,1,Obra,1,0
218,163,TRABAJOS COMPLEMENTARIOS PARA LA ALINEACION PAVIMENTACION DE LAS FINCAS EN EL 110 Y 110-A DE LA CALL,Unitario,1,1,Obra,1,0
219,221,PROYECTO EJECUTIVO DE PAVIMENTACION DE LAS CALLES: RIO PAPAGAYO TRAMO: RIO CONCHOS - RIO TECOLUTLA F,Unitario,1,1,Obra,1,0
220,223,ADECUACION DE PROYECTO EJECUTIVO DE RAMPA PONIENTE EN CALZADA DE LOS HEROES . LEON,Unitario,1,1,Obra,1,0
221,224,PAVIMENTACION DE LA CALLE ADELA TRAMO: DE AV. MADRE TIERRA A CERRO DEL ZOYATE COL. 10 DE MAYO,Unitario,1,1,Obra,1,0
222,222,CONSTRUCCION DE CICLOVIA DE LA CALLE JUAN DE LA BARRERA DE BLVD. JUAN ALONSO DE TORRES A BLVD. CAMPE,Unitario,1,1,Obra,1,0
223,225,PROYECTO CONCEPTUAL DE LOS PROYECTOS COLINDANTES AL PARQUE LINEAL SARDANETA EN LA ZONA DEL ZOOLOGICO,Unitario,1,1,Obra,1,0
224,228,CONSTRUCCION DE PATIO PARA DESAYUNADORES EN LA ESCUELA EUFRASIA PANTOJA EN CALLE MIGUEL ALEMAN ESQ.,Unitario,1,1,Obra,1,0
225,227,"CONSTRUCCION DE CUBIERTA EN LA PLAZA DEL MUSICO TRAMO: ENTRE LAS CALLES AV. PARAISOS Y FRANCIA, LEON",Unitario,1,1,Obra,1,0
226,231,REVESTIMIENTO DEL CUERPO LATERAL SUR DEL BLVD. JUAN ALONSO DE TORRES TRAMO: DEL ARROYO EL EJIDO A BL,Unitario,1,1,Obra,1,0
227,226,CONSTRUCCION DE CICLOVIA EN BLVD. CLOUTHIER DE BLVD. JUAN ALONSO DE TORRES A BLVD. JOSE MARIA MORELO,Unitario,1,1,Obra,1,0
228,230,PROYECTO ARQUITECTONICO DE IMAGEN URBANA DE LA PLAZA EL CALVARIO,Unitario,1,1,Obra,1,0
229,232,LINEA PRIMARIA 3F-4H-ACSR-336.4 KCM (SEMIAISLADO) PARA LA 1RA. Y 2DA. ETAPAS DE LA UNAM (APROX. 1400,Unitario,1,1,Obra,1,0
230,233,PROYECTO EJECUTIVO DE LAS CALLES: AURORA BOREAL TRAMO: DE POTRERO A TEMPRANO COL NUEVO AMANECER; HER,Unitario,1,1,Obra,1,0
231,234,CASETA DE POLICIA PREVENTIVA (MEJORAMIENTO)  DE LA COMANDANCIA SAN JUAN DE ABAJO; CASETA DE POLICIA,Unitario,1,1,Obra,1,0
232,235,PAVIMENTACION DE LA CALLE RIO TEHUANTEPEC TRAMO: DE RIO  GUANAJUATO A RIO TECOLUTLA COL. SAN MIGUEL,Unitario,1,1,Obra,1,0
233,236,PAVIMENTACION DE LA CALLE GUAYABO TRAMO: DE CANELO A SAUCE COL. ARBOLEDAS DE INFONAVIT,Unitario,1,1,Obra,1,0
234,237,PAVIMENTACION DE LA CALLE SAN MELCHOR TRAMO: DE SAN JUSTO - SAN JACOBO COL. LA PISCINA,Unitario,1,1,Obra,1,0
235,242,PAVIMENTACION DE CONCRETO HIDRAULICO DE LA CALLE TORITOS TRAMO: CALLE SAVILA A CUENCA FLORIDA COL. V,Unitario,1,1,Obra,1,0
236,245,REVESTIMIENTO DE CAMINO CON TEPETATE EN LA COMUNIDAD DE MESA DE MEDINA. LEON,Unitario,1,1,Obra,1,0
237,243,PAVIMENTACION DE CONCRETO HIDRAULICO DE LA CALLE CERRO DEL CUBILETE TRAMO: CERRITO DE JEREZ A VOLCAN,Unitario,1,1,Obra,1,0
238,246,CONSTRUCCION DE 100 MTS DE BARDA PERIMETRAL EN ESCUELA NUEVA CREACION UBICADA EN LA CALLE TERESITA B,Unitario,1,1,Obra,1,0
239,247,REPARACION DE BARDA PERIMETRAL EN EL SINDICATO NACIONAL DE TRABAJADORES DE LA EDUCACION SECCION 13 U,Unitario,1,1,Obra,1,0
240,238,PAVIMENTACION DE LA CALLE ROBLE TRAMO: DE FRESNO - CAOBA COL. ARBOLEDAS DE INFONAVIT,Unitario,1,1,Obra,1,0
241,239,"PAVIMENTACION DE LA CALLE DEL BEATO TRAMO: DE CUENCA FLORIDA A TOPAR CON PARAMENTO SUR, COL. SANTA C",Unitario,1,1,Obra,1,0
242,240,PAVIMENTACION DE LA CALLE SAUCE TRAMO: DE ABEDUL - FRESNO COL. ARBOLEDAS DE INFONAVIT,Unitario,1,1,Obra,1,0
243,241,PAVIMENTACION DE LA  CALLE OLIVO TRAMO: DE ARCE - PALMERIN COL. ARBOLEDAS DE INFONAVIT,Unitario,1,1,Obra,1,0
244,244,PAVIMENTACION DE LA CALLE COCO TRAMO: DE AGUACATE A CALLE SIN NOMBRE COL. LAS MANDARINAS,Unitario,1,1,Obra,1,0
245,249,PAVIMENTACION DE LA CALLE DEL CAOBA TRAMO: DE CASTAÑO - SAN ROMAN COL. ARBOLEDAS DE INFONAVIT,Unitario,1,1,Obra,1,0
246,248,PAVIMENTACION DE LA CALLE CERRO DE LA MALINCHE TRAMO: DE CERRITO DE JEREZ A VOLCAN DE JORULLO COL. C,Unitario,1,1,Obra,1,0
247,250,PAVIMENTACION DE LA CALLE MADRE ISABEL TRAMO: AV. MADRE MARINA - FRENTE AL 319 COL. 10 DE MAYO,Unitario,1,1,Obra,1,0
248,251,PAVIMENTACION DE CONCRETO HIDRAULICO DE LA CALLE PLAN DE GUADALUPE TRAMO: TIMOTEO LOZANO A TOPAR CON,Unitario,1,1,Obra,1,0
249,252,PAVIMENTACION DE CONCRETO HIDRAULICO DE LA CALLE ESTEBAN DE LARIS TRAMO: BLVD. MARIANO ESCOBEDO A BL,Unitario,1,1,Obra,1,0
250,253,PAVIMENTACION DE CONCRETO HIDRAULICO DE LA CALLE ANDUJAR TRAMO: BARCELONA A TERRAZA COL. PILETAS III,Unitario,1,1,Obra,1,0
251,256,REVESTIMIENTO DE CAMINO EN LA COMUNIDAD DE MESA DE IBARRILLA. LEON,Unitario,1,1,Obra,1,0
252,257,PAVIMENTACION DE LA CALLE ARDILLA TRAMO: DE GAMO A HIENA COL. LOMAS DE ECHEVESTE,Unitario,1,1,Obra,1,0
253,255,PAVIMENTACION DE LA CALLE MARIA DE LA LUZ TRAMO: DE MARGARITA - PAV. EXISTENTE COL. LOMA BONITA,Unitario,1,1,Obra,1,0
254,254,CONTRATACION E INSTALACION NUEVA DE 38 REDUCTORES DE VELOCIDAD (TOPES DE PLASTICO) EN DIFERENTES UBI,Unitario,1,1,Obra,1,0
255,259,PAVIMENTACION DE CONCRETO HIDRAULICO DE LA CALLE DEL BARRIAL TRAMO: PASEO DE LA PRESA A RIO DE LOS C,Unitario,1,1,Obra,1,0
256,11001,ESCALATORIA DE LA OBRA PAVIMENTACION DE LA CALLE CAMINO ALFARO SEGUNDA ETAPA DE BLVD. VICENTE VALTIE,Unitario,1,1,Obra,1,0
257,289,PROTECTO EJECUTIVO DE LAS CALLES: PASEO DE LOS TUCANES TRAMO: PASEO DE LOS ZENZONTLES - PASEO DE LOS,Unitario,1,1,Obra,1,0
258,263,PROYECTO EJECUTIVO DE CALLES: TERCERA ORDEN TRAMO: AV. OLIMPICA - SAN BERNARDINO COL. AMPLIACION SAN,Unitario,1,1,Obra,1,0
259,264,PROYECTOS EJECUTIVOS DE CALLES: EVARISTO GUTIERREZ TRAMO: ANTONIO TORRES GOMEZ - FRANCISCO BRIONES C,Unitario,1,1,Obra,1,0
260,265,PROYECTO EJECUTIVOS DE CALLES: FELIX MA. ZULOAGA TRAMO: NICOLAS CALVO - GUSTAVO DIAZ ORDAZ; MANUEL A,Unitario,1,1,Obra,1,0
261,267,PROYECTO EJECUTIVO DE CALLES: NAGPUR TRAMO: CANAL DE SARDENETA - TOPAR COL. LA INDIA Y ALAZAN TRAMO:,Unitario,1,1,Obra,1,0
262,268,PROYECTO EJECUTIVO DE CALLES: NIGER TRAMO: MAR DE JAVA - COSTAS DE ORO COL. LA ESCONDIDA ANDADOR CEL,Unitario,1,1,Obra,1,0
263,269,PROYECTO EJECUTIVO DE CALLES: MADRE ALEJANDRA TRAMO: MADRE TIERRA - MADRE FABIOLA COL. UNION OBRERA;,Unitario,1,1,Obra,1,0
264,270,PROYECTO EJECUTIVO DE CALLES: JEREZ DE CATALAN TRAMO: JEREZ DE SEVILLA - VALLE DE SANTIAGO; JEREZ DE,Unitario,1,1,Obra,1,0
265,271,PROYECTO EJECUTIVO DE CALLES: COSTAS DEL OCEANO GLACIAR ARTICO TRAMO: COSTAS DEL MAR ROJO - COSTAS D,Unitario,1,1,Obra,1,0
266,272,PROYECTO EJECUTIVO DE LA CALLE: SAN ALFREDO TRAMO: BLVD. VICENTE VALTIERRA - BLVD. SATURNO COL. SAN,Unitario,1,1,Obra,1,0
267,273,PROYECTO EJECUTIVO DE LA CALLE: GALLITOS TRAMO: BRICHO - SABILA COL. VALLE HERMOSO,Unitario,1,1,Obra,1,0
268,274,PROYECTO EJECUTIVO DE LAS CALLES: GONZALO CURIEL TRAMO: BLVD. MARIANO ESCOBEDO - CLEMENTE AGUIRRE; P,Unitario,1,1,Obra,1,0
269,275,PROYECTO EJECUTIVOS DE LAS CALLES: PROMULGACION CONSTITUCIONAL TRAMO: BLVD. TIMOTEO LOZANO - ASAMBLE,Unitario,1,1,Obra,1,0
270,276,PROYECTO EJECUTIVO DE LA CALLE: DE LAS DALIAS TRAMO: LOMAS DEL SOL - SAMALA COL. MEDINA,Unitario,1,1,Obra,1,0
271,278,PROYECTO EJECUTIVOS DE LAS CALLES: TERCERA ORDEN TRAMO: DE FRAY RAUL - PEDRO BERNARDONE COL. AMPLIAC,Unitario,1,1,Obra,1,0
272,279,PROYECTO EJECUTIVOS DE LAS CALLES: LIRIOS TRAMO: BLVD. J.J. TORRES LANDA - TOPAR; NARDOS TRAMO: BLVD,Unitario,1,1,Obra,1,0
273,280,PROYECTO EJECUTIVOS DE LAS CALLES: CERRO DEL GIGANTE TRAMO: COFRE DE PEROTE - EVORUCO COL. EL PEÑON;,Unitario,1,1,Obra,1,0
274,281,PROYECTO EJECUTIVOS DE LAS CALLES: CASUARINA TRAMO: BLVD. SAN PEDRO - PASEO DE LOS VERDINES; NARDOS,Unitario,1,1,Obra,1,0
275,282,PROYECTO EJECUTIVOS DE LAS CALLES: SEÑOR DE LA AGONIA TRAMO: BLVD. MIGUEL DE CERVANTES SAAVEDRA -,Unitario,1,1,Obra,1,0
276,283,PROYECTO EJECUTIVOS DE LAS CALLES: VALLE DE SANTIAGO TRAMO: JEREZ DE CASTILLA - BLVD. TIMOTEO LOZANO,Unitario,1,1,Obra,1,0
277,284,PROYECTO EJECUTIVOS DE LAS CALLES: LABRADOR TRAMO: ARALIA - CIEN HOJAS COL. ARRAYANES; PRIVADA AZORE,Unitario,1,1,Obra,1,0
278,285,PROYECTO EJECUTIVO DE LAS CALLES: PLAZA SAUCE TRAMO: SAN ROMAN - SAUCE COL. ARBOLEDAS INFONAVIT;,Unitario,1,1,Obra,1,0
279,286,PROYECTO EJECUTIVO DE LAS CALLES: PRESA POZUELOS TRAMO: PASEO DE LA PRESA - RIO DE LOS CASTILLOS;,Unitario,1,1,Obra,1,0
280,288,PROYECTO EJECUTIVO DE LA CALLES: VICENTE GONZALEZ DEL CASTILLO TRAMO: JOSE MA. PRADO - LUIS ERNESTO,Unitario,1,1,Obra,1,0
281,290,PROYECTO EJECUTIVO DE LA CALLE: CALLE VERBENA TRAMO: BLVD. LA LUZ - HEROES DE LA INDEPENDENCIA COL.,Unitario,1,1,Obra,1,0
282,291,PROYECTO EJECUTIVO DE LA CALLE: ESTAMBRE TRAMO: DE RIO MAYO - MADRE MAURA COL. ARBOLEDAS DE SAN HILA,Unitario,1,1,Obra,1,0
283,301,PAVIMENTACION DE LA CALLE LOMAS DEL RIO TRAMO: BLVD. LOMAS DE LAS BUGAMBILIAS A LOMAS DE LAS PETUNIA,Unitario,1,1,Obra,1,0
284,258,CASETA DE POLICIA PREVENTIVA (MEJORAMIENTO) DE LA COMANDANCIA SAN MIGUEL; CASETA DE POLICIA PREVENTI,Unitario,1,1,Obra,1,0
285,309,PAVIMENTACION DE LA CALLE JUAN TORRES SEPTIEM TRAMO: CALLE ROSA MARIA GUTIERREZ A BLVD MARIANO ESCOB,Unitario,1,1,Obra,1,0
286,260,PAVIMENTACION DE CONCRETO HIDRAULICO DE LA CALLE ARRAMBERRY TRAMO: CALLE LOS HERRERA  BLANGLADESH EN,Unitario,1,1,Obra,1,0
287,308,PAVIMENTACION DE LA CALLE CERRO DEL GIGANTE TRAMO: VOLCAN DE JORULLO A JEREZ DE CARTAGENA COL. CERRI,Unitario,1,1,Obra,1,0
288,261,PAVIMENTACION DE CONCRETO HIDRAULICO DE LA CALLE PATRONA DE LA MUSIC TRAMO: CAMINO DE LOS CASTILLOS,Unitario,1,1,Obra,1,0
289,262,SUMINISTRO Y COLOCACION DE PISO FIRME EN ZONA URBANA DEL MUNICIPIO DE LEON,Unitario,1,1,Obra,1,0
290,292,CASETA DE POLICIA PREVENTIVA (MEJORAMIENTO) DE LA COMANDANCIA LA SANDIA; CASETA DE POLICIA PREVENTIV,Unitario,1,1,Obra,1,0
291,313,PRIMERA ETAPA DE LA ESCUELA DE MUSICA EN LA CASA LUIS LONG,Unitario,1,1,Obra,1,0
292,293,CASETA DE POLICIA PREVENTIVA (MEJORAMIENTO) DE LA COMANDANCIA SANTA ANA DEL CONDE;  CASETA DE POLICI,Unitario,1,1,Obra,1,0
293,294,CASETA DE POLICIA PREVENTIVA (MEJORAMIENTO) DE LA COMANDANCIA ECHEVESTE; CASETA DE POLICIA PREVENTIV,Unitario,1,1,Obra,1,0
294,312,CASETA DE POLICIA PREVENTIVA (MEJORAMIENTO) DE LA COMANDANCIA ANGELES; CASETA DE POLICIA PREVENTIVA,Unitario,1,1,Obra,1,0
295,311,PROYECTO DE REMODELACION DE FACHADA CATALOGADA UBICADA EN LA CALLE AQUILES SERDAN # 240 LEON,Unitario,1,1,Obra,1,0
296,297,"CONSTRUCCION DE DOMO EN PATIO CIVICO EN JARDIN DE NIÑOS ""JUAN ESCUTIA"" COMUNIDAD SAN NICOLAS DE LOS",Unitario,1,1,Obra,1,0
297,296,REHABILITACIÓN DE BANQUETAS EN EL CENTRO HISTORICO DE LA CIUDAD,Unitario,1,1,Obra,1,0
298,299,PAVIMENTACIÓN DE CONCRETO HIDRAÚLICO DE LA CALLE BALCON DE LOS PARDILLOS BLVD. DE LOS RUISEÑORES A B,Unitario,1,1,Obra,1,0
299,300,CASETA DE POLICIA PREVENTIVA (MEJORAMIENTO) DE LA COMANDANCIA DE TAURO; CASETA DE POLICIA PREVENTIVA,Unitario,1,1,Obra,1,0
300,302,CONSTRUCCION DE CUARTEL DE LA POLICIA MONTADA 3RA. ETAPA LEON,Unitario,1,1,Obra,1,0
301,303,PAVIMENTACION DE CONCRETO HIDRAULICO DE LA CALLE CANAL DEL NORTE TRAMO: AMERICA DEL NORTE A,Unitario,1,1,Obra,1,0
302,304,CONTRATACION E INSTALACION NUEVA DE 2 REDUCTORES DE VELOCIDAD (TOPES DE PLASTICO) EN DIFERENTES UBIC,Unitario,1,1,Obra,1,0
303,305,INSTALACION DE ALUMBRADO PUBLICA EN EL BLVD. RIO MAYO TRAMO: ENTRE BLVD. VENUSTIANO CARRANZA Y ALONS,Unitario,1,1,Obra,1,0
304,306,PROYECTO EJECUTIVO DE LA CALLE VALLE DE MESOREA TRAMO: VALLE JORDAN A VALLE DE CABUERIGA COL. VALLE,Unitario,1,1,Obra,1,0
305,307,PAVIMENTACION DE LA CALLE PASEO DE ECHEVESTE TRAMO: FONTANEROS A BOSQUES DE CIPRESES COL. HACIENDA E,Unitario,1,1,Obra,1,0
306,298,TRABAJOS DE BLINDAJE DE EDIFICIO CENTRAL DE EMERGENCIA 066 EN LA CIUDAD DE LEON,Unitario,1,1,Obra,1,0
307,310,PROYECTO CONCEPTUAL DEL CENTRO GERONTOLOGICO EN SAN JUAN DE DIOS LEON,Unitario,1,1,Obra,1,0
308,277,"PROYECTO EJECUTIVO DE LAS CALLES: VALLE AZUL TRAMO: VALLE JORDAN - VALLE DE CABUERINGA, Y VALLE ALMA",Unitario,1,1,Obra,1,0
309,314,PAVIMENTACIÓN DE LA CALLE JANITZIO (CARRIL ORIENTE) TRAMO: PAVIMENTO EXISTENTE A CALLE CHUPICUARO CO,Unitario,1,1,Obra,1,0
310,295,REVISION Y SUPERVISION DE ESTUDIOS DE MECANICA DE SUELOS Y DISEÑO DE PAVIMENTOS PARA LOS FRACCIONAMI,Unitario,1,1,Obra,1,0
311,315,PAVIMENTACION DE LA CALLE JUAN NEPOMUCENO TRAMO: BLVD. ADOLFO LOPEZ MATEOS SALIDA LOS GOMEZ,Unitario,1,1,Obra,1,0
312,317,COMPLEMENTO DEL PROYECTO EJECUTIVO PARA LA PAVIMENTACION DEL CAMINO LA ESMERALDA - LOS SAPOS - PUERT,Unitario,1,1,Obra,1,0
313,316,PAVIMENTACION DE CONCRETO HIDRALICO DE LA CALLE COSTAS DEL OCEANO GLACIAL ARTICO TRAMO: MALECON DEL,Unitario,1,1,Obra,1,0
314,326,PROYECTO EJECUTIVO DE LA PAVIMENTACION DEL BLVD. RAFAEL CORRALES AYALA TRAMO: DE BLVD. TELLEZ CRUCES,Unitario,1,1,Obra,1,0
315,318,PAVIMENTACION DE LA CALLE JOSE PEREZ MARAÑON TRAMO: DE RAFAEL CORRALES AYALA A SANTO TOMAS DE AQUINO,Unitario,1,1,Obra,1,0
316,319,PROYECTO EJECUTIVO DE LA CALLE: MADRE ADRIANA TRAMO: MADRE TIERRA - MADRE FABIOLA COL. 10 DE MAYO,Unitario,1,1,Obra,1,0
317,320,PAVIMENTACION DE LA CALLE SANTO TOMAS DE AQUINO TRAMO: DE MANUEL BARANDA A LIMITE DE LA COLONIA COL.,Unitario,1,1,Obra,1,0
318,321,PAVIMENTACION DE LA CALLE PEDRO CORTAZAR TRAMO: DE MANUEL BARANDA A ROMUALDO MARMOLEJO COL.,Unitario,1,1,Obra,1,0
319,322,PAVIMENTACION DE LA CALLE MADRE SOFIA TRAMO: CALLE MADRE FABIOLA A MADRE SOCORRO COL. 10 DE MAYO,Unitario,1,1,Obra,1,0
320,328,"CONSTRUCCION DE PISO FIRME DE CONCRETO F C=150 KG/CM2, ESPESO DE 8 CMS. REFORZADO CON MALLA ELECTROS",Unitario,1,1,Obra,1,0
321,324,PAVIMENTACION DE LA CALLE MANUEL BARANDA TRAMO: DE SANTO TOMAS DE AQUINO - SAN FRANCISCO DE ASIS COL,Unitario,1,1,Obra,1,0
322,325,PAVIMENTACION DE LA CALLE MANUEL GOMEZ LINARES TRAMO: DE SANTO TOMAS DE AQUINO - SAN FRANCISCO DE AS,Unitario,1,1,Obra,1,0
323,215,ALUMBRADO PUBLICO EN LA CALLE JEREZ DE CARTAGENA TRAMO: DE BUFAS DE ZACATECAS A JEREZ DE LA LUZ COL.,Unitario,1,1,Obra,1,0
324,155,ALUMBRADO PUBLICO EN LA CALLE CEFERINO ORTIZ TRAMO: ENTRE BLVD. EXPOSICIONES Y SILVINO ROBLES COL.,Unitario,1,1,Obra,1,0
325,343,CERCADO EN CAMELLON DEL SEGURO SOCIAL Y PLAZA 500 CERCADO EN CAMELLON DE LA PARADA DE LA ORUGA CERRI,Unitario,1,1,Obra,1,0
326,329,PAVIMENTACION DE LA CALLE LORENZO ARELLANO TRAMO: DE CHAVEZ MORADO A JUAN LICEAGA COL. SAN JOSE DEL,Unitario,1,1,Obra,1,0
327,323,SUMINISTRO DE TEPETATE EN LA OCMUNIDAD DE PUERTA DE SAN GERMAN Y LIMPIEZA DE ARROYO EN LAS COMUNIDAD,Unitario,1,1,Obra,1,0
328,338,PLAZA CATEDRAL 2DA. ETAPA (FACHADA Y ESCALERAS DEL EDIFICIO ) ZONA CENTRO,Unitario,1,1,Obra,1,0
329,335,SUBCOMANDANCIA DE SEGURIDAD PUBLICA MUNICIPAL (MEJORAMIENTO) UBICADA AL PONIENTE DE LA CIUDAD EN EL,Unitario,1,1,Obra,1,0
330,336,SUBCOMANDANCIA DE SEGURIDAD PUBLICA MUNICIPAL (MEJORAMIENTO) UBICADA AL SUR DE LA CIUDAD CARRETERA L,Unitario,1,1,Obra,1,0
331,342,PROYECTO PAVIMENTACION CALLE CECILIO ESTRADA TRAMO: ENRIQUE GOMEZ GUERRA A FRANCISCO BRIONES C,Unitario,1,1,Obra,1,0
332,341,PROYECTO PAVIMENTACION CALLE PERFECTO ARANDA TRAMO: ENRIQUE GOMEZ GUERRA A FRANCISCO BRIONES COL. BE,Unitario,1,1,Obra,1,0
333,334,PROYECTO PAVIMENTACION DE LA CALLE PIRUL DE MEDINA TRAMO: DE CALLE SOLIDARIDAD A ARROYO COL. MEDINA,Unitario,1,1,Obra,1,0
334,339,PROYECTO PAVIMENTACION DE LA CALLE OCALO DE MEDINA TRAMO: DE CALLE SOLIDARIDAD A ARROYO COL. MEDINA,Unitario,1,1,Obra,1,0
335,340,PROYECTO PAVIMENTACION DE LA CALLE SAUZ DE MEDINA TRAMO: DE CALLE SOLIDARIDAD A ARROYO COL. MEDINA,Unitario,1,1,Obra,1,0
336,346,CONSTRUCCION DE BIBLIOTECA TIPO AGUA AZUL LEON,Unitario,1,1,Obra,1,0
337,229,AGENDA DE COMPETITIVIDAD PARA LA ZONA METROPOLITANA DE LEON,Unitario,1,1,Obra,1,0
338,327,RUTA DEL PEATON TRAMO: POLIFORUM - CENTRO HISTORICO DE LEON,Unitario,1,1,Obra,1,0
339,330,PROYECTO EJECUTIVO DE LA PAVIMENTACION DE LA CALLE SAN JOSE DEL REFUGIO TRAMO: BLVD. TIMOTEO LOZANO,Unitario,1,1,Obra,1,0
340,333,PROYECTO PAVIMENTACION CALLE NOPAL DE MEDINA TRAMO: DE SALTILLO A ZARZAL DE MEDINA COL. MEDINA,Unitario,1,1,Obra,1,0
341,337,SUBCOMANDANCIA DE SEGURIDAD PUBLICA MUNICIPAL (MEJORAMIENTO) UBICADA AL ORIENTE DE LA CIUDAD EN LA P,Unitario,1,1,Obra,1,0
342,344,"REHABILITACION DE ADORNOS ALUSIVOS A LAS FIESTAS PATRIAS Y NAVIDEÑAS, LEON",Unitario,1,1,Obra,1,0
343,345,CASETA DE POLICIA PREVENTIVA (MEJORAMIENTO) DE LA COMANDANCIA LA MARTINICA; CASETA DE POLICIA PREVEN,Unitario,1,1,Obra,1,0
344,353,PAVIMENTACION DEL BLVD. VICENTE VALTIERRA TRAMO: DE BLVD. JOSE MARIA MORELOS A CAMINO ALFARO LEON,Unitario,1,1,Obra,1,0
345,352,PUENTE PEATONAL DE LA RUTA DEL PEATON EN CALZADA DE LOS HEROES TRAMO: INTERSECCION DE RIO DE LOS GOM,Unitario,1,1,Obra,1,0
346,351,PAVIMENTACION DE CONCRETO HIDRAULICO DE LA CALLE MADRE GLORIA TRAMO: MADRE MARINA A MADRE SELVA COLO,Unitario,1,1,Obra,1,0
347,355,PAVIMENTACION DE LA CALLE PRESA DE PEÑUELAS TRAMO: PASEO DE LA PRESA A RIO DE LOS CASTILLOS COL. RIV,Unitario,1,1,Obra,1,0
348,359,AMPLIACION DEL CDC EN LA COLONIA VALLE DE SAN JOSE (4A. ETAPA),Unitario,1,1,Obra,1,0
349,350,PAVIMENTACION DE CONCRETO HIDRAULICO DE LA CALLE CERRO DEL CUBILETE TRAMO: CERRO DE LA BUFA A JEREZ,Unitario,1,1,Obra,1,0
350,360,"RETIRO, DESMANTELAMIENTO Y REPOSICION DEL TECHADO DE LAMINA ACANALADA DEL MERCADO LAS MARGARITAS",Unitario,1,1,Obra,1,0
351,358,AMPLIACION DEL CDC EN LA COLONIA ERMITA (4TA. ETAPA),Unitario,1,1,Obra,1,0
352,347,REHABILITACION DE LINEA ELECTRICA DE LA COL. EL CARMEN,Unitario,1,1,Obra,1,0
353,354,PAVIMENTACION DE LA CALLE PRESA DEL REFUGIO TRAMO: HILARIO MEDINA A PRESA ALLENDE COL. PRESITAS DEL,Unitario,1,1,Obra,1,0
354,331,PROYECTO EJECUTIVO DE LA PAVIMENTACION DE LA CALLE LOMA DE LAS PETUNIAS TRAMO: LOMA DEL ROSAL A FRES,Unitario,1,1,Obra,1,0
355,332,PROYECTO EJECUTIVO DE LA PAVIMENTACION DE LA CALLE RAMON RAMIREZ M. TRAMO: BLVD. LAS TORRES A CALLE,Unitario,1,1,Obra,1,0
356,357,PAVIMENTACION DE CONCRETO HIDRAULICO DE LA CALLE JARDINES DEL ROCIO TRAMO: SALTILLO (GRAL. FRANCISCO,Unitario,1,1,Obra,1,0
357,362,REHABILITACION DE CANAL HIDRAULICO PARA DESALOJO Y CONDUCCION DE AGUA PLUVIAL CON GAVIONES EN EL INT,Unitario,1,1,Obra,1,0
358,349,PROYECTO EJECUTIVO DE LA PAVIMENTACIÓN DE LA AVENIDA DE LA MORADA (LADO PONIENTE) TRAMO: CRUCIFIXIÓN,Unitario,1,1,Obra,1,0
359,366,LIMPIEZA DE ARROYOS EN LAS COMUNIDADES DE LA RESERVA Y SAN JUAN DE OTATES LEON,Unitario,1,1,Obra,1,0
360,370,CONSTRUCCION DE RAMPAS Y ACCESOS AL PUENTE PEATONAL COLONIA LA ESCONDIDA LEON,Unitario,1,1,Obra,1,0
361,361,REHABILITACION EN EL EDIFICIO DE LA DIRECCION GENERAL DE OBRAS PUBLICAS BLVD. TORRES LANDA # 1701 B,Unitario,1,1,Obra,1,0
362,369,REPARACION DE BARDA PERIMETRAL EN EL SINDICATO NACIONAL DE TRABAJADORES DE LA EDUCACION SECCIÓN 13 (,Unitario,1,1,Obra,1,0
363,367,"LIMPIEZA DE ARROYOS EN LAS OCMUNIDADES DE LOS ARCOS, LOS TEPETATES, PROVIDENCIA Y EL CAPRICHO LEON",Unitario,1,1,Obra,1,0
364,373,CONSTRUCCION DE PUENTE VEHICULAR EN LA COMUNIDAD DE HACIENDA LEON,Unitario,1,1,Obra,1,0
365,372,PAVIMENTACION CALLE CORREGIDORA DE QUERETARO TRAMO: TIMOTEO LOZANO - LAS TORRES COL. LAL IBERTAD,Unitario,1,1,Obra,1,0
366,371,PAVIMENTACION DE CALLE CERRO DE SAN MIGUEL TRAMO: VOLCAN DE JORULLO A JEREZ DE CARTAGENA COL. CERRIT,Unitario,1,1,Obra,1,0
367,374,PAVIMENTACION DE LA CALLE LUIS SUAREZ ZAMBRANO TRAMO: DEL 440 - 439 AL BLVD MARIANO ESCOBEDO COL. LA,Unitario,1,1,Obra,1,0
368,364,"TRABAJOS DE LIMPIEZA, PINTURA Y PROTECCION BASICA ANTIGRAFITTI EN EL DISTRIBUIDOR VIAL JUAN PABLO II",Unitario,1,1,Obra,1,0
369,375,PAVIMENTACION DE LA CALLE MARTIRES DEL RIO BLANCO TRAMO: MINA EL CAPOTE - ARTICULO 127 COL. LA LIBER,Unitario,1,1,Obra,1,0
370,368,REVESTIMIENTO DE CAMINO EN LA COMUNIDAD DE OJO DE AGUA DE LOS REYES LEON,Unitario,1,1,Obra,1,0
371,348,PROYECTO EJECUTI VO DE LA PAVIMENTACION DE LA CALLE CARLOS MARIA BUSTAMANTE TRAMO: JOSE A. GODOY A L,Unitario,1,1,Obra,1,0
372,363,RETIRO DE MATERIAL EN AREA DE DONACION DE LA ERMITA LEON,Unitario,1,1,Obra,1,0
373,365,REMODELACION DE LA FACHADA DE LA CASA DE LA CULTURA DIEGO RIVERA UBICADO EN LA PLAZA DE LOS FUNDADOR,Unitario,1,1,Obra,1,0
374,376,PAVIMENTACION DE LA CALLE CIRCUITO RINCONADA DE SAN PEDRO TRAMO: DE MARMOLEJO - MARMOLEJO COL SAN PE,Unitario,1,1,Obra,1,0
375,11005,ESCALATORIA DE BLVD. DELTA TRAMO DE BLVD AEROPUERTO A BLVD TIMOTEO LOZANO (NOVENA ETAPA DE BLVD AERO,Unitario,1,1,Obra,1,0
376,378,PAVIMENTACIÓN DE LA CALLE ASAMBLEA DE QUERETARO TRAMO: DE BLVD. ATOTONILCO A ARTICULO 127 COL LA LIB,Unitario,1,1,Obra,1,0
377,381,"CONSTRUCCION DE LA 10A, COMANDANCIA DE TRANSITO EN EL BLVD. LA LUZ Y CALLE MARIO ""EL CAPI"" AYALA LEO",Unitario,1,1,Obra,1,0
378,377,PROYECTO EJECUTIVOS DE CALLES: MADRE SIERRA TRAMO: MADRE LUCIA - MADRE EVA COL. DIEZ DE MAYO Y CALLE,Unitario,1,1,Obra,1,0
379,11204,ESCALATORIA PAVIMENTACION DE LA CALLE H. AYUNTAMIENTO TRAMO: BLVD TIMOTEO LOZANO A CALLE LAS TORRES,Unitario,1,1,Obra,1,0
380,379,ALUMBRADO PUBLICO EN LA ESCUELA CLUB ROTARIO DE LA COLONIA LA GLORIA,Unitario,1,1,Obra,1,0
381,380,PROYECTO DE PARQUE ECOSISTEMICO BORDO LA PURISIMA LEON,Unitario,1,1,Obra,1,0
382,385,ANDADORES EN PARQUE LINEAL MARICHES ARROYO DE MARICHES S/N PILETAS,Unitario,1,1,Obra,1,0
383,386,"PROYECTO EJECUTIVO PARQUE DEL ARBOL SEGUNDA ETAPA (GIMNASIO, PORTICO DE ACCESO LONARIAS Y COMPLEMENT",Unitario,1,1,Obra,1,0
384,382,PLAZA COMUNITARIA EN LA COLONIA REVOLUCION BLVD. VASCO DE QUIROGA S/N REVOLUCION,Unitario,1,1,Obra,1,0
385,383,PARQUE CAMPESTRE DE JEREZ VALLE ARIZPE S/N CAMPESTRE DE JEREZ,Unitario,1,1,Obra,1,0
386,384,PARQUE EN LA COLONIA AGUA AZUL III SECCION SOJA S/N AGUA AZUL,Unitario,1,1,Obra,1,0
387,388,CONSTRUCCIÓN DE LA  7A COMANDANCIA DE TRÁNSITO DENTRO DE LAS INSTALACIONES DEL CAMPO DE TIRO (CARRET,Unitario,1,1,Obra,1,0
388,390,PAVIMENTACION DE LA CALLE VERBENA TRAMO: FRAY DANIEL MIRELES A HEROES DE LA INDEPENDENCIA COL. SAN P,Unitario,1,1,Obra,1,0
389,389,PAVIMENTACION DE LA CALLE CERRO DE LA SILLA TRAMO: PEÑON DE GIBRALTAR A JEREZ DE CARTAGENA (PARQUE),Unitario,1,1,Obra,1,0
390,387,PAVIMENTACION DE LA CALLE DEL CAPOTE TRAMO: DEL TORERO A AV. CENTRAL COL. PLAZA DE TOROS II SEC.,Unitario,1,1,Obra,1,0
391,356,PAVIMENTACION DE CONCRETO HIDRAULICO DE LA CALLE BIRMANIA TRAMO: DE KATMANDU A NEPAL Y DE NEPAL A FR,Unitario,1,1,Obra,1,0
392,392,CONSTRUCCION Y REFORZAMIENTO DE UN TRAMO DEL MURO PERIMETRAL EN LA ESCUELA SECUNDARIA TECNICA NO. 53,Unitario,1,1,Obra,1,0
393,394,PAVIMENTACION DE LA CALLE MADRE ROSA TRAMO: DE MADRE MARINA A AV. ATOTONILCO COL. 10 DE MAYO,Unitario,1,1,Obra,1,0
394,393,PAVIMENTACION DE LA CALLE JAIPUR TRAMO: CANAL DE SARDENETAA TIBET COL. LA INDIA,Unitario,1,1,Obra,1,0
395,395,CONSTRUCCION DE RED DE DISTRIBUCION LINEA DE CONDUCCION Y TANQUE SUPERFICIAL INCLUYE 814 TOMAS DOMIC,Unitario,1,1,Obra,1,0
396,391,PROYECTO EJECUTIVO DEL BLVD. ARISTOTELES TRAMO: CAD 1+220 (A 200 MTS. ANTES DE CRUZ PALOMINOS) - BLV,Unitario,1,1,Obra,1,0
397,397,CONSTRUCCION DEL BLVD. ARISTOTELES (SEPTIMA ETAPA),Unitario,1,1,Obra,1,0
398,400,PAVIMENTACION DE LA CALLE AURORA BOREAL TRAMO: DE CAMINO AL POTRERO - TEMPRANO COL. NUEVO AMANECER,Unitario,1,1,Obra,1,0
399,402,REHABILITACION AREA DE DONACION UBICADA EN LA CALLE PARQUE VIA COLONIA PARQUE MANZANARES; EXPLANADA,Unitario,1,1,Obra,1,0
400,399,CONSTRUCCION DE CANCHA DE USOS MULTIPLES DE PRACTICAS EN LA COL. LOMAS DE MEDINA LEON,Unitario,1,1,Obra,1,0
401,401,PAVIMENTACION DE LA CALLE ESTHER V. DE VOLLEGAS TRAMO: DE BLVD MARIANO ESCOBEDO A CALLE VICENTE GONZ,Unitario,1,1,Obra,1,0
402,407,ELABORACION DE BARRA DE CONCRETO E INSTALACION DE BEBEDEROS EN LA ESCUELA PRIMARIA URBANA JUVENTINO,Unitario,1,1,Obra,1,0
403,396,CONSTRUCCION DEL BLVD. CORRALES AYALA PRIMERA ETAPA,Unitario,1,1,Obra,1,0
404,403,"ELABORACION DE LOS ANALISIS COSTOS BENEFICIOS DEL BLVD. PASEO DE LOS INSURGENTES, BLVD TIMOTEO LOZAN",Unitario,1,1,Obra,1,0
405,398,SITIOS HISTORICOS Y CULTURALES CONSISTENTE EN RESTAURACION DE CUBIERTAS EN EL ORATORIO DE SAN FELIPE,Unitario,1,1,Obra,1,0
406,405,CONTRATACION E INSTALACION NUEVA DE 2 REDUCTORES DE VELOCIDAD (TOPES DE PLASTICO) EN LA COLONIA ERMI,Unitario,1,1,Obra,1,0
407,404,CUERPO NORTE DEL BLVD. CAMPESTRE TRAMO: DE AVENIDA EUGENIO GARZA SADA AL ACCESO AL FRACCIONAMIENTO B,Unitario,1,1,Obra,1,0
408,406,PROYECTO DE AMPLIACION Y ADECUACION DEL PARADERO DEL SIT UBICADO EN EL PARQUE JUAREZ LEON,Unitario,1,1,Obra,1,0
409,408,"CONSTRUCCION DE BANQUETAS EN LA ESCUELA ""TOBIAS A. HERNANDEZ"" LEON",Unitario,1,1,Obra,1,0
410,410,ESTUDIO DE JUSTIFICACION ECONOMICA DE LOS ESPACIOS DEPORTIVOS DE PARQUE EXTREMO EN LA COL. LAS HILAM,Unitario,1,1,Obra,1,0
411,409,ADECUACION DE CENTRO GERONTOLOGICO DEL DIF 1RA ETAPA LEON,Unitario,1,1,Obra,1,0
412,411,PAVIMENTACION DE LA CALLE LAS CRUCES TRAMO: DEL POTRERO - ESCULTURA,Unitario,1,1,Obra,1,0
413,419,"PLAZA CIVICA BLVD. CALCOPIRITA, COL. LEON II",Unitario,1,1,Obra,1,0
414,437,PAVIMENTACION DEL AREA DE ESTACIONAMIENTO DEL ESTADIO LEON,Unitario,1,1,Obra,1,0
415,412,PROYECTO EJECUTIVO DE LAS CALLES NEHEMIAS TRAMO: SAN BENIGNO A CALLE SAN LAZARO COL. NUEVA SANTA ROS,Unitario,1,1,Obra,1,0
416,413,SIT 3RA. ETAPA ESTUDIO FUNCIONAL DE LA TERCERA ETAPA DEL SIT,Unitario,1,1,Obra,1,0
417,415,PAVIMENTACION DE LA CALLE CIRUELO TRAMO: DE SAN ROMAN A COCTERO COL. ARBOLEDAS DE INFONAVIT,Unitario,1,1,Obra,1,0
418,417,PAVIMENTACION DE CALLE DALIAS TRAMO: DE CALLE DE LOS LIRIOS A CALLE SAMALIA COL. LOMAS DE MEDINA,Unitario,1,1,Obra,1,0
419,418,PAVIMENTACION DE CALLE AFLUENCIA DEL RIO TRAMO: DE AFLUENCIA DEL RIO - TOPAR COL. VALLE DEL SUR,Unitario,1,1,Obra,1,0
420,420,PAVIMENTACION DE OCNCRETO HIDRAULICO DE LA CALLE COSTAS DEL OCEANO GLACIAL ARTICO TRAMO: DE MALECON,Unitario,1,1,Obra,1,0
421,421,RESTAURACION DE VITRALES EN LA CATEDRAL BASILICA DE LEON 2DA. ETAPA ZONA CENTRO,Unitario,1,1,Obra,1,0
422,422,BARDA PERIMETRAL EN ESCUELA PRIMARIA NUEVO AMANECER Y CONSTRUCCION DE PORTICO EN PRIMARIA URBANA IGN,Unitario,1,1,Obra,1,0
423,424,CONSTRATACION E INSTALACION DE VARIOS REDUCTORES DE VELOCIDAD (TOPES DE PLÁSTICO) EN DIFERENTES PART,Unitario,1,1,Obra,1,0
424,425,PAVIMENTACION DE LA CALLE CERRO GORDO TRAMO: DE CERRO DE CAPULINA A SIERRA GORDA COL. CERRITO DE JER,Unitario,1,1,Obra,1,0
425,423,APARATOS DE EJERCICIO FISICO CALLE SAN JOSE DE COSTA RICA COL. REFUGIO DE SAN JOSE; INSTALACION DE J,Unitario,1,1,Obra,1,0
426,429,PAVIMENTACION DE LA CALLE PRINCIPAL DE LOS LOPEZ 3A. ETAPA TRAMO: CALLE PRINCIPAL DEL 0+880 A 1+180,Unitario,1,1,Obra,1,0
427,432,PAVIMENTACION DE LA CALLE PRINCIPAL RANCHO NUEVO LA LUZ TRAMO: CIRCUITO SAN JUDAS - BARRETOS A TEMPL,Unitario,1,1,Obra,1,0
428,433,PAVIMENTACION DE LA CALLE CERRO DE CULIACAN TRAMO: PEÑON DE GIBRALTAR - FRENTE A LOS NUMEROS 443 Y 4,Unitario,1,1,Obra,1,0
429,434,PAVIMENTACION CALLE PRINCIPAL (BENITO JUAREZ) TRAMO: CARRETERA LEON - AGUASCALIENTES A TOPAR LA RESE,Unitario,1,1,Obra,1,0
430,435,PAVIMENTACION  DE LA CALLE CERRO DE LA  BUFA TRAMO: JEREZ DE LA LUZ A CLIMATERIO COL. VILLAS DE SANT,Unitario,1,1,Obra,1,0
431,436,PAVIEMENTACION DE LA CALLE BONIFACIO COLLAZO TRAMO: CALLE CRISTINA ORTEGA A JUAN NEPOMUCENO COL. CAS,Unitario,1,1,Obra,1,0
432,439,PAVIMENTACION DE LA CALLE CACAO TRAMO: DE CEDRO A GUAYABO COL. ARBOLEDAS DE INFONAVIT,Unitario,1,1,Obra,1,0
433,438,LIMPIEZA Y DESAZOLVE EN EL ARROYO DE LAS COMUNIDADES DE LA PATIÑA Y HACIENDA ARRIBA,Unitario,1,1,Obra,1,0
434,427,REHABILITACION DE IMAGEN DE LA PLAZA EN LA COL. LOMAS DE LA PISCINA,Unitario,1,1,Obra,1,0
435,431,PAVIMENTACION DE LA CALLE CLUB LIBERAL TRAMO: MINA EL CAPOTE - ARTICULO 127 COL. LIBERTAD,Unitario,1,1,Obra,1,0
436,440,PAVIMENTACION DE CALLE TANTALIO TRAMO: OXIGENO-POTASIO  COL. VALLE DE SEÑORA,Unitario,1,1,Obra,1,0
437,447,CONSTRUCCION DE PLAZA CIVICA COMUNIDAD SANTA ROSA PLAN DE AYALA SEGUNDA ETAPA LEON,Unitario,1,1,Obra,1,0
438,451,REMODELACION DE MINI DEPORTIVA ENTRE MARIANO ESCOBEDO Y HAWAI COL. CIUDAD SATELITE,Unitario,1,1,Obra,1,0
439,443,"1A. ETAPA DE LA REHABILITACION DE LOS PAVIMENTOS DE LA AV. IBARRILLA, LEON",Unitario,1,1,Obra,1,0
440,442,1A. ETAPA DE LA REHABILITACION DE LOS PAVIMENTOS DE LA AV. JUAREZ EN EL TRAMO: DE BLVD. TIMOTEO LOZA,Unitario,1,1,Obra,1,0
441,450,RETIRO DEL MONUMENTO A LA AMISTAD INTERNACIONAL EN GLORIETA DEL RIO Y CALZADA DE LOS HEROES LEON,Unitario,1,1,Obra,1,0
442,426,PAVIMENTACION DE LA CALLE JUPITER TRAMO: DE FRAY LUIS DE HERRERA - 1 ORIENTE COL. VILLA INSURGENTES,Unitario,1,1,Obra,1,0
443,414,PAVIMENTACION DE CALLE FILADELFIA TRAMO: DE PRIV. NUEVA ORLEANS COL. LAS AMERICAS,Unitario,1,1,Obra,1,0
444,449,PAVIMENTACION DEL CUERPO LATERAL SUR BLVD. JUAN ALONSO DE TORRES DE CALLE ABTONIO SILVA A CALLE FUER,Unitario,1,1,Obra,1,0
445,444,PROYECTO EJECUTIVO DE INTERSECCION A DESNIVEL DEL BLVD. JOSE MARIA MORELOS CON BLVD. J. CLOUTHIER -,Unitario,1,1,Obra,1,0
446,445,PROYECTO EJECUTIVO CARRETERA SALAMANCA - LEON INTERSECCION BLVD. DELTA EN LA CD. DE LEON,Unitario,1,1,Obra,1,0
447,430,PAVIMENTACION DE LA CALLE HORIZONTE TRAMO: CONSTELACION BOREAL - TOPAR COL. MIRADOR CAMPESTRE,Unitario,1,1,Obra,1,0
448,416,PAVIMENTACION DE LA CALLE MARIA ALICIA TRAMO: DE MARIA PATRICIA - MARIA DOLORES COL. ORIENTAL,Unitario,1,1,Obra,1,0
449,441,PAVIMENTACION DEL CALLEJON EN LA CALLE CRUZ TREBOLADA COL. EL SUSPIRO; CONSTRUCCION DE CANCHA DE USO,Unitario,1,1,Obra,1,0
450,460,"MANTENIMIENTO INTEGRAL DE PARQUES Y JARDINES PARA LAS ZONAS URBANAS VII, XIII LEON GTO.",Unitario,1,1,Obra,1,0
451,452,REHABILITACION DE NUCLEOS SANITARIOS EN CECYTEG PLANTEL SAN JUAN BOSCO EN CALLE VICENTE GONZALEZ  DE,Unitario,1,1,Obra,1,0
452,455,MANTENIMIENTO INTEGRAL DE PARQUES Y JARDINES PARA LAS ZONAS URBANAS I Y II LEON GTO,Unitario,1,1,Obra,1,0
453,456,MANTENIMIENTO INTEGRAL DE PARQUES Y JARDINES PARA LA ZONA URBANA III LEON GTO.,Unitario,1,1,Obra,1,0
454,457,MANTENIMIENTO INTEGRAL DE PARQUES Y JARDINES PARA LA ZONA URBANA IV Y MANTENIMIENTO PREVENTIVO DE AR,Unitario,1,1,Obra,1,0
455,459,MANTENIMIENTO INTEGRAL DE PARQUES Y JARDINES PARA LA ZONA URBANA VI LEON GTO.,Unitario,1,1,Obra,1,0
456,462,MANTENIMIENTO INTEGRAL DE PARQUES Y JARDINES PARA LA ZONA URBANA IX,Unitario,1,1,Obra,1,0
457,463,MANTENIMIENTO INTEGRAL DE PARQUES Y JARDINES PARA LA ZONA URBANA X,Unitario,1,1,Obra,1,0
458,464,MANTENIMIENTO INTEGRAL DE PARQUES Y JARDINESPARA LA ZONA URBANA XI,Unitario,1,1,Obra,1,0
459,465,MANTENIMIENTO INTEGRAL DE PARQUES Y JARDINES PARA LA ZONA URBANA XII Y MANTENIMIENTO EN MALECON DEL,Unitario,1,1,Obra,1,0
460,467,MANTENIMIENTO INTEGRAL DE PARQUES Y JARDINES PARA LA ZONA URBANA XV LEON GTO.,Unitario,1,1,Obra,1,0
461,468,MANTENIMIENTO PREVENTIVO DE ARBOLES ZONA NORTE LEON,Unitario,1,1,Obra,1,0
462,469,MANTENIMIENTO PREVENTIVO DE ARBOLES ZONA CENTRO LEON,Unitario,1,1,Obra,1,0
463,473,PAVIMENTACION DE LA CALLE TIERRA DE MANZANARES VARIOS TRAMOS: TRAMO 1: DE CANTIL A AV. DEL VALLE DE,Unitario,1,1,Obra,1,0
464,474,PAVIMENTACION DE LA CALLE ANDADOR CIELO TRAMO: DE CALLE HONOR A CALLE DEL DUELO COL. EL SUSPIRO,Unitario,1,1,Obra,1,0
465,476,ALUMBRADO PUBLICO DE LA CALLE IZTACCIHUATL ENTRE MALAGA -ZARAGOZA COL. PILETAS III,Unitario,1,1,Obra,1,0
466,478,PAVIMENTACION DE CALLE PASEO DE LA PRESA TRAMO: DE PAVIMENTO EXISTENTE A ARROYO SARDENETA COL. IBARR,Unitario,1,1,Obra,1,0
467,481,PAVIMENTACION DE LA CALLE NITROGENO TRAMO: MAGNESIO - HELIO COL. VALLE DE SEÑORA,Unitario,1,1,Obra,1,0
468,448,PAVIMENTACION DE LA CALLE RIO TONALA TRAMO: RIO GUANAJUATO - RIO CONCHOS COL. FRACCIONAMIENTO SAN MI,Unitario,1,1,Obra,1,0
469,466,MANTENIMIENTO INTEGRAL DE PARQUES Y JARDINES PARA LA ZONA URBANA XIV Y MANTENIMIENTO DEL BLVD. AEROP,Unitario,1,1,Obra,1,0
470,470,MANTENIMIENTO INTEGRAL DE PARQUES Y JARDINES MEJORA DE PLAZAS EN ZONA URBANA PAQ. 2 LEON GTO.,Unitario,1,1,Obra,1,0
471,475,REACTIVACION DEL CORREDOR LOPEZ MATEOS TRAMO: MIGUEL ALEMAN A GARDENIA CENTRO,Unitario,1,1,Obra,1,0
472,479,PAVIMENTACION DE CALLE ART. 27 TRAMO: DE BLVD. TIMOTEO LOZANO A ASAMBLEA DE QUERETARO COL. LA LIBERT,Unitario,1,1,Obra,1,0
473,480,"PAVIMENTACION DE CALLE CIRCUITO COLOMBIA BRASIL, COL. OBRERA",Unitario,1,1,Obra,1,0
474,477,PAVIMENTACION DE CALLE CONGRESO CONSTITUYENTE TRAMO: BLVD. ATOTONILCO -ARTICULO 127 COL. LIBERTAD,Unitario,1,1,Obra,1,0
475,446,"PLAN MAESTRO, PARQUE METROPOLITANO ORIENTE (ALBARRADONES) LEON",Unitario,1,1,Obra,1,0
476,458,"MANTENIMIENTO INTEGRAL DE PARQUES Y JARDINES PARA LAS ZONAS URBANAS V Y XVI LEON, GTO.",Unitario,1,1,Obra,1,0
477,453,PAVIMENTACION DE LA CALLE JICAMA TRAMO: DE BLVD. CEREZA A TOPAR CON ANDADOR COL. LAS MANDARINAS,Unitario,1,1,Obra,1,0
478,454,PAVIMENTACIÓN DE LA CALLE FOSFORO TRAMO: DE OXIGENO - ANDADOR BLAS PASCAL COL. VALLE DE SEÑORA,Unitario,1,1,Obra,1,0
479,287,PROYECTO EJECUTIVO DE LAS CALLES: MANUEL PAYNO TRAMO: JOSE A. GODOY - JOSE MA. ROA BARCENAS; FRANCIS,Unitario,1,1,Obra,1,0
480,461,MANTENIMIENTO INTEGRAL DE PARQUES Y JARDINES PARA LA ZONA URBANA VIII LEON GTO.,Unitario,1,1,Obra,1,0
481,482,VEGETACION BLVD. ADOLFO LOPEZ MATEOS TRAMO: DE CALLE MERIDA A CALLE 11 DE JUNIO LEON,Unitario,1,1,Obra,1,0
482,484,BARDA PERIMETRAL  ESC. MARIA GREEVER; REMODELACION DE PISOS DE AULAS EN ESC. HERMANOS ALDAMA; PINTUR,Unitario,1,1,Obra,1,0
483,471,MANTENIMIENTO INTEGRAL DE PARQUES Y JARDINES MEJORA DE PLAZAS EN ZONA RURAL LEON GTO.,Unitario,1,1,Obra,1,0
484,472,MANTENIMIENTO ZONAS REFORESTADAS ARBOLIMETRO LEON GTO,Unitario,1,1,Obra,1,0
485,483,CONSTRUCCION DE CISTERNAS Y SISTEMAS DE RIEGO UBICACION BLVD. ADOLFO LOPEZ MATEO TRAMO: DE CALLE MER,Unitario,1,1,Obra,1,0
486,485,PAVIMENTACION DE LA CALLE AMOS TRAMO: DE SAN LAZARO A SAN BENIGNO COL. NUEVA SANTA ROSA DE LIMA,Unitario,1,1,Obra,1,0
487,486,REFORZAMIENTO DEL MALECON DEL RIO A BASE DE MICROPILOTES Y DENTELLON DE ANCLAJE PARA AMARRE DE LOS M,Unitario,1,1,Obra,1,0
488,11298,TRABAJOS DE BLINDAJE DE EDIFICIO CENTRAL DE EMERGENCIA 066 EN LA CIUDAD DE LEON,Unitario,1,1,Obra,1,0
489,11315,PAVIMENTACION DE LA CALLE JUAN NEPOMUCENO TRAMO: BLVD. ADOLFO LOPEZ MATEOS SALIDA LOS GOMEZ,Unitario,1,1,Obra,1,0
490,11309,PAVIMENTACION DE LA CALLE JUAN TORRES SEPTIEM TRAMO: CALLE ROSA MARIA GUTIERREZ A BLVD MARIANO ESCOB,Unitario,1,1,Obra,1,0
491,11352,PUENTE PEATONAL DE LA RUTA DEL PEATON EN CALZADA DE LOS HEROES TRAMO: INTERSECCION DE RIO DE LOS GOM,Unitario,1,1,Obra,1,0
492,11108,ESCALATORIA PUENTE SOBRE ARROYO EL GRANIZO Y AV. TRANSPORTISTAS COL. EL PALOTE,Unitario,1,1,Obra,1,0
493,11143,"ESCALATORIA CICLOVIA EN EL BLVD. IBARRILLA TRAMO DE BLVD. JOSE MARIA MORELOS A ZOOLOGICO, LEON, GTO",Unitario,1,1,Obra,1,0
494,11478,PAVIMENTACION DE LA  CALLE PASEO DE LA PRESA TRAMO: DE PAVIMENTO EXISTENTE A ARROYO SARDENETA COLONI,Unitario,1,1,Obra,1,0
495,11219,ESCALATORIA RED SUBTERRANEA DE MEDIA Y BAJA TENSION DEL BLVD. ADOLFO LOPEZ MATEOS TRAMO: ENTRE CALLE,Unitario,1,1,Obra,1,0
496,11162,ESCALATORIA 1 CONSTRUCCION DE CICLOVIA EN EL BOULEVARD VERTIZ CAMPERO TRAMO: JOSE MARÍA MORELOS A BL,Unitario,1,1,Obra,1,0
497,11486,ESCALATORIA 1 REFORZAMIENTO DEL MALECON DEL RIO A BASE DE MICROPILOTES Y DENTELLON DE ANCLAJE PARA A,Unitario,1,1,Obra,1,0
498,11399,ESCALATORIA 1 CONSTRUCCION DE CANCHAS DE USOS MULTIPLES DE PRACTICAS EN COL. LOMAS DE MEDINA,Unitario,1,1,Obra,1,0
499,11009,PAVIMENTACION CUERPOS LATERALES BLVD. JOSE MA. MORELOS INTERSECCION BLVD. IBARRILLA DE CAD. 0+100  A,Unitario,1,1,Obra,1,0
