﻿Id_Obra,Clave_Obra,Nombre,Tipo_Precio,Id_Sub_Programa,Id_Localidad,Tipo_Obra_Proyecto,Id_Sub_Tipo_Obra,Id_Oficio_Asignacion_Obra
1,9,PROYECTO EJECUTIVO DE PAVIMENTACION DE LAS CALLES: ANDADOR LOGROÑO TRAMO: DE MURCIA A MALAGA COL. SA,Unitario,1,1,Obra,1,0
2,1,SUMINISTRO E INSTALACION DE EQUIPOS DE TELEGESTION EN EQUIPOS AHORRADORES DE ENERGIA EN EL MUNICIPIO,Unitario,1,1,Obra,1,0
3,2,PAVIMENTACION DE LA CALLE CANTERA TRAMO: CERDEÑA A CIMA COL. PARQUE MANZANARES,Unitario,1,1,Obra,1,0
4,3,PAVIMENTACION DE LA CALLE GRANITO TRAMO: CERDEÑA DE MANZANARES A VALLE DE MANZANARES COL. PARQUE MAN,Unitario,1,1,Obra,1,0
5,4,VIALIDADES LATERALES CRUCE A NIVEL Y ADECUACION DE SERVICIOS DE LA INTERSECCION DE LA C.F. 45 CON EL,Unitario,1,1,Obra,1,0
6,5,"CONSTRUCCION DEL QUINTO CENTRO MULTIDICIPLINARIO PARA LA ATENCION INTEGRAL DE LA VIOLENCIA EN LEON,",Unitario,1,1,Obra,1,0
7,6,PROYECTO DEL MUSEO DE LAS IDENTIDADES LEONESAS,Unitario,1,1,Obra,1,0
8,7,PROYECTO EJECUTIVO DE PAVIMENTACION DE LAS CALLES: CERRO DE LOS ANGELES TRAMO: DE CERRO DEL CUBO A C,Unitario,1,1,Obra,1,0
9,8,PROYECTO EJECUTIVO DE PAVIMENTACION DE LAS CALLES: MADRE ROSARIO TRAMO: DE MADRE MARINA A MADRE SIER,Unitario,1,1,Obra,1,0
10,10,PROYECTO EJECUTIVO DE PAVIMENTACION DE LAS CALLES: LOMAS DE LA PLAZA TRAMO: DE LOMAS DE LAS PETUNIAS,Unitario,1,1,Obra,1,0
11,11,REHABILITACION DE INSTALACION ELECTRICA E IMPERMEABILIZACION EN LA ESCUELA HERMENEGILDO GALEANA EN L,Unitario,1,1,Obra,1,0
12,12,PROYECTO EJECUTIVO DE PAVIMENTACION DE LA CALLE: SAN JOSE DEL REFUGIO TRAMO: SAN JOSE DE LA CRUZ A S,Unitario,1,1,Obra,1,0
13,13,TRABAJOS DE PINTURA EN REJAS Y POSTES DE PROTECCION CICLOVIA EN BLVD. JUAN ALONSO DE TORRES TRAMO: B,Unitario,1,1,Obra,1,0
14,14,REHABILITACION DE CICLOVIA EN BLDV. JUAN ALONSO DE TORRES TRAMO: DE BLVD. INSURGENTES A BLVD. JOSE M,Unitario,1,1,Obra,1,0
15,15,PAVIMENTACION DE LA CALLE MIGUEL T. BARRON TRAMO: DE CALLE ENRIQUE ARANDA A CALLE ANTONIO HERNANDEZ,Unitario,1,1,Obra,1,0
16,16,"VIALIDADES LATERALES, CRUCE A NIVEL Y ADECUACION DE SERVICIOS DE LA INTERSECCION DE LA C.F. 45 CON E",Unitario,1,1,Obra,1,0
17,17,REFORZAMIENTO ESTRUCTURAL A BASE DE ESTRUCTURA METALICA EN SOTANO PLAZA CATEDRAL LEON,Unitario,1,1,Obra,1,0
18,18,EDIFICIO PLAZA CATEDRAL ( 842 M2 DE CONSTRUCCION PARCIAL EXISTENTE) LEON,Unitario,1,1,Obra,1,0
19,26,ADECUACION DEL PROYECTO EJECUTIVO DEL CAMINO COMANJA DE CORONA JALISCO A HACIENDA ARRIBA ( SAN JOSE,Unitario,1,1,Obra,1,0
20,19,PAVIMENTACION DE LA CALLE MELOCOTON TRAMO: DE BLVD. CEREZA A CALLE AGUACATE COL. LAS MANDARINAS,Unitario,1,1,Obra,1,0
21,22,DEMOLICION DE LOSAS Y CONSTRUCCION DE NUEVA CUBIERTA EN 2 AULAS ADOSADAS ESC. PRIMARIA JOSE MA. MORE,Unitario,1,1,Obra,1,0
22,23,TRABAJOS COMPLEMENTARIOS PARA PROYECTO EJECUTIVO PUENTE CENTRAL (2) EN BLVD. JOSE MARIA MORELOS INTE,Unitario,1,1,Obra,1,0
23,24,"PROYECTO TRABAJOS COMPLEMENTARIOS PARA PROYECTO GEOMETRICO, ESTUDIOS TOPOGRAFICOS Y FICHAS DE AFECTA",Unitario,1,1,Obra,1,0
24,25,PAVIMENTACION DE LA CALLE LAURO VILLEGAS TRAMO: DE JOSEFINA CAMARENA A CEFERINO ORTIZ COL. LEON II,Unitario,1,1,Obra,1,0
25,27,"CONSTRUCCION DE FIRME, MODULO DE BAÑOS Y COCINA POR REPOSICION DE CONSTRUCCION EXISTENTE DE ACUERDO",Unitario,1,1,Obra,1,0
26,28,CONSTRUCCION DE AGUA POTABLE Y ALCANTARILLADO EN LA COMUNIDAD LA RESERVA,Unitario,1,1,Obra,1,0
27,20,PROYECTO EJECUTIVO RUTA DEL PEATON 27 DE SEPTIEMBRE PLAZA DEL MUSICO TRAMO 1: 27 DE SEPTIEMBRE A LOP,Unitario,1,1,Obra,1,0
28,32,PAVIMENTACION DE LA CALLE MERCURIO TRAMO: DE JUPITER A RIQUEL COL. POPULAR ANAYA,Unitario,1,1,Obra,1,0
29,21,CONSTRUCCION DE BANQUETAS EN LA CALLE PRINCIPAL TRAMO: CALLE OMEGA A TOPAR CON PAVIMENTO EXISTENTE C,Unitario,1,1,Obra,1,0
30,29,"SEMAFORIZACION DE GLORIETA PANORAMA, LEON",Unitario,1,1,Obra,1,0
31,30,INSTALACION DE SEMAFOROS COLONIALES EN LAS INTERSECCIONES QUE CONFORMAN ALVARO OBREGON Y 20 DE ENERO,Unitario,1,1,Obra,1,0
32,31,PAVIMENTACION DE LA CALLE AND. CRUZ DEL SUR TRAMO: DE URUAPAN A TOPAR (ANTARES) COL. POPULAR ANAYA,Unitario,1,1,Obra,1,0
33,33,PROYECTO EJECUTIVO DE LAS CALLES: FAISAN TRAMO: GRANJAS-AV. CENTRAL Y CALLE CENZONTLE TRAMO: DE ALON,Unitario,1,1,Obra,1,0
34,34,PROYECTO EJECUTIVO DE LAS CALLES: RAMON RAMIREZ TRAMO: BLVD. TELLEZ CRUCES-ANTONIO HERNANDEZ Y CALLE,Unitario,1,1,Obra,1,0
35,35,PROYECTO EJECUTIVO DE LAS CALLES: MARTIRES DE TLATELOLCO TRAMO: 14 DE MAYO-26 DE AGOSTO COL. MORELOS,Unitario,1,1,Obra,1,0
36,36,PROYECTO EJECUTIVO DE LA CALLE LOMA LARGA TRAMO: CERRO DEL SOYATE-CERRO LARGO COL. POPULAR POLANCO,Unitario,1,1,Obra,1,0
37,37,PROYECTO EJECUTIVO DE LA CALLE: RIO CUARTO TRAMO: BLVD. TIMOTEO LOZANO-MAR DE JAVA COL. JARDINES DE,Unitario,1,1,Obra,1,0
38,38,PROYECTO EJECUTIVO DE PAVIMENTACION DE LAS CALLES: TLACOPAN TRAMO: GOLFO DE TEHUANTEPEC-TOPAR SUU CO,Unitario,1,1,Obra,1,0
39,39,PROYECTO EJECUTIVO DE PAVIMENTACION DE LAS CALLES: SAN LUCAS TRAMO: SAN JUSTO-TOPAR Y CALLE SAN ISID,Unitario,1,1,Obra,1,0
40,41,CONSTRUCCION DE BARDA PERIMETRAL PARA LA ESCUELA FRANCISCO ZARATE EN LA COL. VIBAR LEON,Unitario,1,1,Obra,1,0
41,43,ESTUDIO GEOFISICO PARA DETENCION DE SOCAVACIONES DE EDIFICIOS PUBLICOS DE ZONA CENTRO,Unitario,1,1,Obra,1,0
42,44,PAVIMENTACION DE LA CALLE LIRIOS TRAMO: BLVD. J. JOSE TORRES LANDA-TOPAR COL. JARDINES DE JEREZ,Unitario,1,1,Obra,1,0
43,45,PROYECTO EJECUTIVO DE INTERSECCION DEL BLVD. SAN JUAN BOSCO CON PASEO DE LOS INSURGENTES,Unitario,1,1,Obra,1,0
44,40,PROYECTO EJECUTIVO DE PAVIMENTACION DE LAS CALLES: BENITO GUZMAN TRAMO: MARIANO ESCOBEDO - JOSEFINA,Unitario,1,1,Obra,1,0
45,42,"RESTAURACION DEL TEATRO FRAY PEDRO DE GANTE, LEON",Unitario,1,1,Obra,1,0
46,46,PAVIMENTACION DE LA CALLE PASEO  DE LOS CUERVOS TRAMO: BLVD. SAN PEDRO A CALLE PASEO DE LOS VERDINES,Unitario,1,1,Obra,1,0
47,47,"REHABILITACION DE SANITARIOS, CASETA DE VIGILANCIA, RECEPCION Y TERRAZA PARA COMEDOR DEL EDIFICIO DE",Unitario,1,1,Obra,1,0
48,48,"REPINTADO DE PUENTE Y TORRE PUERTA MILENIO, LEON",Unitario,1,1,Obra,1,0
49,49,PAVIMENTACION DE LA CALLE OCASO TRAMO: DE CAMINO AL POTRERO A TEMPRANO COL. NUEVO AMANECER,Unitario,1,1,Obra,1,0
50,53,PINTURA Y MANO DE OBRA A POSTES METALICOS DE LA CIUDAD CORRESPONDIENTES A LA AV. PASEO DE LOS INSURG,Unitario,1,1,Obra,1,0
51,54,LIMPIEZA DE GRAFITTI Y PROTECCION DE SUPERFICIES EN EL BLVD ADOLFO  LOPEZ  TRAMO: DE AV. PASEO DE LO,Unitario,1,1,Obra,1,0
52,55,LAVADO LIMPIEZA EN BARDA ATRIAL DE LA CATEDRAL BASILICA .LEON,Unitario,1,1,Obra,1,0
53,56,BARDA PERIMETRAL EN PLANTA DE TRATAMIENTO EN LA OCMUNIDAD DE ESTANCIA DE LOS SAPOS Y EN RANCHO NUEVO,Unitario,1,1,Obra,1,0
54,52,PAVIMENTACION DE LA CALLE NUEVO HAMBURGO TRAMO: DE BLVD. ANTONIO MADRAZO A CARACAS COL. LA CARMONA,Unitario,1,1,Obra,1,0
55,61,PAVIMENTACION DE LA CALLE MADRE REYNA TRAMO: DE MADRE TIERRA A MADRE MARINA COL. 10 DE MAYO,Unitario,1,1,Obra,1,0
56,58,PAVIMENTACION DE LA CALLE NAGPUR TRAMO: DE CANAL DE SARDENETA A TOPAR COL. LA INDIA,Unitario,1,1,Obra,1,0
57,50,PAVIMENTACION DE LA CALLE CHAYOTE TRAMO: DE CANDELARIA - FRENTE AL 217 COL. LA MORA,Unitario,1,1,Obra,1,0
58,51,PAVIMENTACION DE LA CALLE ZITACUARO TRAMO: DE ZAMORA A PAVIMENTO EXISTENTE COL. SAN AGUSTIN,Unitario,1,1,Obra,1,0
59,57,"CONSTRUCCION DE MODULO DE 15 GAVETAS PARA ADULTO EN LA COMUNIDAD DE VAQUERIAS, CONSTRUCCION DE 400 O",Unitario,1,1,Obra,1,0
60,59,PAVIMENTACION DE LA CALLE CLORO (T3) TRAMO: DE POTASIO - TITANIO COL. VALLE DE SEÑORA,Unitario,1,1,Obra,1,0
61,63,PAVIMENTACION DE LA CALLE MISERICORDIA TRAMO: DE MADRE AURORA A MADRE MAURA COL. LA GLORIA,Unitario,1,1,Obra,1,0
62,64,MANTENIMIENTO A LOS PAVIMENTOS DEL BLVD. JUAN ALONSO DE TORRES TRAMO: DE BLVD CLOUTHIER A BLVD SANAB,Unitario,1,1,Obra,1,0
63,65,REHABILITACION DE LOS PAVIMENTOS DEL BLVD. AEROPUERTO LEON,Unitario,1,1,Obra,1,0
64,66,MANTENIMIENTO A LOS PAVIMENTOS DEL BLVD. ADOLFO LOPEZ MATEOS TRAMO: BLVD. SAN PEDRO A BLVD. PASEO DE,Unitario,1,1,Obra,1,0
65,68,REVESTIMIENTO DEL CUERPO LATERAL SUR BLVD. JUAN ALONSO DE TORRES TRAMO: BLVD. HIDALGO A ANTONI SILVA,Unitario,1,1,Obra,1,0
66,69,MANTENIMIENTO A LOS PAVIMENTOS DEL BLVD. MORELOS INTERSECCION CON BLVD HIDALGO LEON,Unitario,1,1,Obra,1,0
67,75,ALUMBRADO PUBLICO PARA REHABILITAR ESTACIONAMIENTOS LEON,Unitario,1,1,Obra,1,0
68,60,PAVIMENTACION DE LA CALLE MATILDE TRAMO: DE REFUGIO - IGNACIO GARCIA TELLEZ COL. ORIENTAL,Unitario,1,1,Obra,1,0
69,62,PAVIMENTACION DE LA CALLE ARGON TRAMO: DE POTASIO - ANDADOR MARIA CURIE COL. VALLE DE SEÑORA,Unitario,1,1,Obra,1,0
70,67,REVESTIMIENTO DEL CUERPO LATERAL SUR BLVD. JUAN ALONSO DE TORRES TRAMO: BLVD. ANTONIO MADRAZO A BLVD,Unitario,1,1,Obra,1,0
71,70,PAVIMENTACION DE LA CALLE MADRE SUSANA TRAMO: DE TOPAR A ORIENTE - TOPAR A PONIENTE COL. DIEZ DE MAY,Unitario,1,1,Obra,1,0
72,71,PAVIMENTACION DE LA CALLE FRANCISCO LOMBARDO TRAMO: DE OSE A. GODOY - JOSE MA ROA BARCENA COL. PERIO,Unitario,1,1,Obra,1,0
73,74,MANTENIMIENTO PREVENTIVO Y CORRECTIVO DE FUENTES EN VARIAS PARTES DE LA CD. DE LEON GTO,Unitario,1,1,Obra,1,0
74,80,PAVIMENTACION DE LA CALLE MADRE AMALIA TRAMO: DE ATOTONILCO A MADRE MARINA COL. DIEZ DE MAYO,Unitario,1,1,Obra,1,0
75,76,"HABILITACION DE TERRENOS PARA ESTACIONAMIENTO EN RANCHO ALEGRE (14) HIDALGO Y LAS TORRES, TIMOTEO, S",Unitario,1,1,Obra,1,0
76,81,"SEÑALIZACION HORIZONTAL EN LAS PRINCIPALES VIALIDADES DE LA CIUDAD, MEDIANTE PINTURA TERMOPLASTICA P",Unitario,1,1,Obra,1,0
77,82,"SEÑALIZACION HORIZONTAL EN LAS PRINCIPALES VIALIDADES DE LA CIUDAD, MEDIANTE PINTURA TERMOPLASTICA P",Unitario,1,1,Obra,1,0
78,73,"MANTENIMIENTO INTEGRAL DE PARQUES Y JARDINES OFICINAS MUNICIPALES LEON, GTO",Unitario,1,1,Obra,1,0
79,79,CONSTRUCCION DE CICLOVIA SOBRE LA CALLE 21 DE MARZO DE BLVD. SAN JUAN BOSCO A CALLE CLVADONGA Y EN C,Unitario,1,1,Obra,1,0
80,83,PROYECTO EJECUTIVO DE PAVIMENTACION DE LAS CALLES: ANTONIO RODRIGUEZ DE LUGO TRAMO: JUAN BAUTISTA -,Unitario,1,1,Obra,1,0
81,85,PAVIMENTACION DE LA CALLE JUAN TORRES SEPTIEN TRAMO: DE BLVD MARIANO ESCOBEDO A BLVD. MARIANO ESCOBE,Unitario,1,1,Obra,1,0
82,87,PAVIMENTACION DE LA CALLE MADRE INES TRAMO: DE TOPAR A ORIENTE A TOPAR PONIENTE COL. DIEZ DE MAYO,Unitario,1,1,Obra,1,0
83,78,"HABILITACION DE TERRENOS PARA ESTACIONAMIENTO EN RNACHO ALEGRE (3) LAGUNILLAS, HIDALGO ESQ. MORELOS,",Unitario,1,1,Obra,1,0
84,77,PAVIMENTACION DE LA CALLE JEREZ DE ARRIBA TRAMO: JEREZ DE FRONTERA-JEREZ DE BLANES COL. VALLE DE JER,Unitario,1,1,Obra,1,0
85,84,"TRABAJOS COMPLEMENTARIOS EN EL EX ESTACIONAMIENTO COMONFORT, LEON",Unitario,1,1,Obra,1,0
86,86,PAVIMENTACION  DE LA CALLE JEREMIAS TRAMO: DE SAN LAZARO - SAN BENIGNO COL. NUEVA SANTA ROSA DE LIMA,Unitario,1,1,Obra,1,0
87,88,PAVIMENTACION  DE LA CALLE ISAIAS TRAMO: DE HILARIO MEDINA A TOPAR COL. NUEVA SANTA ROSA DE LIMA,Unitario,1,1,Obra,1,0
88,89,PAVIMENTACION DE LA CALLE JEREZ DE NAVIA TRAMO: DE BLVD. DELTA - TINTO COL. VALLE DE JEREZ,Unitario,1,1,Obra,1,0
89,90,PAVIMENTACION DE LA CALLE CLORO (TI) DE NITROGENO - ANDADOR AVOGADRO Y CALLE CLORO (T2) TRAMO: DE OX,Unitario,1,1,Obra,1,0
90,91,PAVIMENTACION DE LA CALLE CAUDAL DEL RIO TRAMO: DE VERTIENTE DEL RIO - RIVERA DEL RIO COL. RIVERA DE,Unitario,1,1,Obra,1,0
91,92,PAVIMENTACION DE LA CALLE MONTERREY TRAMO: DE MALECON DEL RIO A BLVD. ADOLFO LOPEZ MATEOS COL. EL CO,Unitario,1,1,Obra,1,0
92,93,PAVIMENTACION DE LA CALLE MADRE ELENA TRAMO: DE MADRE FABIOLA A ATOTONILCO COL. DIEZ DE MAYO,Unitario,1,1,Obra,1,0
93,94,PAVIMENTACION DE LA CALLE PRESA TILOSTOC TRAMO: DE PROL. HILARIO MEDINA A PRESA ALLENDE COL. PRESITA,Unitario,1,1,Obra,1,0
94,72,MANTENIMIENTO INTEGRAL DE PARQUES Y JARDINES EN COMUDE LEON. GTO.,Unitario,1,1,Obra,1,0
95,95,RESTAURACION DE FACHADA PATROCINIO DE MARIA ZONA CENTRO,Unitario,1,1,Obra,1,0
96,96,REUBICACION DE LA ESCULTURA DE MARIA GREEVER UBICADA EN CALLE ALVARO OBREGON ZONA CENTRO,Unitario,1,1,Obra,1,0
97,97,CONSTRUCCION DE BARDA PERIMETRAL EN LA ESCUELA NUEVA  CREACION UBICADA EN LA COLONIA JOYAS DE CASTIL,Unitario,1,1,Obra,1,0
98,98,REHABILITACION DE BIBLIOTECA COMUNIDAD LOZA DE LOS PADRES,Unitario,1,1,Obra,1,0
99,100,PROYECTO EJECUTIVO DE PAVIMENTACION DE LAS CALLES: JOSE MARIA RODRIGUEZ TRAMO: BLVD. TELLEZ CRUCES A,Unitario,1,1,Obra,1,0
100,101,PROYECTO EJECUTIVO DE PAVIMENTACION DE LAS CALLES: ANTONIO HERNANDEZ TRAMO: BLVD VASCO DE QUIROGA -P,Unitario,1,1,Obra,1,0
101,99,ESTUDIO DE MECANICA DE SUELOS Y DISEÑO ESTRUCTURAL PARA LA BARDA DEL ZOOLOGICO DE LEON,Unitario,1,1,Obra,1,0
102,113,PAVIMENTACION DE LA CALLE CLORO TRAMO: DE OXIGENO - ANDADOR QUIMICOS COL. VALLE DE SEÑORA,Unitario,1,1,Obra,1,0
103,117,PINTURA PUENTE PEATONAL TRAMO: BLVD.  ADOLFO LOPEZ MATEOS ESQ. MIGUEL ALEMAN CENTRO,Unitario,1,1,Obra,1,0
104,118,PAVIMENTACION DE LA CALLE CIGÜEÑA TRAMO: GANSO-CANARIO (TOCOLORO) COL. LOMAS DE ECHEVESTE,Unitario,1,1,Obra,1,0
105,102,PROYECTO EJECUTIVO DE PAVIMENTACION DE LAS CALLES: TERESA DE BUSTOS  Y MOYA TRAMO: BLVD LEON II - CA,Unitario,1,1,Obra,1,0
106,105,PROYECTO EJECUTIVO DE PAVIMENTACION DE LAS CALLES: RICARDO GALVAN TRAMO: BLVD. LEON II - RICARDO SOL,Unitario,1,1,Obra,1,0
107,106,PROYECTO EJECUTIVO DE PAVIMENTACION DE LAS CALLES: EUFRASI PANTOJA TRAMO: BLVD LEON II - RICARDO SOL,Unitario,1,1,Obra,1,0
108,108,PROYECTO EJECUTIVO DE PAVIMENTACION DE LAS CALLES: FRANCISCO GOMEZ GUERRA TRAMO: BLVD LEON II A RICA,Unitario,1,1,Obra,1,0
109,110,PROYECTO EJECUTIVO DE PAVIMENTACION DE LAS CALLES: VALLE AZUL TRAMO: BLVD. RIO MAYO A VALLE JORDAN Y,Unitario,1,1,Obra,1,0
110,103,PROYECTO EJECUTIVO DE PAVIMENTACION DE LAS CALLES: MAYAGUEZ TRAMO: GAMBOA-BLVD JOSE MA. MORELOS COL.,Unitario,1,1,Obra,1,0
111,104,CONSTRUCCION DE AMPLIACION DE PARADERO PARQUE JUAREZ LEON,Unitario,1,1,Obra,1,0
112,112,REHABILITACION DE ESPACIOS PARA OFICINAS EN MERCADO REPUBLICA BARRIO DE SANTIAGO,Unitario,1,1,Obra,1,0
113,114,PAVIMENTACION DE LA CALLE DEL DISTRITO TRAMO: ANDADOR HACIENDA - LA MORADA COL. VILLAS DE LEON,Unitario,1,1,Obra,1,0
114,115,PAVIMENTACION DE LA CALLE JUNCO TRAMO: PASEO DE LA PRESA A RIO DE LOS CASTILLOS COL. VALLE HERMOSO,Unitario,1,1,Obra,1,0
115,116,CUADRILLA OPERATIVA PARA LA REALIZACION DE TRABAJOS DE LIMPIOEZA Y PROTECCION CONTRA GRAFITIS EN LA,Unitario,1,1,Obra,1,0
116,140,PAVIMENTACION DE LA CALLE CASTILLO DE SANTA MARIA TRAMO: DE CASTILLO ABAJO A MALECON DE BUCEFALO COL,Unitario,1,1,Obra,1,0
117,119,PAVIMENTACION DE LA CALLE BARRANQUILLA TRAMO: DE MAR DE PLATA A CALLE PORTO ALEGRE COL. LA CARMONA,Unitario,1,1,Obra,1,0
118,120,PAVIMENTACION DE LA CALLE MARACAIBO TRAMO: DE MAR DE PLATA A CARACAS COL. LA CARMONA,Unitario,1,1,Obra,1,0
119,121,PAVIMENTACION DE LA CALLE VALPARAISO TRAMO: DE BLVD. ANTONIO MADRAZO A CALLE SANTIAGO COL. LA CARMON,Unitario,1,1,Obra,1,0
120,122,PAVIMENTACION DE LA CALLE QUIO TRAMO: EUBEA - EOLO COL. LA ERMITA,Unitario,1,1,Obra,1,0
121,123,PAVIMENTACION DE LA CALLE HEBE TRAMO: EROS - CLOTO COL. ERMITA,Unitario,1,1,Obra,1,0
122,124,PAVIMENTACION DE LA CALLE MILETO TRAMO: DE BLVD. MADRAZO A COLONENSES COL. SAN PABLO,Unitario,1,1,Obra,1,0
123,126,PAVIMENTACION DE LA CALLE DEL SOLAR TRAMO: DE CUENCA FLORIDA A CAMPO ESCONDIDO COL. SANTA CECILIA,Unitario,1,1,Obra,1,0
124,136,PAVIMENTACION DE LA CALLE MADRE ROSARIO TRAMO: DE MADRE MARINA A MADRE PATRICIA COL. DIEZ DE MAYO,Unitario,1,1,Obra,1,0
125,127,"PAVIMENTACION, AGUA POTABLE Y DRENAJES DE LA CALLE GALLITOS TRAMO: DE C. SABILA A C. BRICHO COL. VAL",Unitario,1,1,Obra,1,0
126,109,PROYECTO EJECUTIVO DE PAVIMENTACION DE LAS CALLES: MADRE GLORIA TRAMO: BLVD. ATOTONILCO - CALLE MADR,Unitario,1,1,Obra,1,0
127,125,PAVIMENTACION DE LA CALLE LISTRA TRAMO: FOLIPENSES A CORINTO COL. SAN PABLO,Unitario,1,1,Obra,1,0
128,128,PROYECTO PARA LA REHABILITACION DEL ESTACIONAMIENTO FUNDADORES CENTRO LEON,Unitario,1,1,Obra,1,0
129,129,PROYECTO EJECUTIVO DE PAVIMENTACION DE LAS CALLES: 2DO ANDADOR JOSE DE LA LUZ FLORES TRAMO: DE FCO.,Unitario,1,1,Obra,1,0
130,130,PROYECTO EJECUTIVO DE PAVIMENTACION DE LAS CALLES: SANTA ROCIO TRAMO: SANTA BLANCA A FRAY DANIEL MIR,Unitario,1,1,Obra,1,0
131,131,PAVIMENTACION DE LA CALLE CIEN HOJAS TRAMO: DE ESCARAMULLO A LABRADOR COL. ARRAYANES,Unitario,1,1,Obra,1,0
132,132,PAVIMENTACION DE LA CALLE JEREZ DE BARCELONA TRAMO: JEREZ DE SEVILLA A VALLE DE SANTIAGO COL. JESUS,Unitario,1,1,Obra,1,0
133,133,PAVIMENTACION DE LA CALLE VALLE DE CORZO TRAMO: DE CALLE  VALLE ARIZPE A CALLE MADRE TIERRA COL. VAL,Unitario,1,1,Obra,1,0
134,134,PAVIMENTACION DE LA CALLE POLO NORTE TRAMO: DE TULIPAN DEL NORTE A TIRINTO COL. TULIPAN DEL BOSQUE,Unitario,1,1,Obra,1,0
135,135,PAVIMENTACION DE LA CALLE CERRO DE LOS ANGELES TRAMO: DE CERRO DE LOS MILAGROS A CALLE CERRO DEL CUB,Unitario,1,1,Obra,1,0
136,137,PAVIMENTACION DE LA CALLE MANUEL PAYNO TRAMO: DE JOSE A GODOY - JOSE MA. ROA BARCENA COL. PERIODISTA,Unitario,1,1,Obra,1,0
137,138,PAVIMENTACION DE LA CALLE MANUEL LOZADA TRAMO: DE 14 DE MAYO - 26 DE AGOSTO COL. MORELOS,Unitario,1,1,Obra,1,0
138,142,PAVIMENTACION DE LA CALLE CASTILLO DE MOCTEZUMA TRAMO: DE MALECON DE BUCEFALO A CALLE CASTILLA DE AB,Unitario,1,1,Obra,1,0
139,143,PAVIMENTACION DE LA CALLE CASTILLO CHICO TRAMO: DE MALECON DE BUCEFALO A CALLE DE ABAJO COL. ARBOLED,Unitario,1,1,Obra,1,0
140,150,ACONDICIONAMIENTO DEL AREA DE FONDAS EN EL MERCADO CARRO VERDE LEON,Unitario,1,1,Obra,1,0
141,139,PROYECTO EJECUTIVO DE PAVIMENTACION DE LAS CALLES: SILVINO ROBLES TRAMO: BLVD. LEON II - MARIANO ESC,Unitario,1,1,Obra,1,0
142,144,PAVIMENTACION DE LA CALLE RIO CUARTO TRAMO DE BLVD. TIMOTEO LOZANO A CALLE JAVA COL. JARDINES DE SAN,Unitario,1,1,Obra,1,0
143,145,PAVIMENTACION  DE LA CALLE MEDELLIN TRAMO: DE BLVD. ANTONIO MADRAZO A CALLE SANTIAGO COL. LA CARMONA,Unitario,1,1,Obra,1,0
144,146,PAVIMENTACION DE LA CALLE SUCRE TRAMO: DE MAR DE PLATA A CARACAS COL. LA CARMONA,Unitario,1,1,Obra,1,0
145,149,CONSTRUCCION DE ESTACIONAMIENTO EN LA AV. PANORAMA TRAMO: ENTRE BLVD. CAMPESTRE A VALLE DE LOS OLIVO,Unitario,1,1,Obra,1,0
146,171,MANTENIMIENTO DE AREAS DE REFORESTACION (PROGRAMA ARBOLIMETRO) PAQ. 1 LEON GTO.,Unitario,1,1,Obra,1,0
147,107,PROYECTO EJECUTIVO DE PAVIMENTACION DE LAS CALLES: JEREZ DE GOMERA TRAMO: VALLE DE SANTIAGO-TINTO CO,Unitario,1,1,Obra,1,0
148,141,PAVIMENTACION DE LA CALLE BRICHO TRAMO: DE DULCINEA DEL TABOSO A AV. DE LA PRESA COL. VALLE HERMOSO,Unitario,1,1,Obra,1,0
149,147,TRAMITE ANTE EL INAH PARA OBTENER EL PERMISO PARA LA INTERVENCION DE LA FACHADA DEL PATROCINIO DE MA,Unitario,1,1,Obra,1,0
150,151,MANTENIMIENTO INTEGRAL DE PARQUES Y JARDINES PARA LA ZONA URBANA I LEON GTO.,Unitario,1,1,Obra,1,0
151,152,MANTENIMIENTO INTEGRAL DE PARQUES Y JARDINES PARA LA ZONA URBANA II LEON GTO.,Unitario,1,1,Obra,1,0
152,153,MANTENIMIENTO INTEGRAL DE PARQUES Y JARDINES PARA LA ZONA URBANA III LEON GTO.,Unitario,1,1,Obra,1,0
153,157,MANTENIMIENTO INTEGRAL DE PARQUES Y JARDINES PARA LA ZONA URBANA VII,Unitario,1,1,Obra,1,0
154,163,MANTENIMIENTO INTEGRAL DE PARQUES Y JARDINES PARA LA ZONA URBANA XIII,Unitario,1,1,Obra,1,0
155,175,"MANTENIMIENTO PREVENTIVO Y CORRECTIVO DE FUENTES EN VARIAS PARTES DE LA CIUDAD LEON, GTO",Unitario,1,1,Obra,1,0
156,154,MANTENIMIENTO INTEGRAL DE PARQUES Y JARDINES PARA LA ZONA URBANA IV,Unitario,1,1,Obra,1,0
157,156,MANTENIMIENTO INTEGRAL DE PARQUES Y JARDINES PARA LA ZONA URBANA VI LEON GTO.,Unitario,1,1,Obra,1,0
158,159,MANTENIMIENTO INTEGRAL DE PARQUES Y JARDINES PARA LA ZONA URBANA IX LEON GTO.,Unitario,1,1,Obra,1,0
159,160,MANTENIMIENTO INTEGRAL DE PARQUES Y JARDINES PARA LA ZONA URBANA X LEON GTO.,Unitario,1,1,Obra,1,0
160,161,MANTENIMIENTO INTEGRAL DE PARQUES Y JARDINES PARA LA ZONA URBANA XI LEON GTO.,Unitario,1,1,Obra,1,0
161,162,MANTENIMIENTO INTEGRAL DE PARQUES Y JARDINES PARA LA ZONA URBANA XII,Unitario,1,1,Obra,1,0
162,165,MANTENIMIENTO INTEGRAL DE PARQUES Y JARDINES PARA LA ZONA URBANA XV,Unitario,1,1,Obra,1,0
163,168,MANTENIMIENTO INTEGRAL DE PARQUES Y JARDINES PARA EL MALECON DEL RIO,Unitario,1,1,Obra,1,0
164,169,MANTENIMIENTO PREVENTIVO DE ARBOLES ZONA SUR LEON. GTO.,Unitario,1,1,Obra,1,0
165,170,MANTENIMIENTO PREVENTIVO DE ARBOLES ZONA NORTE LEON,Unitario,1,1,Obra,1,0
166,172,MANTENIMIENTO PREVENTIVO DE ARBOLES ZONA CENTRO LEON,Unitario,1,1,Obra,1,0
167,173,MANTENIMIENTO INTEGRAL DE PARQUES Y JARDINES MEJORA DE PLAZAS EN ZONA RURAL LEON GTO.,Unitario,1,1,Obra,1,0
168,174,MANTENIMIENTO INTEGRAL DE PARQUES Y JARDINES MEJORA DE PLAZAS EN ZONA URBANA PAQ. 1 LEON GTO,Unitario,1,1,Obra,1,0
169,177,"MANTENIMIENTO INTEGRAL DE PARQUES Y JARDINES RETIRO DE EXCEDENTES, NIVELACION Y MEJORA DE SUELOS LEO",Unitario,1,1,Obra,1,0
170,179,PROYECTO CONCEPTUAL PARA LA CONCESION DEL PARIAN JOSE ALFREDO JIMENEZ LEON,Unitario,1,1,Obra,1,0
171,180,CERCADO AL COSTADO DE CICLOVIA EN BLVD. JOSE MARIA MORELOS FRENTE A TECNOLOGICO DE LEON,Unitario,1,1,Obra,1,0
172,184,BARDA PERIMETRAL EN LA PRIMARIA JUSTO SIERRA COMUNIDAD LA LABORCITA LEON,Unitario,1,1,Obra,1,0
173,185,PAVIMENTACION DE LA CALLE SALIDA A LOS GOMEZ: DE CALLE JULIAN CARRILLO A MALECON DEL RIO COL. CASA B,Unitario,1,1,Obra,1,0
174,176,MANTENIMIENTO INTEGRAL DE PARQUES Y JARDINES OFICINAS MUNICIPALES LEON.GTO.,Unitario,1,1,Obra,1,0
175,178,MANTENIMIENTO INTEGRAL DE PARQUES Y JARDINES PARA LA ZONA DE AREAS VERDES DE MINIDEPORTIVAS COMUDE,Unitario,1,1,Obra,1,0
176,181,PAVIMENTACION 1/2 CUERPO DE LA CALLE JEREZ DE LAL UZ TRAMO: DE BLVD. DELTA - TINTO COL. VALLE DE JER,Unitario,1,1,Obra,1,0
177,183,PAVIMENTACION DE LA CALLE JOSE MANUEL SOMERA TRAMO: BLVD. MARIANO ESCOBEDA A CEFERINO ORTIZ COL.,Unitario,1,1,Obra,1,0
178,186,PAVIMENTACION DE LA CALLE NUEVA DELHI TRAMO: DE ALMENA A CANAL DE SARDENETA COL. LA INDIA,Unitario,1,1,Obra,1,0
179,189,PAVIMENTACION DE LA CALLE MADRE LAURA TRAMO: DE TOPAR LADO ORIENTE A TOPAR LADO PONIENTE COL. DIEZ D,Unitario,1,1,Obra,1,0
180,155,MANTENIMIENTO INTEGRAL DE PARQUES Y JARDINES PARA LA ZONA URBANA V,Unitario,1,1,Obra,1,0
181,164,MANTENIMIENTO INTEGRAL DE PARQUES Y JARDINES PARA LA  ZONA URBANA XIV,Unitario,1,1,Obra,1,0
182,166,MANTENIMIENTO INTEGRAL DE PARQUES Y JARDINES PARA LA ZONA URBANA XVI,Unitario,1,1,Obra,1,0
183,167,"MANTENIMIENTO INTEGRAL DE PARQUES Y JARDINES BLVD. AEROPUERTO Y DISTRIBUIDOR VIAL LEON, GTO.",Unitario,1,1,Obra,1,0
184,182,PAVIMENTACION DE LA CALLE CERRO DE LA BUFA TRAMO: DE CERRO DE TANCITARO A CERRO DE LAS CAMPANAS COL.,Unitario,1,1,Obra,1,0
185,187,PAVIMENTACION DE LA CALLE IMPERIAL TRAMO: DE ESCARAMULLO A GARRA DE AGUILA COL. LOS ARRAYANES,Unitario,1,1,Obra,1,0
186,188,PAVIMENTACION DE LA CALLE REAL DE LA PLATA TRAMO: DE CALLE REAL DEL CASTILLO A TOPAR (BALDIO) COL. R,Unitario,1,1,Obra,1,0
187,190,PAVIMENTACION DE LA CALLE JEREZ DE MADRID TRAMO: DE JEREZ DE SEVILLA A VALLE DE SANTIAGO COL. JESUS,Unitario,1,1,Obra,1,0
188,196,ADECUACION ELECTRICA PARA POSTES DE CCTV EN VARIAS PARTES DE LA CIUDAD DE LEON,Unitario,1,1,Obra,1,0
189,191,PAVIMENTACION DE LA CALLE PRIVADA AZORES TRAMO: DE BALCON DE LAS MARIPOSAS A TOPAR COL. BALCONES DE,Unitario,1,1,Obra,1,0
190,192,PAVIMENTACION DE LA CALLE PRESA POZUELOS TRAMO: AV. RIO DE LOS CASTILLOS A PASEO DE LA PRESA COL. RI,Unitario,1,1,Obra,1,0
191,193,PAVIMENTACION DE LA CALLE XOCHICALCO TRAMO: TEOTENANGO A TENOCHTITLAN COL. POPULAR ANAYA,Unitario,1,1,Obra,1,0
192,194,PROYECTO EJECUTIVO DE PAVIMENTACION DE LA CALLE: SANTA ROSALIA TRAMO: LAFLORIDA - SAN MARCOS COL. LA,Unitario,1,1,Obra,1,0
193,211,REHABILITACION DE PLATAFORMA DE TEPETATE (DRENES MAMPOSTERIA) EN LA ESC. PRIMARIA SOCRATES CASTELLAN,Unitario,1,1,Obra,1,0
194,222,CONSTRUCCION DEL EDIFICIO DEL INSTITUTO MUNICIPAL DE VIVIENDA (1RA. ETAPA) LEON,Unitario,1,1,Obra,1,0
195,158,MANTENIMIENTO INTEGRAL DE PARQUES Y JARDINES PARA LAS ZONAS URBANAS VIII LEON GTO.,Unitario,1,1,Obra,1,0
196,231,CONSTRUCCION DEL PUENTE PEATONAL EN LA CALLE OLIMPICA SOBRE EL BLVD MORELOS EN EL MUNICIPIO DE LEON,Unitario,1,1,Obra,1,0
197,203,PAVIMENTACION DE LA CALLE MAYAGUEZ TRAMO: DE BLVD. MORELOS A GAMBOA INCLUYENDO EL CRUCE DE GAMBOA PA,Unitario,1,1,Obra,1,0
198,220,PROYECTO DE LAS OFICINAS DEL INSTITUTO DE LA MUJER,Unitario,1,1,Obra,1,0
199,221,ELABORACION DE BASE DE DATOS SISCOM 2012 - LEON,Unitario,1,1,Obra,1,0
200,195,CONSTRUCCION E INSTALACION NUEVA DE 6 REDUCTORES DE VELOCIDAD (TOPES DE PLÁSTICO) PARA LA COL. LAS A,Unitario,1,1,Obra,1,0
201,197,PAVIMENTACION DE LA CALLE MADRE LORETO TRAMO: DE BALDIO - BALDIO COL. 10 DE MAYO,Unitario,1,1,Obra,1,0
202,198,PAVIMENTACION DE LA CALLE VALLE AZUL TRAMO: VALLE JORDAN A VALLE CABUERIGA COL. VALLE DE SAN JOSE,Unitario,1,1,Obra,1,0
203,199,PAVIMENTACION DE LA CALLE CONEJO TRAMO: DE ARROYO DE LAS LIEBRES A BLVD. PASEO DE JEREZ COL. GRANJAS,Unitario,1,1,Obra,1,0
204,200,CONSTRUCCION E INSTALACION NUEVA DE 5 REDUCTORES DE VELOCIDAD (TOPES DE PLASTICO) PARA LA COL. SAN S,Unitario,1,1,Obra,1,0
205,201,PROYECTO EJECUTIVO DE PAVIMENTACION DE LA CALLE: LAURELES DE LA FLORIDA TRAMO: DE BLVD. MORELOS A CA,Unitario,1,1,Obra,1,0
206,202,PROYECTO EJECUTIVO,Unitario,1,1,Obra,1,0
207,204,CONSTRUCCION DE PASOS VEHICULARES SOBRE EL RIO EN LA COMUNIDAD SAN ANTONIO DE PADUA Y EL REVESTIMIEN,Unitario,1,1,Obra,1,0
208,205,PAVIMENTACION DE LA CALLE JEREZ DE GOMERA TRAMO: DE VALLE DE SANTIAGO A TINTO COL. JEREZ DE LA LUZ,Unitario,1,1,Obra,1,0
209,207,PAVIMENTACION DE LA CALLE PRESA IXTAPANGO TRAMO: PRESA ALLENDE A PRESA SARDENETA COL. PRESITAS DEL C,Unitario,1,1,Obra,1,0
210,208,"MANTENIMIENTO INTEGRAL DE PARQUES Y JARDINES BOULEVARES NUEVOS LEON, GTO.",Unitario,1,1,Obra,1,0
211,210,MANTENIMIENTO INTEGRAL DE PARQUES Y JARDINES MEJORA DE PLAZAS EN ZONA URBANA PAQ. 2 LEON GTO,Unitario,1,1,Obra,1,0
212,214,"ENMALLADO EN ZONA DE CANCHAS EN AREA DE DONACION, COL. SAN JOSE DEL CONSUELO",Unitario,1,1,Obra,1,0
213,215,REPARACION DE PATIO CIVICO EN LA ESC. PRIMARIA BENITO JUAREZ COL. COECILLO,Unitario,1,1,Obra,1,0
214,216,INSTALACION DE ALUMBRADO PUBLICO EN DISTINTOS PUNTOS DE LA CIUDAD LEON,Unitario,1,1,Obra,1,0
215,217,PROYECTO EJECUTIVO DE PAVIMENTACION DE LA CALLE: FLOR DE SAN JUAN TRAMO: PASEO DE LA PRESA A RIO DE,Unitario,1,1,Obra,1,0
216,218,"OBRAS DE CONTENCIÓN, LIMPIEZA, DESAZOLVE Y REPARACION DE ELEMENTOS ESTRUCTURALES EN ARROYOS DE LA CI",Unitario,1,1,Obra,1,0
217,219,LIMPIEZA Y DESAZOLVE DE ARROYOS DE LA CIUDAD,Unitario,1,1,Obra,1,0
218,206,PAVIMENTACION DE LA CALLE CERRO DE LA BUFA TRAMO: DE CERRO DE SAN MIGUEL A CERRO DEL GIGANTE COL. CE,Unitario,1,1,Obra,1,0
219,209,MANTENIMIENTO DE AREAS DE REFORESTACION (PROGRAMA ARBOLIMETRO) PAQ. 2 LEON GTO.,Unitario,1,1,Obra,1,0
220,212,MANTENIMIENTO INTEGRAL DE PARQUES Y JARDINES PARA LA ZONA DE AREAS VERDES DE MINIDEPORTIVAS COMUDE P,Unitario,1,1,Obra,1,0
221,237,REHABILITACION DE INSTALACIONES ELECTRICAS EN EL MERCADO SAN FELIPE DE JESUS LEON,Unitario,1,1,Obra,1,0
222,233,PAVIMENTACION DE CONCRETO HIDRAULICO DE LA CALLE VALLE DE MESOREA TRAMO: DE VALLE JORDAN A VALLE DE,Unitario,1,1,Obra,1,0
223,242,TRABAJOS COMPLEMENTARIOS DE LA MODERNIZACION DEL MERCADO LAS AMERICAS 2DA. ETAPA LEON,Unitario,1,1,Obra,1,0
224,223,REMODELACION EN AREA ADMINISTRATIVA EDIFICO DE OBRAS PUBLICAS LEON,Unitario,1,1,Obra,1,0
225,224,PAVIMENTACION DE LA CALLE TERCERA ORDEN TRAMO: DE AV. OLIMPICA A PEDRO BERNARDONE COL. AMPLIACION SA,Unitario,1,1,Obra,1,0
226,234,PAVIMENTACION DE CONCRETO HIDRAULICO DE LA CALLE SAN JOSE DEL REFUGIO TRAMO: DEL BLVD. TIMOTEO LOZAN,Unitario,1,1,Obra,1,0
227,225,PLAN MAESTRO URBANO PAISAJISTA DEL PARQUE HIDALGO LEON,Unitario,1,1,Obra,1,0
228,227,PROYECTO EJECUTIVO DE LA DEPORTIVO DE LA DEPORTIVA METROPOLITANA. LEON,Unitario,1,1,Obra,1,0
229,226,PAVIMENTACION DE LA CALLE ANTONIO BARROSO TRAMO: DE MARIANO ESCOBEDO - CEFERINO ORTIZ COL. LEON II,Unitario,1,1,Obra,1,0
230,229,TRABAJOS COMPLEMENTARIOS PARA LA SUBCOMANDANCIA DE SEGURIDAD PUBLICA (MEJORAMIENTO) UBICADA AL PONIE,Unitario,1,1,Obra,1,0
231,232,PAVIMENTACION CON CONCRETO HIDRAULICO DE LA CALLE KABAH TRAMO: DERBY A AREA DE DONACION COL. EL POCH,Unitario,1,1,Obra,1,0
232,235,PAVIMENTACION DE OCNCRETO HIDRAULICO DE LA CALLE NOPAL DE MEDINA TRAMO: DE SALTILLO A ZARZAL DE MEDI,Unitario,1,1,Obra,1,0
233,236,"REHABILITACION DE PAVIMENTOS EN DIFERENTES TRAMOS: BLVD. FRANCISCO VILLA, MALECON DEL RIO, BLVD ALON",Unitario,1,1,Obra,1,0
234,238,PAVIMENTACION CON CONCRETO HIDRAULICO DE LA AV. DE LA MORADA (LADO PONIENTE) TRAMO: DE CRUCIFIXION A,Unitario,1,1,Obra,1,0
235,239,PAVIMENTACION CON CONCRETO HIDRAULICO DE LA CALLE CARLOS MARIA BUSTAMANTE TRAMO: CALLE ROA BARCENAS,Unitario,1,1,Obra,1,0
236,240,PAVIMENTACION CON CONCRETO HIDRAULICO DE LA CALLE RAMON RAMIREZ TRAMO,Unitario,1,1,Obra,1,0
237,243,DICTAMENES Y LEVANTAMIENTOS ARQUITECTONICOS DE VARIOS EDIFICIOS DE LA CD.,Unitario,1,1,Obra,1,0
238,244,PAVIMENTACION DE LA CALLE GRANATE TRAMO: CALLE CORAL A CALLE PERLA FRACCIONAMIENTO GUADALUPE,Unitario,1,1,Obra,1,0
239,245,PAVIMENTACION DE LA CALLE MARTIRES DE TLATELOLCO TRAMO: DE 14 DE MAYO A CALLE 26 DE AGOSTO COL. MORE,Unitario,1,1,Obra,1,0
240,246,PAVIMENTACION DE LA CALLE RAMON RAMIREZ TRAMO: DE BLVD. TELLEZ CRUCES A ANTONIO HERNANDEZ COL. LEON,Unitario,1,1,Obra,1,0
241,247,PAVIMENTACION DE OCNCRETO HIDRAULICO DE LA CALLE JOSE MANUEL SOMERA TRAMO: BLVD. MARIANO ESCOBEDO A,Unitario,1,1,Obra,1,0
242,248,PAVIMENTACION DE CONCRETO HIDRAULICO DE LA CALLE PIRUL DE MEDINA TRAMO: DE SOLIDARIDAD A ARROYO DEL.,Unitario,1,1,Obra,1,0
243,249,PAVIMENTACION CON CONCRETO HIDRAULICO DE LA CALLE CECILIO ESTRADA TRAMO: ENRIQUE GOMEZ GUERRA A FRAN,Unitario,1,1,Obra,1,0
244,250,PAVIMENTACION DE CONCRETO HIDRAULICO DE LA CALLE SAUZ DE MEDINA TRAMO: DE SOLIDARIDAD A CALLE HUESO,Unitario,1,1,Obra,1,0
245,252,PAVIMENTACION DE CONCRETO HIDRAULICO DE LA CALLE CAÑADA DE LOS SANTOS TRAMO: SALTILLO (FRANCISCO VIL,Unitario,1,1,Obra,1,0
246,253,AMPLIACION DEL CDC EN LA COLONIA VALLE DE SAN JOSE (5TA. ETAPA) VALLE DE IRTICH S/N ESQ. VALLE DE FI,Unitario,1,1,Obra,1,0
247,254,AMPLIACION DEL CDC EN LA COLONIA ERMITA ( 5A. ETAPA ) CALLE DELOS ESQ. QUIO COL. ERMITA,Unitario,1,1,Obra,1,0
248,257,PLAZA COMUNITARIA EN LA COLONIA REVOLUCION UBICADA EN LBVD. VASCO DE QUIROGA S/N COL. REVOLUCION,Unitario,1,1,Obra,1,0
249,213,"MANTENIMIENTO INTEGRAL DE PARQUES Y JARDINES INSTALACION Y MEJORAMIENTO DE SISTEMAS DE RIEGO LEON, G",Unitario,1,1,Obra,1,0
250,228,RESTAURACION DE LA FACHADA DEL MERCADO LA LUZ. LEON,Unitario,1,1,Obra,1,0
251,251,PAVIMENTACION DE LA CALLE TANTALIO TRAMO: DE NITROGENO A CALLE OXIGENO COL. VALLE DE SEÑORA,Unitario,1,1,Obra,1,0
252,270,ADECUACION DE CENTRO GERONTOLOGICO DEL DIF 2DA. ETAPA LEON,Unitario,1,1,Obra,1,0
253,258,REVESTIMIENTO DE LA CALLE RODOLFO PADILLA TRAMO: DE BLVD. JUAN ALONSO DE TORRES A CALLE ARTURO VIL,Unitario,1,1,Obra,1,0
254,259,REHABILITACION DE LOS PAVIMENTOS DE LA CALLE JEREZ DE CARTAGENA TRAMO: DE SIERRA GORDA A BALCON DE,Unitario,1,1,Obra,1,0
255,262,REHABILITACION DE LOS PAVIMENTOS DE LA AV. AMAZONAS TRAMO: DE CALLE DERBY A CUENCA FLORIDA LEON,Unitario,1,1,Obra,1,0
256,267,REVESTIMIENTO DEL CAMINO AL OJO DE AGUA TRAMO: DE MANANTIAL DEL MISSISIPI A CALLE DEL SILENCIO LEON,Unitario,1,1,Obra,1,0
257,268,REVESTIMIENTO DEL BLVD. GUANAJUATO TRAMO: CALLE MARQUEZ A RODOLFO PADILLA LEON,Unitario,1,1,Obra,1,0
258,269,REVESTIMIENTO DE LA AV. CIUDAD ASIS TRAMO: DE BLVD. SAN NICOLAS A CALLE DE SANTA MONICA LEON,Unitario,1,1,Obra,1,0
259,260,REHABILITACION DE LOS PAVIMENTOS DE LA CALLE BALCON DE LAS MARIPOSAS TRAMO: DE BALCON DE LAS GAVIOTA,Unitario,1,1,Obra,1,0
260,261,REHABILITACION DE LOS PAVIMENTOS DE LA CALLE MARCEL TRAMO: DE BLVD. ARISTOTELES A CALLE FROMM LEON,Unitario,1,1,Obra,1,0
261,265,REVESTIMIENTO DEL BLVD. HACIENDAS DE LEON TRAMO: DE AV. OLIMPICA A CALLE BAHIA DE SAN JUAN LEON,Unitario,1,1,Obra,1,0
262,266,REHABILITAICON DE LOS PAVIMENTOS DE LA CALLE SAN FRANCISCO DE ASIS TRAMO: DE CALLE MISION EVANGELICA,Unitario,1,1,Obra,1,0
263,230,PAVIMENTACION DE LA CALLE CERRO DE TANCITARO TRAMO: DE JEREZ DE CARTAGENA A CERRO DE LA BUFA COL. CE,Unitario,1,1,Obra,1,0
264,255,TRABAJOS DE LIMPIEZA DEL RIO TURBIO Y ESTABILIZACION DE TALUDES PARA PREVENCION DE INUNDACIONES VARI,Unitario,1,1,Obra,1,0
265,256,INSTALACION DE PROTECCIONES EN VIA PUBLICA EN PASILLOS DE LA COL. REAL DE LEON VIBAR,Unitario,1,1,Obra,1,0
266,271,RED DE ALUMBRADO PUBLICO SUBTERRANEA NUEVA PARA UN JARDIN EXISTENTE ENTRE LA AV. PANORAMA Y CALLE,Unitario,1,1,Obra,1,0
267,273,CONSTRUCCION DE PASEO DE SERVIDUMBRE SOBRE LO QUE SERA LA CALLE GRAN BAHIA TRAMO: DE BLVD. HACIENDAS,Unitario,1,1,Obra,1,0
268,263,REVESTIMIENTO DE LA CALLE UNIVERSALIDAD CRISTIANA TRAMO: DE CALLE HEBEREOS A CALLE CORINTO LEON,Unitario,1,1,Obra,1,0
269,264,REHABILITACION DE LOS PAVIMENTOS DE LA CALLE CRUCIFIXION TRAMO: DE BLVD. PASEO DE JEREZ A CASCADA DE,Unitario,1,1,Obra,1,0
270,272,PAVIMENTACION DE LA CALLE MADRE GLORIA TRAMO: DE MADRE SIERRA A BLVD. ATOTONILCO COL. DIEZ DE MAYO,Unitario,1,1,Obra,1,0
271,275,ADECUACION Y REHABILITACION DE ACCESO ENTRE LOS MERCADOS COMONFORT ZAPATERO Y EX ESTACIONAMIENTO COM,Unitario,1,1,Obra,1,0
272,276,PAVIMENTACION CON CONCRETO HIDRAULICO DE LA CALLE OCALO DE MEDINA TRAMO: DE SOLIDARIDAD A ARROYO,Unitario,1,1,Obra,1,0
273,277,PAVIMENTACION DE LA CALLE ANDA TRAMO: DE PIPILA A VENUS COL. OBRERA,Unitario,1,1,Obra,1,0
274,278,LETRERO PARA LA PLAZA S.S. BENEDICTO XVI LEON,Unitario,1,1,Obra,1,0
275,279,PINTURA Y RESANES EN FACHADA DE LA CALLE 27 DE SEPTIEMBRE TRAMO: LOPEZ MATEOS Y CONSTANCIA COL. OBRE,Unitario,1,1,Obra,1,0
276,280,CONSTRUCCION DE MEJORAS A CICLOFERICO BLVD. LOPEZ MATEOS TRAMO: DE BLVD. JOSE MARIA MORELOS A BLVD J,Unitario,1,1,Obra,1,0
277,281,CONSTRUCCION DE MEJORAS A CICLOFERICO BLVD. JOSE MARIA MORELOS TRAMO: DE BLVD. HIDALGO A MONUMENTO A,Unitario,1,1,Obra,1,0
278,282,PAVIMENTACION DE LA CALLE EJERCITO CONSTITUCIONALISTA TRAMO: LEVANTAMIENTO REVOLUCIONARIO A ATOTONIL,Unitario,1,1,Obra,1,0
279,283,PAVIMENTACION DE LA CALLE VIA MANZANARES TRAMO: DE CIMA  A DEL  VALLE COL. PARQUE MANZANARES,Unitario,1,1,Obra,1,0
280,284,PAVIMENTACION DE LA CALLE FRESNO TRAMO: GUTY CARDENAS A ROSSINI COL. ARBOLEDAS DE INFONAVIT,Unitario,1,1,Obra,1,0
281,285,PAVIMENTACION DE LA CALLE MINA DEL CAPOTE TRAMO: TIMOTEO LOZANO A TOPAR CON LINDERO SUR COL. LA LIBE,Unitario,1,1,Obra,1,0
282,287,AMPLIACION DE LA DIVISION DE CIENCIAS EN INGENIERIA DE LA UNIVERSIDAD DE GUANAJUATO CAMPUS LEON UBIC,Unitario,1,1,Obra,1,0
283,299,PAVIMENTACION DE LA CALLE GONZALO CURIEL TRAMO: DE BLVD. MARIANO ESCOBEDO - CLEMENTE AGUIRRE COL. SA,Unitario,1,1,Obra,1,0
284,298,RESTAURACIN DE FACHADAS CATALOGADAS POR EL INAH EN CALLE 27 DE SEPTIEMBRE LEON,Unitario,1,1,Obra,1,0
285,286,PROYECTO EJECUTIVO PARA LA CONSTRUCCION DE LOCALES COMERCIALES AFECTADOS POR EL BLVD. MORELOS LEON,Unitario,1,1,Obra,1,0
286,288,"CONSTRUCCION DEL ESTACIONAMIENTO EN EL PREDIO ""EL TLACUACHE"" DONDE SE UBICAN LOS EDIFICIOS DE OBRA P",Unitario,1,1,Obra,1,0
287,289,NOTA TECNICA PARA LA JUSTIFICACION ECONOMICA RAMO 23 PARA EL PUENTE VEHICULAR HACIENDA ARRIBA Y LA C,Unitario,1,1,Obra,1,0
288,291,PAVIMENTACION DE LA CALLE ABEDUL TRAMO: DE ENCINO - SAN ROMAN COL. ARBOLEDAS DE INFONAVIT,Unitario,1,1,Obra,1,0
289,293,PAVIMENTACION DE LA CALLE TRES TRAMO: DE PAV. EXISTENTE A CALLE LOMERIA MAS 14 MTS. COL. CHULAVISTA,Unitario,1,1,Obra,1,0
290,295,CABLEADO DE LA RED DE ALUMBRADO PUBLICO BOLARDOS Y COLOCACION DE POSTES DE CALLE 27 DE SEPTIEMBRE,Unitario,1,1,Obra,1,0
291,296,CONSTRUCCION DE MEJORAS A CICLOFERICO BLVD. MIGUEL DE CERVANTES SAAVEDRA Y BLVD. MANUEL DE AUSTRI TR,Unitario,1,1,Obra,1,0
292,300,CONSTRUCCION DE MEJORAS A CICLOFERICO SEMAFORIZACION BLVD. ADOLFO LOPEZ  MATEOS INTERSECCIONES CON,Unitario,1,1,Obra,1,0
293,301,PAVIMENTACION DE LA CALLE REALES DE KANSAS TRAMO: RIELEROS - DIABLOS ROJOS COL. DEPORTIVA II,Unitario,1,1,Obra,1,0
294,302,PAVIMENTACION  DE LA CALLE PENSAMIENTO TRAMO: DE HEROES DE LA INDEPENDENCIA - TOPAR COL.  SAN PEDRO,Unitario,1,1,Obra,1,0
295,303,PAVIMENTACION DE LA CALLE CERRO  DE LAS CAMPANAS TRAMO: DE VOLCAN DE JORULLO A CERRO DE LA BUFA COL.,Unitario,1,1,Obra,1,0
296,304,PLAZA LIBERTAD UBICADO EN TIMOTEO LOZANO S/N COL. LIBERTAD,Unitario,1,1,Obra,1,0
297,297,CONSTRUCCION DE MEJORAS A CICLOFERICO BLVD. JUAN ALONSO DE TORRES TRAMO: DE BLVD. JOSE MARIA MORELOS,Unitario,1,1,Obra,1,0
298,307,LINEA AEREA DE ALUMBRADO PUBLICO EN VIALIDAD NUEVA ENTRE CALZADA LOMAS DEL MOLINO Y CALLE AMAZONAS,Unitario,1,1,Obra,1,0
299,313,PAVIMENTACION DE LA CALLE CASUARINA TRAMO: BLVD. SAN PEDRO A PASEO LOS VERDINES COL. JARDINES DE JER,Unitario,1,1,Obra,1,0
300,315,DEMOLICION Y REPOSICION DE LOSA DE CONCRETO ARMADO DEL PUENTE PASO VEHICULAR EN COMUNIDAD LOSA DE LO,Unitario,1,1,Obra,1,0
301,316,REVESTIMIENTO DE LOS CAMINOS DE ACCESO DE LA COMUNIDAD REFUGIO DE ROSAS Y SAN JOSE DEL MALPASO LEON,Unitario,1,1,Obra,1,0
302,330,PAVIMENTACION CON CONCRETO HIDRAULICO DE LA CALLE VALLE ALMANZO TRAMO: VALLE ARIZPE A CALLE MADRE,Unitario,1,1,Obra,1,0
303,294,PAVIMENTACION DE LA CALLE VALLE DE SANTA MARIA TRAMO: ASIS-VALLE DE LA LUZ COL. VALLE DE LA LUZ,Unitario,1,1,Obra,1,0
304,319,"HABILITADO DE LA RED DE ALUMBRADO PUBLICO DEL FRACC. VILLAS DE SAN JUAN I; AREAS 23,24,25,26,27,28,2",Unitario,1,1,Obra,1,0
305,321,MANTENIMIENTO Y VIGILANCIA DE LA OBRA: OFICINAS ADMINISTRATIVAS DEL DISTRITO DE DESARROLLO RURAL (DD,Unitario,1,1,Obra,1,0
306,329,MEJORAS DE LAS INSTALACIONES DE ALUMBRADO PUBLICO EN LAS COLONIAS DEL POLIGONO DENOMINADO JACINTO,Unitario,1,1,Obra,1,0
307,338,DIFERENTES TRABAJOS DE ALUMBRADO PUBLICO POLIGONOS DE POBREZA (BLVD. SAN JUAN BOSCO Y RIZOS DEL,Unitario,1,1,Obra,1,0
308,341,PROYECTO EJECUTIVO DE PAVIMENTACION DE LAS CALLES:,Unitario,1,1,Obra,1,0
309,308,"REHABILITACION DE ADORNOS ALUSIVOS A LAS FIESTAS PATRIAS Y NAVIDEÑAS, LEON.",Unitario,1,1,Obra,1,0
310,322,"TRABAJOS DE JARDINESRIA EN PARQUE PANORAMA, LEON",Unitario,1,1,Obra,1,0
311,323,"TRABAJOS DE RIEGO POR ASPERSION, CISTERNAS Y MOBILIARIO URBANO EN PARQUE PANORAMA LEON",Unitario,1,1,Obra,1,0
312,328,SUMINISTRO Y COLOCACION DE MALLA CICLONICA EN AREA DEPORTIVA DE LA COMUNIDAD SAN JUAN DE OTATES,Unitario,1,1,Obra,1,0
313,331,PAVIMENTACION DE CONCRETO HIDRAULICO DE LA CALLE,Unitario,1,1,Obra,1,0
314,332,CONSTRUCCION DE MEJORAS A CICLOFERICO BLVD. VERTIZ CAMPERO Y BLVD. DELTA TRAMO: DE BLVD. JOSE MARIA,Unitario,1,1,Obra,1,0
315,334,INSTALACION Y ADECUACION DE LOS DISPOSITIVOS VIALES COL. SAN NICOLAS,Unitario,1,1,Obra,1,0
316,337,PAVIMENTACION DE LA CALLE ALERCE TRAMO: DE ALISOS A CUENCA FLORIDA COL. SAN NICOLAS DEL PALOTE,Unitario,1,1,Obra,1,0
317,305,PARQUE CAMPESTRE DE JEREZ UBICADO EN VALLE ARIZPE S/N COL. CAMPESTRE DE JEREZ,Unitario,1,1,Obra,1,0
318,306,EQUIPO ELECTRICO QUE SE INSTALARA EN EL BLVD. ADOLFO LOPEZ MATEOS ESQ. 20 DE ENERO LEON,Unitario,1,1,Obra,1,0
319,309,PAVIMENTACION DE LA CALLE 2DA. JEREZ DE ARRIBA TRAMO: JEREZ DE CARTAGENA - JEREZ DE FRONTERA COLONIA,Unitario,1,1,Obra,1,0
320,310,PAVIMENTACION DE LA CALLE LOMA LARGA TRAMO: CERRO DEL SOYATE - CERRO LARGO COLONIA POPULAR POLANCO,Unitario,1,1,Obra,1,0
321,373,PAVIMENTACION DE LA CALLE AURORA LUMINOSA DE CALLE DE LA MISERICORDIA A DEL EDEN,Unitario,1,1,Obra,1,0
322,342,PROYECTO EJECUTIVO DE PAVIMENTACION DE LAS CALLES: POTRILLO TRAMO: PASEO DE LA PRESA-FRENTE AL 130 C,Unitario,1,1,Obra,1,0
323,333,CONSTRUCCION DE PISO FIRME DE CONCRETO HIDRAULICO HECHO EN OBRA EN LOCALIDADES RURALES LEON,Unitario,1,1,Obra,1,0
324,355,SUMINISTRO Y COLOCACION DE PISO FIRME EN ZONA URBANA,Unitario,1,1,Obra,1,0
325,369,PROYECTO EJECUTIVO DE PAVIMENTACION DE LAS CALLES: PIRUL DE MEDINA (CAMINO SALTILLO - SOLIDARIDAD),Unitario,1,1,Obra,1,0
326,324,PAVIMENTACION DE LA CALLE PAPAGAYO TRAMO: CALLE RIO CONCHOS A RIO TECOLUTLA COL. SAN MIGUEL,Unitario,1,1,Obra,1,0
327,346,PAVIMENTACION DE LA CALLE MINA LA DEMOCRATA TRAMO: TIMOTEO LOZANO A CONGRESO CONSTITUYENTE COL.,Unitario,1,1,Obra,1,0
328,365,PROYECTO EJECUTIVO DE PAVIMENTACION DE LAS CALLES: ANDADOR TEJOCOTE TRAMO: TEJOCOTE-CAÑA COL. LAS,Unitario,1,1,Obra,1,0
329,371,"CASETA DE VIGILANCIA PARA LA 6TA. COMANDANCIA DE TRANSITO MUNICIPAL, LEON",Unitario,1,1,Obra,1,0
330,381,PROYECTO EJECUTIVO DE PAVIMENTACION  DE LAS CALLES: MEDALLA TRAMO: ADOLFO LOPEZ MATEOS-TOPAR COL. EL,Unitario,1,1,Obra,1,0
331,317,PAVIMENTACION DE LA CALLE VALLE DE SAN JOSE TRAMO: BLVD. RIO MAYO A VALLE DE JORDAN COL. VALLE DE SA,Unitario,1,1,Obra,1,0
332,318,PAVIMENTACION DE LA CALLE LOMAS DE LA PLAZA TRAMO: LOMAS DE LAS PETUNIAS A TOPAR COL. LOMAS DE MEDIN,Unitario,1,1,Obra,1,0
333,370,RECONSTRUCCION DEL TRAMO COLAPSADO EN LA VIALIDAD DENOMINADA MALECON DEL RIO NORTE LEON,Unitario,1,1,Obra,1,0
334,340,PAVIMENTACION DE LA CALLE JEREZ DE NAVARRA TRAMO: JEREZ DE SEVILLA A VALLE DE SANTIAGO COL. JESUS MA,Unitario,1,1,Obra,1,0
335,372,PAVIMENTACION DE LA CALLE VALLE AZUL TRAMO: BLVD. RIO MAYO-CALLE VALLE DE JORDAN COL. VALLE DE SAN J,Unitario,1,1,Obra,1,0
336,311,PAVIMENTACION DE LA CALLE MARMOLEJO TRAMO: DE LA CALLE CAMPANARIO A SERENATA COL. SAN PEDRO DE KOS,Unitario,1,1,Obra,1,0
337,312,CONSTRUCCION DE MEJORAS A CICLOFERICO SEMAFORIZACION DE INTERSECCION BLVD. JOSE MARIA MORELOS CON,Unitario,1,1,Obra,1,0
338,320,"RESTAURACION DE SAN FELIPE NERI, LEON",Unitario,1,1,Obra,1,0
339,325,CONSTRUCCION DE BANQUETAS EN LA CALLE BOSQUES TRAMO: DE CALLE SAN JUAN A BLVD. VICENTE VALTIERRA,Unitario,1,1,Obra,1,0
340,339,MEJORAS DE LAS INSTALACIONES DE ALUMBRADO PUBLICO EN LAS COLONIAS DEL POLIGONO DENOMINADO MEDINA,Unitario,1,1,Obra,1,0
341,348,PAVIMENTACION DE LA CALLE BALCON DE LAS GRAJILLAS TRAMO: DE BLVD. BALCON DE LA JOYA A CALLE BALCON D,Unitario,1,1,Obra,1,0
342,360,PROYECTO EJECUTIVO DE PAVIMENTACION DE LAS CALLES: GREGACION TRAMO: CAMPO VERDE-ECOLOGIA COL. CAMPO,Unitario,1,1,Obra,1,0
343,363,"PROYECTO EJECUTIVO DE PAVIMENTACION DE LAS CALLES: RIO CHAPINGO GUANAJUATO-RIO CONCHOS,",Unitario,1,1,Obra,1,0
344,366,PROYECTO EJECUTIVO DE PAVIMENTACION DE LAS CALLES: BALCON DE LOS ESTORNINOS TRAMO:DE BALCON DE LOS C,Unitario,1,1,Obra,1,0
345,375,PROYECTO EJECUTIVO DE PAVIMENTACION DE LAS CALLES: PRIVADA CATALUÑA TRAMO:PROLONGACION BARCELONA-MUR,Unitario,1,1,Obra,1,0
346,345,"PAVIMENTACION DE LA CALLE COCOTERO TRAMO:DE CEDRO A GUAYABO,COL. LAS ARBOLEDAS DEI NFONAVIT Y",Unitario,1,1,Obra,1,0
347,347,PAVIMENTACION DE LA CALLE ARTICULO 123 TRAMO: H. AYUNTAMIENTO A CORREGIDORA COL. LA LIBERTAD,Unitario,1,1,Obra,1,0
348,349,PAVIMENTACION DE LA CALLE FRAY VICTOR TRAMO: DE AV. OLIMPICA-FRAY NOE COL. AMPLIACION SAN FRANCISCO,Unitario,1,1,Obra,1,0
349,350,PAVIMENTACION DE LA CALLE SAUCE TRAMO: DE CALLE CAOBA A CALLE MANZANO COL. ARBOLEDAS DE INFONAVIT,Unitario,1,1,Obra,1,0
350,351,PAVIMENTACION DE LA CALLE SANTA ROSALIA TRAMO: DE CALLE LA FLORIDA A CALLE SAN MARCOS COL. LA FLORID,Unitario,1,1,Obra,1,0
351,357,PAVIMENTACION DE LA CALLE PROMULGACION CONSTITUCIONAL TRAMO: DE CALLE ASAMBLEA DE QUERETARO A CALLE,Unitario,1,1,Obra,1,0
352,387,PAVIMENTACION DEL BLVD. CORRALES AYALA 2DA. ETAPA LEON,Unitario,1,1,Obra,1,0
353,354,PAVIMENTACION DE LA CALLE MADRE ALEJANDRA TRAMO: DE CALLE MADRE TIERRA A MADRE FABIOLA COL. UNION,Unitario,1,1,Obra,1,0
354,344,PAVIMENTACION DE LA CALLE LEVANTAMIENTO REVOLUCIONARIO TRAMO: TIMOTEO LOZANO A TOPAR CON LINDERO SUR,Unitario,1,1,Obra,1,0
355,368,PROYECTO EJECUTIVO DE PAVIMENTACION DE LAS CALLES: BARACALDO TRAMO:BARCELON-PRIVADA BURGOS; MARTINIC,Unitario,1,1,Obra,1,0
356,382,PROYECTO EJECUTIVO DE PAVIMENTACION DE LAS CALLES: SENDERO OTOMI TRAMO: AÑORANZA-SENDERO MEXICA,Unitario,1,1,Obra,1,0
357,400,PAVIMENTACION DE LA CALLE HUELGA DE NUEVA ROSITA TRAMO: H. AYUNTAMIENTO A CORREGIDORA COL. LA LIBERT,Unitario,1,1,Obra,1,0
358,314,MEJORAS DE LAS INSTALACIONES DE ALUMBRADO PUBLICO EN LAS COLONIAS DEL POLIGONO DENOMINADO DIEZ DE,Unitario,1,1,Obra,1,0
359,326,PLAZA CIVICA DE SAN PEDRO DE LOS HERNANDEZ  Y PLAZA SATELITE DE IRLANDA A MALLORCA COL. SATELITE,Unitario,1,1,Obra,1,0
360,327,REHABILITACION DE SANITARIOS EN DIVERSAS INSTITUCIONES EDUCATIVAS LEON,Unitario,1,1,Obra,1,0
361,336,PROYECTO EJECUTIVO DE PAVIMENTACION DE LAS CALLES: ATENCA TRAMO: EROS-BLVD. CLIO COL. LA ERMITA;,Unitario,1,1,Obra,1,0
362,335,PROYECTO EJECUTIVO DE BLVD. VICENTE VALTIERRA TRAMO: BLVD. LA LUZ A TAJO DE SANTA ANA LEON,Unitario,1,1,Obra,1,0
363,385,PROYECTO EJECUTIVO DE PAVIMENTACION DE LAS CALLES: FREUD TRAMO: BLVD. ARISTOTELES-FROMM;,Unitario,1,1,Obra,1,0
364,393,INSTALACION Y ADECUACION DE LOS  DISPOSITIVOS VIALES EN LA COLONIA PRESIDENTES DE MEXICO LEON,Unitario,1,1,Obra,1,0
365,353,PAVIMENTACION DE LA CALLE NARDOS TRAMO: DE ORQUIDEAS- TOPAR CON AFECTACION COL. JARDINES DE JEREZ,Unitario,1,1,Obra,1,0
366,397,PAVIMENTACION DE LA CALLE PEÑAS ALTAS TRAMO: ARISTOTELES A FRANCISCO VILLA COL. EJIDO DE LA JOYA,Unitario,1,1,Obra,1,0
367,380,PROYECTO EJECUTIVO DE PAVIMENTACION DE LAS CALLES: PRIVADA BELEM TRAMO: PALESTINA - TIBERIADES,Unitario,1,1,Obra,1,0
368,343,PAVIMENTACION DE LA CALLE PLAN DE GUADALUPE TRAMO: BLVD. OBRERO MUNDIAL CON ANDADOR COL.LAS MAND,Unitario,1,1,Obra,1,0
369,379,CAMARA DE ESTIMULACION MULTISENSORIAL PARA EL SISTEMA DIF LEON,Unitario,1,1,Obra,1,0
370,401,PAVIMENTACION DE LA CALLE AV. RIO DE LOS CASTILLOS IRA ETAPA COL. PASEO DE LA PRESA,Unitario,1,1,Obra,1,0
371,402,"TRABAJOS DE ARREGLO Y TERMINACION DE LA IMAGEN URBANA EN PUENTE DE ENTRONQUE ""Y"" EN ACCESO DE CARRET",Unitario,1,1,Obra,1,0
372,389,CONSTRUCCION DE BARDA PERIMETRAL EN LA ESCUELA PRIMARIA UBICADA EN LA CALLE CIRCUITO #201 COL. POPUL,Unitario,1,1,Obra,1,0
373,396,"LIMPIEZA DE ARROYOS EN LAS COMUNIDADES LOS ARCOS, LOS TEPETATES Y REALIZACION DE TRABAJOS EN EL VADO",Unitario,1,1,Obra,1,0
374,407,CICLOVIA CONSTRUCCION Y CERCADO (MORELOS PUENTE OLIMPICA) LEON,Unitario,1,1,Obra,1,0
375,394,DESMONTAJE DE LAMINA Y LAMINACION DE CUBIERTA Y FALDONES PARA EL MERCADO EL CORTIJO LEON,Unitario,1,1,Obra,1,0
376,364,PROYECTO EJECUTIVO DE PAVIMENTACION DE LAS CALLES: PLATON TRAMO: KANT-CITADINA COL. SAUCILLO Y LOMAS,Unitario,1,1,Obra,1,0
377,356,REMODELACION DE LA FACHADA CATALOGADA UBICACION CALLE AQUILES SERDAN NO. 240 ZONA CENTRO,Unitario,1,1,Obra,1,0
378,391,LABORATORIO VERIFICADOR DE OBRA 2012,Unitario,1,1,Obra,1,0
379,374,TRAMITE DE PERMISO DE CONSTRUCCION ANTE EL ANHA PARA LA INTERVENCION DE LAS FACHADAS CATALOGADAS Y C,Unitario,1,1,Obra,1,0
380,388,CONSTRUCCION DE AULA TELESECUNDARIA 397 UBICADA EN CALLE MA. JOAQUINA DE LA PORTILLA 402 COL. BUENA,Unitario,1,1,Obra,1,0
381,352,PAVIMENTACION DE LA CALLE RIO CHAPINGO TRAMO: DE BLVD. TORRES LANDA A CALLE RIO GUANAJUATO COL. SAN,Unitario,1,1,Obra,1,0
382,392,ANDADOR PARQUES DEL SUR CRICIFIXION A PARQUE PURISIMA DEL RINCON; REHABILITACION DE ADOQUIN EN EL AN,Unitario,1,1,Obra,1,0
383,398,PAVIMENTACION DE LA CALLE FRANCISCO VILLA TRAMO: PEÑAS ALTAS A IGNACIO ALLENDE COL. EJIDO LA JOYA,Unitario,1,1,Obra,1,0
384,384,PROYECTO EJECUTIVO DE PAVIMENTACION DE LAS CALLES:POCHUTLA TRAMO: MARTINICA-MURCIA COL. PILETAS IV,Unitario,1,1,Obra,1,0
385,406,"TRABAJOS COMPLEMTARIOS PARA LA TERMINACION DE FACHADA EN PORTAL GUERRERO, CALLE BENITO JUAREZ A PINO",Unitario,1,1,Obra,1,0
386,409,"CONSTRUCCION DE BARDA EN JARDIN DE NIÑOS ""ALONSO GACIA ROBLES"", COL. POPULAR INCA",Unitario,1,1,Obra,1,0
387,358,PROYECTO EJECUTIVO DE PAVIMENTACION DE LAS CALLES: CERRO DEL CHAPULIN TRAMO:CERRO DEL CUBO-AV. AGRIC,Unitario,1,1,Obra,1,0
388,359,PROYECTO EJECUTIVO DE PAVIMENTACION DE LAS CALLES: ENCINO TRAMO: HERMENEGILDO-PIRUL COL. VALLE DE LE,Unitario,1,1,Obra,1,0
389,362,"PROYECTO EJECUTIVO DE PAVIMENTACION DE LAS CALLES:SOJA TRAMO: CUENCA FLORIDA-ALISO, CALLE COLZA TRAM",Unitario,1,1,Obra,1,0
390,390,PROYECTO EJECUTIVO DE PAVIMENTACION DE LAS CALLES: VALLE DUPART TRAMO: MADRE TIERRA - VALLE ARIZPE C,Unitario,1,1,Obra,1,0
391,367,PROYECTO EJECUTIVO DE PAVIMENTACION DE LAS CALLES:VALLE CABUERIGA TRAMO: VALLE ARIZPE-MADRE TIERRA,Unitario,1,1,Obra,1,0
392,376,PROYECTO EJECUTIVO DE PAVIMENTACION DE LAS CALLES: VOLTAIRE TRAMO: BLVD. ARISTOTELES-FROM COL. SOLED,Unitario,1,1,Obra,1,0
393,377,PAVIMENTACION DE LA CALLE AGAVE DE JEREZ TRAMO: DE SALSIFI-AV. LAS LIEBRES COL. SAN ISIDRO,Unitario,1,1,Obra,1,0
394,378,PAVIMENTACION DE LA CALLE GAMBOA TRAMO:CALLE HUIMILPAN A CALLE PALO ALTO COL. EL PALOTE,Unitario,1,1,Obra,1,0
395,386,PROYECTO EJECUTIVO DE PAVIMENTACION DE LAS CALLES: CIRCUITO DOVELAS TRAMO: RELIEVE - DORADILLA COL.,Unitario,1,1,Obra,1,0
396,408,PAVIMENTACION DE LA CALLE MAR MEDITERRANEO TRAMO: DE LA CALLE OCEANO INDICO A OCEANO ARTICO COL. LIN,Unitario,1,1,Obra,1,0
397,361,PROYECTO EJECUTIVO DE PAVIMENTACION DE LAS CALLES: FILIPOS TRAMO: FILEMON - COLOCENSES Y CALLE EPIST,Unitario,1,1,Obra,1,0
398,292,PAVIMENTACION DE LA CALLE NEVADO DE COLIMA TRAMO: CHINCHONAL A HILARIO MEDINA COL. LA CARMONA,Unitario,1,1,Obra,1,0
399,383,PROYECTO EJECUTIVO DE PAVIMENTACION DE LAS CALLES: JOSE M. PRADO TRAMO: BLVD. MARIANO ESCOBEDO - AL,Unitario,1,1,Obra,1,0
400,404,PROYECTO EJECUTIVO DE PAVIMENTACION DE LAS CALLES: GANGUES TRAMO: VALLE ARIZPE - MADRE TIERRA Y CALL,Unitario,1,1,Obra,1,0
401,415,PAVIMENTACION DE LA CALLE PRIVADA APOSTOL TRAMO: DE MARMOLEJO A TOPAR COL. RINCONADA DE SAN PEDRO,Unitario,1,1,Obra,1,0
402,423,PROYECTO EJECUTIVO DE PAVIMENTACION DE LA CALLE: TOLEDO TRAMO:BLVD. SAN JUAN BOSCO (PAVIMENTO EXIST),Unitario,1,1,Obra,1,0
403,422,PAVIMENTACION DE LA CALLE LUIS LONG TRAMO: ALFONSO ESPARZA - FEDERICO BAENA COL. SAN MARCOS,Unitario,1,1,Obra,1,0
404,425,SEMAFORIZACION CICLOVIA BLVD. JOSE MA. MORELOS Y BLVD. LAS TORRES LEON,Unitario,1,1,Obra,1,0
405,424,IMAGEN URBANA EN CAMELLON CENTRAL DE BLVD. VICENTE VALTIERRA Y BLVD. JOSE MA. MORELOS LEON,Unitario,1,1,Obra,1,0
406,421,PAVIMENTACION DE LA CALLE HOMBRES ILUSTRES TRAMO: PUERTOS LIBRES A REFORMA AGRARIA COL. SAN MARCOS,Unitario,1,1,Obra,1,0
407,420,PAVIMENTACION DE LA CALLE ENCINO TRAMO: DE BLVD. HERMENEGILDO BUSTOS A CALLE PIRUL DEL VALLE COL. VA,Unitario,1,1,Obra,1,0
408,417,PAVIMENTACION DE LA CALLE PLAZA SAUCE TRAMO: DE SAN ROMAN A SAUCE COL. ARBOLEDAS DE INFONAVIT,Unitario,1,1,Obra,1,0
409,416,SUMINISTRO Y COLOCACION DE 225 ML DE MALLA CICLONICA EN AREA DE DONACION EN LA CALLE ORIEN COL. PASE,Unitario,1,1,Obra,1,0
410,413,PAVIMENTACION DE LA CALLE RIO TONALA TRAMO: DE RIO TECOLUTLA A RIO GUANAJUATO COL. SAN MIGUEL,Unitario,1,1,Obra,1,0
411,4514,PAVIMENTACION DE LA CALLE SAN LUCAS TRAMO: DE SAN JUSTO - TOPAR COL. LA PISCINA,Unitario,1,1,Obra,1,0
412,414,PAVIMENTACION DE LA CALLE SAN LUCAS TRAMO: DE SAN JUSTO - TOPAR COL. LA PISCINA,Unitario,1,1,Obra,1,0
413,412,DRENAJE SANITARIO EN LA COMUNIDAD DE SAN JUAN DE OTATES CALLE SAN ANDRES LEON,Unitario,1,1,Obra,1,0
414,411,REHABILITACION DE LAS AREAS DE CIRCULACION PEATONAL Y VEHICULAR EN LA ZONA CENTRO LEON,Unitario,1,1,Obra,1,0
415,418,PAVIMENTACION DE LA CALLE JEREZ DE CASTELO TRAMO: CALLE JEREZ DE SEVILLA A CALLE VALLE DE SANTIAGO,Unitario,1,1,Obra,1,0
416,419,PAVIMENTACION DE LA CALLE JEREZ DE ALDANA TRAMO: DE CALLE JEREZ DE SEVILLA A CALLE VALLE DE SANTIAGO,Unitario,1,1,Obra,1,0
417,410,PROYECTO EJECUTIVO DE PAVIMENTACION DE LA CALLE: TOLEDO TRAMO: ALCALA DE HENAREZ - CADIZ COL. SAN JU,Unitario,1,1,Obra,1,0
418,399,PROYECTO EJECUTIVO DE PAVIMENTACION DE LAS CALLES: MADRE ESTELA TRAMO: AV. ATOTONILCO - MADRE SIERRA,Unitario,1,1,Obra,1,0
419,403,PROYECTO EJECUTIVO DE PAVIMENTACION DE LAS CALLES: MADRE ALICIA TRAMO: MADRE MARINA - MADRE SIERRA;,Unitario,1,1,Obra,1,0
420,405,PROYECTO EJECUTIVO DE PAVIMENTACION DE LAS CALLES: MADRE CARMEN TRAMO: MADRE SIERRA-ATOTONILCO Y,Unitario,1,1,Obra,1,0
421,426,REHABILITACION DE LA PISTA EN EL PARQUE METROPOLITANO DE LEON,Unitario,1,1,Obra,1,0
422,427,REMODELACION EN EL AREA DE JUEGOS DEL JARDIN UBICADO ENTRE LAS CALLES BURGOS Y SINIESTA EN LA COL.,Unitario,1,1,Obra,1,0
423,428,TRABAJOS COMPLEMENTARIOS PARA LA PAVIMENTACIÓN DE LA CALLE MADRE GLORIA TRAMO: MADRE MARINA,Unitario,1,1,Obra,1,0
424,429,"CONSTRUCCION DE LA UNIDAD DEPORTIVA NORTE EN EL MUNICIPIO DE LEON, GUANAJUATO",Unitario,1,1,Obra,1,0
425,395,"MANTENIMIENTO INTEGRAL DE PARQUES Y JARDINES EN PARQUE CARCAMOS PAQ. 1 LEON, GTO.",Unitario,1,1,Obra,1,0
426,430,PAVIMENTACION DE LA CALLE TOLEDO TRAMO: DE CADIZ A ALCALA DE HENARES COL. SAN JUAN BOSCO,Unitario,1,1,Obra,1,0
427,431,"BACHEO EN CARCAMOS, MAR ADRIATICO, CALLE ALFALFA, EN CALLES YUCATAN Y STO. DOMINGO COL. OBRERA; Y RE",Unitario,1,1,Obra,1,0
428,432,PAVIMENTACION DE LA CALLE MAR ROJO TRAMO: DE OCEANO INDICO DE LINDA VISTA A OCEANO PACIFICO DE LINDA,Unitario,1,1,Obra,1,0
429,434,INSTALACION Y ADECUACION DE REDUTORES DE VELOCIDAD (TOPES DE PLASTICO) EN LA CALLE TANTALIO TRAMO:,Unitario,1,1,Obra,1,0
430,433,REHABILITACION DE LOS PAVIMENTOS DE LA CALLE ALAMEDA DE SAN JUAN TRAMO: DE HACIENDAS DE LEON,Unitario,1,1,Obra,1,0
431,437,"COLOCACION DE PRIMERA PIEDRA EN EL PARQUE METROPOLITANO NORTE, LEON",Unitario,1,1,Obra,1,0
432,435,AMPLIACION DE LAUMBRADO PUBLICO DE LA CICLOVIA LEON - SAN FRANCISCO TRAMO: DE LA RESERVA A LA MORA L,Unitario,1,1,Obra,1,0
433,436,ADECUACION DE OFICINAS EN PARQUE MEXICO PARA LA DIRECCION DE PROTECCION AL AMBIENTE LEON,Unitario,1,1,Obra,1,0
434,438,SUMINISTRO Y COLOCACION DE RECUBRIMIENTOS A BASE DE MATERIAL ACOLCHADO EN LAS DELEGACIONES DE,Unitario,1,1,Obra,1,0
435,439,CONSTRUCCION DE BOCA DE TORMENTA UBICADA EN LA CALLE CALAFIA ESQUINA CON CALLE SARMIENTO EN LA COL.,Unitario,1,1,Obra,1,0
436,440,CONSTRUCCION DE LA ESTACION DE BOMBEROS NO. 8 EN LA COL. ERMITA EN LEON. GTO.,Unitario,1,1,Obra,1,0
437,441,MANTENIMIENTO Y REHABILITACION EN LA VIALIDAD MALECON DEL RIO DE LOS GOMEZ,Unitario,1,1,Obra,1,0
438,443,OBRA COMPLEMENTARIA EN LA CALLE BENITO JUAREZ LOCALIDAD LA RESERVA LEON,Unitario,1,1,Obra,1,0
439,442,PAVIMENTACION DE LA CALLE GUTY CARDENAS CUERPO ORIENTE TRAMO: DE NOGAL A SAN ROMAN COL. LAS ARBOLEDA,Unitario,1,1,Obra,1,0
440,445,CONSTRUCCION DEL PUENTE VEHICULAR HACIENDA ARRIBA,Unitario,1,1,Obra,1,0
441,446,CONSTRUCCION DE RETORNO Y GASAS DE INCORPORACION EN EL BLVD. JOSE MARIA MORELOS PTE.,Unitario,1,1,Obra,1,0
442,444,"MEJORAMIENTO LOGISTICO DE LA ZONA DE COMERCILIZACION AL MENUDEO DE LA CENTRAL DE ABASTOS DE LEON,",Unitario,1,1,Obra,1,0
443,470,APLICACION DE PINTURA EN BARANDALES PUENTE LA LUZ,Unitario,1,1,Obra,1,0
444,454,PAVIMENTACION DE LA CALLE ANTONIO DEL CASTILLO TRAMO: DE BLVD. MARIANO ESCOBEDO A CEFERINO ORTIZ COL,Unitario,1,1,Obra,1,0
445,460,PAVIMENTACION DE LA CALLE RICARDO GALVAN TRAMO: DE BLVD. MARIANO ESCOBEDO A CEFERINO ORTIZ COL. LEON,Unitario,1,1,Obra,1,0
446,465,REHABILITACION CON CONCRETO HIDRAULICO DE LOS PAVIMENTOS DEL BLVD. CAMPESTRE LEON.,Unitario,1,1,Obra,1,0
447,467,MEJORAS EN LAS INSTALACIONES DE ALUMBRADO PUBLICO EN COL. PORTONES DE SAN JACINTO (EL INFIERNITO) EL,Unitario,1,1,Obra,1,0
448,471,APLICACION DE PINTURA EN BARANDALES DEL DISTRIBUIDOR VIAL JUAN PABLO II,Unitario,1,1,Obra,1,0
449,447,PAVIMENTACION DE LA CALLE PRIV. ARROYO EL SALTO TRAMO: DE BLVD. AMRIANO ESCOBEDO A TOPAR COL. PASEOS,Unitario,1,1,Obra,1,0
450,448,PAVIMENTACION DE LA CALLE BOMBAY TRAMO: DE NIGER A MALECON DEL RIO COL. LA ESCONDIDA,Unitario,1,1,Obra,1,0
451,449,PAVIMENTACION DE LA CALLE TOMAS ILLAÑEZ TRAMO: DE BLVD. TELLEZ CRUCES - ANTONIO HERNANDEZ COL. LEON,Unitario,1,1,Obra,1,0
452,450,PAVIMENTACION DE LA CALLE JOSE MA. RUIZ TRAMO: DE BLVD. TELLEZ CRUCES -  ANTONIO HERNANDEZ COL. LEON,Unitario,1,1,Obra,1,0
453,451,PAVIMENTACION DE LA CALLE JUAN MUÑOZ LOPEZ TRAMO: DE BLVD. TELLEZ CRUCES - ANTONIO HERNADEZ COL. LEN,Unitario,1,1,Obra,1,0
454,452,PAVIMENTACION DE LA CALLE JOSE MA. RODRIGUEZ TRAMO: DE BLVD. TELLEZ CRUCES A TOPAR CON LIMITE DE LA,Unitario,1,1,Obra,1,0
455,453,PAVIMENTACION DE LA CALLE FRANCISCO MARTINEZ TRAMO: DE BLVD. TELLEZ CRUCES A TOPAR CON LIMITE DE LA,Unitario,1,1,Obra,1,0
456,455,PAVIMENTACION DE LA CALLE EUFRACIA PANTOJA TRAMO: BLVD. LEON II A RICARDO SOLORZANO COL. LEON II,Unitario,1,1,Obra,1,0
457,456,PAVIMENTACION DE LA CALLE JOSE GUADALUPE POSADA TRAMO: DE BLVD. LEON II A MA. SANCHEZ COL. LEON II,Unitario,1,1,Obra,1,0
458,457,PROYECTO ESTRUCTURAL DE LA PARTE POSTERIOR DEL MERCADO LA LUZ ENTRE LAS CALLES LA LUZ Y HEROES DE LA,Unitario,1,1,Obra,1,0
459,458,PAVIMENTACION DE LA CALLE GAVIOTA 1/2 CUERPO NORTE TRAMO: QUETZAL A OREOL COL. SANTA RITA,Unitario,1,1,Obra,1,0
460,459,PAVIMENTACION DE LA CALLE AGUSTIN FRANCO TRAMO: DE BLVD. FRANCISCO VILLA A PAULINO DURAN COL. LEON I,Unitario,1,1,Obra,1,0
461,461,PAVIMENTACION DE LA CALLE IMELDA GOMEZ TRAMO: DE BLVD. LEON II A BLVD. MARIANO ESCOBEDO COL. LEON II,Unitario,1,1,Obra,1,0
462,462,PAVIMENTACION DE LA CALLE MARCOS AGUILAR TRAMO: DE BLVD. LEON II A RICARDO SOLORZANO COL. LEON II,Unitario,1,1,Obra,1,0
463,463,PAVIMENTACION DE LA CALLE 2DO. ANDADOR JOSE DE LA LUZ FLORES TRAMO: DE FRANCISCO MORALES A J. DE LA,Unitario,1,1,Obra,1,0
464,464,PAVIMENTACION DE LA CALLE PASEO DE LAS LIEBRES TRAMO: DE BLVD. RIO MAYO A MIGUEL DE CERVANTES SAAVED,Unitario,1,1,Obra,1,0
465,466,PAVIMENTACION DE LA CALLE SILVINO ROBLES TRAMO: DE BLVD. MARIANO ESCOBEDO A BLVD. LEON II COL. LEON,Unitario,1,1,Obra,1,0
466,468,"MEJORAS EN LAS INSTALACIONES DE ALUMBRADO PÚBLICO EN: COL. CERRITO DE LA JOYA, COL. PIEDAD DE LA JOY",Unitario,1,1,Obra,1,0
467,469,ADECUACION GEOMETRICA DEL BLVD. ADOLFO LOPEZ MATEOS PARA MEJORAR LOS CRUCES PEATONALES TRAMO: BLVD.,Unitario,1,1,Obra,1,0
468,12016,"ESCALATORIA 1 VIALIDADES LATERALES, CRUCE A NIVEL Y ADECUACION DE SERVICIOS DE LA INTERSECCION DE LA",Unitario,1,1,Obra,1,0
469,12236,"ESCALATORIA 1 REHABILITACION DE PAVIMENTOS EN DIFERENTES TRAMOS: BLVD. FRANCISCO VILLA, MALECON DEL",Unitario,1,1,Obra,1,0
470,12445,CONSTRUCCION DEL PUENTE VEHICULAR HACIENDA ARRIBA,Unitario,1,1,Obra,1,0
