Id_Oficio_Asignacion,Año,Numero_Asignacion,Numero_Oficio_Asignacion,Fecha_Oficio_Asignacion,Id_Contratista,Id_Supervisor_Externo,Id_Supervisor_Interno,Observaciones_Generales,Tipo_Obra_Proyecto,Id_Modalidad,Id_Coordinador,Area
0000000001,2018,DGOP/0001/CONT/2018,DGOP/0001/CONT/2018,2018-02-26 00:00:00,0000000654,0000000447,0000000021,,Proyecto,0000000001,NULL,NULL
0000000004,2018,DGOP/0029/CONT/2018,DGOP/0029/CONT/2018,2018-04-04 00:00:00,0000000529,,0000000021,,Proyecto,0000000001,NULL,NULL
0000000005,2018,DGOP/0520/CONT/2017,DGOP/0520/CONT/2017,2017-11-05 00:00:00,0000000621,,0000000021,,Obra,0000000001,0000000055,Construcción
0000000007,2018,DGOP/0004/OBRA/2018,DGOP/0004/OBRA/2018,2018-02-26 00:00:00,0000000326,0000000309,0000000058,,Obra,0000000003,0000000054,Construcción
0000000009,2018,DGOP/0005/OBRA/2018,DGOP/0005/OBRA/2018,2018-02-26 00:00:00,0000000724,,0000000068,,Obra,0000000001,NULL,NULL
0000000010,2018,DGOP/0006/OBRA/2018,DGOP/0006/OBRA/2018,2018-02-26 00:00:00,0000000457,,0000000068,,Obra,0000000001,NULL,NULL
0000000011,2018,DGOP/0009/CONT/2018,DGOP/0009/CONT/2018,2018-02-26 00:00:00,0000000680,,0000000018,,Obra,0000000001,NULL,NULL
0000000012,2018,DGOP/0012/OBRA/2018,DGOP/0012/OBRA/2018,2018-03-08 00:00:00,0000000505,,0000000068,,Obra,0000000001,NULL,NULL
0000000013,2018,DGOP/0013/OBRA/2018,DGOP/0013/OBRA/2018,2018-03-08 00:00:00,0000000269,,0000000072,,Obra,0000000001,NULL,NULL
0000000014,2018,DGOP/0015/OBRA/2018,DGOP/0015/OBRA/2018,2018-04-19 00:00:00,0000000294,,0000000068,,Obra,0000000001,NULL,NULL
0000000015,2018,DGOP/0017/OBRA/2018,DGOP/0017/OBRA/2018,2018-04-19 00:00:00,0000000522,,0000000069,,Obra,0000000001,NULL,NULL
0000000016,2018,DGOP/0018/OBRA/2018,DGOP/0018/OBRA/2018,2018-03-08 00:00:00,0000000347,,0000000069,,Obra,0000000001,NULL,NULL
0000000017,2018,DGOP/0027/CONT/2018,DGOP/0027/CONT/2018,2018-04-04 00:00:00,0000000151,,0000000021,,Proyecto,0000000001,NULL,NULL
0000000018,2018,DGOP/0028/CONT/2018,DGOP/0028/CONT/2018,2018-04-04 00:00:00,0000000654,,0000000021,,Obra,0000000001,NULL,NULL
0000000020,2018,DGOP/0031/CONT/2018,DGOP/0031/CONT/2018,2018-04-04 00:00:00,0000000653,,0000000075,,Proyecto,0000000001,NULL,NULL
0000000021,2018,DGOP/0033/CONT/2018,DGOP/0033/CONT/2018,2018-04-04 00:00:00,0000000234,,0000000023,,Proyecto,0000000001,0000000055,Construcción
0000000023,2018,DGOP/0022/PROY/2018,DGOP/0022/PROY/2018,2018-03-08 00:00:00,0000000681,,0000000070,,Proyecto,0000000001,NULL,NULL
0000000024,2018,DGOP/0049/PROY/2018,DGOP/0049/PROY/2018,2018-04-16 00:00:00,0000000151,,0000000023,,Obra,0000000001,NULL,NULL
0000000025,2018,DGOP/0023/PROY/2018,DGOP/0023/PROY/2018,2017-03-08 00:00:00,0000000539,,0000000086,,Obra,0000000001,NULL,NULL
0000000026,2018,DGOP/0037/PROY/2018,DGOP/0037/PROY/2018,2018-04-06 00:00:00,0000000712,,0000000076,,Proyecto,0000000001,NULL,NULL
0000000027,2018,DGOP/0048/CONT/2018,DGOP/0048/CONT/2018,2018-04-09 00:00:00,0000000013,0000000742,0000000054,,Obra,0000000001,0000000055,Construcción
0000000028,2018,DGOP/0044/CONT/2018,DGOP/0044/CONT/2018,2018-04-09 00:00:00,0000000633,0000000358,0000000054,,Obra,0000000001,NULL,NULL
0000000029,2018,DGOP/0047/CONT/2018,DGOP/0047/CONT/2018,2018-04-09 00:00:00,0000000622,0000000725,0000000060,,Obra,0000000001,0000000055,Construcción
0000000030,2018,DGOP/0003/CONT/2018,DGOP/0003/CONT/2018,2018-02-26 00:00:00,0000000326,0000000464,0000000056,,Obra,0000000003,NULL,NULL
0000000031,2018,DGOP/0011/OBRA/2018,DGOP/0011/OBRA/2018,2018-03-08 00:00:00,0000000457,,0000000085,,Obra,0000000001,NULL,NULL
0000000032,2018,DGOP/0007/OBRA/2018,DGOP/0007/OBRA/2018,2018-02-26 00:00:00,0000000207,,0000000082,,Obra,0000000001,NULL,NULL
0000000033,2018,DGOP/0008/CONT/2018,DGOP/0008/CONT/2018,2018-02-26 00:00:00,0000000261,,0000000083,,Obra,0000000001,0000000055,Construcción
0000000034,2018,DGOP/0010/CONT/2018,DGOP/0010/CONT/2018,2018-02-26 00:00:00,0000000646,,0000000084,,Obra,0000000001,0000000084,Construcción
0000000035,2018,DGOP/0020/OBRA/2018,DGOP/0020/OBRA/2018,2018-03-08 00:00:00,0000000275,0000000094,0000000059,,Obra,0000000002,0000000055,Construcción
0000000036,2018,DGOP/0021/OBRA/2018,DGOP/0021/OBRA/2018,2018-03-08 00:00:00,0000000672,0000000094,0000000088,,Obra,0000000002,NULL,NULL
0000000037,2018,DGOP/0035/CONT/2018,DGOP/0035/CONT/2018,2018-04-05 00:00:00,0000000665,,0000000087,,Obra,0000000001,NULL,NULL
0000000038,2018,DGOP/0042/CONT/2018,DGOP/0042/CONT/2018,2018-04-09 00:00:00,0000000578,0000000727,0000000088,,Obra,0000000001,NULL,NULL
0000000039,2018,DGOP/0032/CONT/2018,DGOP/0032/CONT/2018,2018-04-04 00:00:00,0000000542,,0000000086,,Obra,0000000001,NULL,NULL
0000000040,2018,DGOP/0034/CONT/2018,DGOP/0034/CONT/2018,2018-04-05 00:00:00,0000000589,,0000000087,,Obra,0000000001,NULL,NULL
0000000041,2018,DGOP/0038/PROY/2018,DGOP/0038/PROY/2018,2018-04-09 00:00:00,0000000677,,0000000081,,Proyecto,0000000001,NULL,NULL
0000000042,2018,DGOP/0711/CONT/2017,DGOP/0711/CONT/2017,2018-04-26 00:00:00,0000000582,0000000728,0000000058,,Obra,0000000002,0000000053,Construcción
0000000044,2018,DGOP/0589/CONT/2017,DGOP/0589/CONT/2017,2017-11-05 00:00:00,0000000370,,0000000055,,Proyecto,0000000001,0000000083,Proyectos
0000000045,2018,DGOP/0002/CONT/2018,DGOP/0002/CONT/2018,2018-02-26 00:00:00,0000000588,,0000000020,,Proyecto,0000000001,0000000020,Proyectos
0000000047,2018,DGOP/0610/CONT/2017,DGOP/0610/CONT/2017,2018-05-07 00:00:00,0000000146,0000000464,0000000058,,Obra,0000000003,0000000054,Construcción
0000000048,2018,DGOP/0053/PROY/2018,DGOP/0053/PROY/2018,2018-04-18 00:00:00,0000000588,,0000000020,,Proyecto,0000000001,0000000020,Proyectos
0000000049,2018,DGOP/0054/PROY/2018,DGOP/0054/PROY/2018,2018-04-18 00:00:00,0000000717,,0000000020,,Proyecto,0000000001,0000000020,Proyectos
0000000050,2018,DGOP/0055/CONT/2018,DGOP/0055/CONT/2018,2018-04-18 00:00:00,0000000582,0000000730,0000000060,,Obra,0000000001,0000000057,Construcción
0000000051,2018,DGOP/0056/CONT/2018,DGOP/0056/CONT/2018,2018-05-07 00:00:00,0000000289,0000000731,0000000056,,Obra,0000000001,0000000054,Construcción
0000000052,2018,DGOP/0057/CONT/2018,DGOP/0057/CONT/2018,2018-05-07 00:00:00,0000000649,,0000000060,,Obra,0000000001,0000000054,Construcción
0000000054,2018,DGOP/0643/CONT/2017,DGOP/0643/CONT/2017,2017-11-06 00:00:00,0000000734,,0000000080,,Obra,0000000001,0000000080,Mantenimiento
0000000055,2018,DGOP/0521/CONT/2017,DGOP/0521/CONT/2017,2017-11-06 00:00:00,0000000640,,0000000089,,Proyecto,0000000001,0000000089,Proyectos
0000000057,2018,DGOP/0059/CONT/2018,DGOP/0059/CONT/2018,2018-04-17 00:00:00,0000000700,0000000735,0000000058,,Obra,0000000001,0000000054,Construcción
0000000058,2018,DGOP/0070/CONT/2018,DGOP/0070/CONT/2018,2018-04-22 00:00:00,0000000700,0000000736,0000000057,,Obra,0000000001,0000000057,Construcción
0000000059,2018,DGOP/0710/CONT/2017,DGOP/0710/CONT/2017,2018-05-18 00:00:00,0000000737,,0000000056,,Obra,0000000001,0000000061,Construcción
0000000060,2018,DGOP/0550/CONT/2017,DGOP/0550/CONT/2017,2017-11-05 00:00:00,0000000680,,0000000020,,Proyecto,0000000001,0000000020,Proyectos
0000000061,2018,DGOP/0523/CONT/2017,DGOP/0523/CONT/2017,2017-11-05 00:00:00,0000000680,,0000000083,,Proyecto,0000000001,0000000083,Proyectos
0000000062,2018,DGOP/0524/CONT/2017,DGOP/0524/CONT/2017,2017-11-05 00:00:00,0000000356,,0000000020,,Proyecto,0000000001,0000000020,Proyectos
0000000063,2018,DGOP/0531/CONT/2017,DGOP/0531/CONT/2017,2017-11-05 00:00:00,0000000343,,0000000087,,Proyecto,0000000001,0000000087,Proyectos
0000000064,2018,DGOP/CONT/0050/2018,DGOP/CONT/0050/2018,2016-04-17 00:00:00,0000000680,,0000000089,,Proyecto,0000000001,0000000089,Proyectos
0000000065,2018,DGOP/0051/CONT/2018,DGOP/0051/CONT/2018,2018-04-17 00:00:00,0000000640,,0000000089,,Proyecto,0000000001,0000000089,Proyectos
0000000066,2018,DGOP/0052/CONT/2018,DGOP/0052/CONT/2018,2018-04-17 00:00:00,0000000640,,0000000089,,Proyecto,0000000001,0000000089,Proyectos
0000000068,2018,DGOP/0060/CONT/2018,DGOP/0060/CONT/2018,2018-04-18 00:00:00,0000000302,,0000000072,,Proyecto,0000000001,0000000072,Proyectos
0000000069,2018,DGOP/0061/CONT/2018,DGOP/0061/CONT/2018,2018-04-21 00:00:00,0000000042,,0000000059,,Proyecto,0000000001,0000000054,Proyectos
0000000071,2018,DGOP/0063/CONT/2018,DGOP/0063/CONT/2018,2018-04-21 00:00:00,0000000584,,0000000080,,Obra,0000000001,0000000080,Construcción
0000000072,2018,DGOP/0064/CONT/2018,DGOP/0064/CONT/2018,2018-04-21 00:00:00,0000000055,,0000000080,,Obra,0000000001,0000000080,Construcción
0000000074,2018,DGOP/0066/CONT/2018,DGOP/0066/CONT/2018,2018-04-22 00:00:00,0000000636,,0000000080,,Obra,0000000001,0000000080,Construcción
0000000075,2018,DGOP/0067/CONT/2018,DGOP/0067/CONT/2018,2018-04-22 00:00:00,0000000522,,0000000080,,Obra,0000000001,0000000080,Construcción
0000000076,2018,DGOP/0633/CONT/2017,DGOP/0633/CONT/2017,2018-05-21 00:00:00,0000000689,,0000000023,,Proyecto,0000000001,0000000023,Proyectos
0000000077,2018,DGOP/CONT/0072/2018,DGOP/CONT/0072/2018,2018-04-22 00:00:00,0000000364,,0000000068,,Obra,0000000001,0000000068,Construcción
0000000078,2018,DGOP/0073/CONT/2017,DGOP/0073/CONT/2017,2018-04-23 00:00:00,0000000167,,0000000081,,Proyecto,0000000001,0000000081,Proyectos
0000000079,2018,DGOP/522/CONT/2017,DGOP/522/CONT/2017,2017-11-05 00:00:00,0000000103,,0000000020,,Proyecto,0000000001,0000000020,Proyectos
0000000080,2018,DGOP/0710/CONT/2017,DGOP/0710/CONT/2017,2018-05-29 00:00:00,0000000531,0000000737,0000000056,,Obra,0000000002,0000000061,Construcción
0000000081,2018,dgop/0712/CONT/2017,dgop/0712/CONT/2017,2018-05-30 00:00:00,0000000074,0000000271,0000000069,,Obra,0000000002,0000000069,Construcción
0000000082,2018,DGOP/0043/CONT/2018,DGOP/0043/CONT/2018,2018-05-30 00:00:00,0000000738,0000000739,0000000056,,Obra,0000000001,0000000054,Construcción
0000000083,2018,DGOP/0045/CONT/2018,DGOP/0045/CONT/2018,2018-05-30 00:00:00,0000000008,,0000000056,,Obra,0000000001,0000000054,Construcción
0000000084,2018,DGOP/0062/CONT/2018,DGOP/0062/CONT/2018,2018-04-21 00:00:00,0000000055,,0000000080,,Obra,0000000001,0000000080,Construcción
0000000085,2018,DGOP/0058/CONT/2018,DGOP/0058/CONT/2018,2018-04-21 00:00:00,0000000733,,0000000060,,Obra,0000000001,0000000054,Construcción
0000000086,2018,DGOP/0040/CONT/2018,DGOP/0040/CONT/2018,2018-04-09 00:00:00,0000000714,0000000151,0000000056,,Obra,0000000001,0000000054,Construcción
0000000087,2018,DGOP/0075/CONT/2018,DGOP/0075/CONT/2018,2018-04-24 00:00:00,0000000593,,0000000060,,Obra,0000000001,0000000057,Construcción
0000000088,2018,D/012/2018,D/012/2018,2018-06-07 00:00:00,0000000741,,0000000079,,Obra,0000000003,0000000079,Construcción
0000000089,2018,D/010/2018,D/010/2018,2018-06-07 00:00:00,0000000127,,0000000068,,Obra,0000000003,0000000068,Construcción
0000000090,2018,DGOP/0030/CONT/2018,DGOP/0030/CONT/2018,2018-04-04 00:00:00,0000000677,,0000000081,,Obra,0000000001,0000000081,Construcción
0000000091,2018,D/002-I/2018,D/002-I/2018,2018-06-07 00:00:00,0000000166,0000000415,0000000072,,Obra,0000000002,0000000072,Construcción
0000000092,2018,DGOP/0024/2018,DGOP/0024/2018,2018-04-24 00:00:00,0000000166,0000000415,0000000072,,Obra,0000000001,0000000072,Construcción
0000000093,2018,DGOP/0041/CONT/2018,DGOP/0041/CONT/2018,2018-04-09 00:00:00,0000000042,0000000727,0000000059,,Obra,0000000001,0000000054,Construcción
0000000094,2018,DGOP/0065/CONT/2018,DGOP/0065/CONT/2018,2018-04-21 00:00:00,0000000027,,0000000080,,Obra,0000000001,0000000080,Construcción
0000000095,2018,DGOP/0068/CONT/2018,DGOP/0068/CONT/2018,2018-04-22 00:00:00,0000000669,0000000358,0000000088,,Obra,0000000001,0000000062,Construcción
0000000096,2018,DGOP/0069/CONT/2018,DGOP/0069/CONT/2018,2018-04-22 00:00:00,0000000365,0000000358,0000000088,,Obra,0000000001,0000000062,Construcción
0000000097,2018,DGOP/0071/CONT/2018,DGOP/0071/CONT/2018,2018-04-22 00:00:00,0000000364,,0000000068,,Obra,0000000001,0000000068,Construcción
0000000098,2018,DGOP/0074/CONT/2018,DGOP/0074/CONT/2018,2018-06-11 00:00:00,0000000494,0000000737,0000000053,,Obra,0000000003,0000000056,Construcción
0000000100,2018,D/013/2018,D/013/2018,2018-05-14 00:00:00,0000000438,,0000000092,,Obra,0000000003,0000000092,Construcción
0000000102,2018,D/001-I/2018,D/001-I/2018,2018-06-12 00:00:00,0000000015,0000000726,0000000056,,Obra,0000000002,0000000061,Construcción
0000000104,2018,DGOP/0524/PROY/2017,DGOP/0524/PROY/2017,2017-11-05 00:00:00,0000000647,,0000000020,,Obra,0000000001,0000000020,Proyectos
0000000107,2018,D/011/2018,D/011/2018,2018-06-14 00:00:00,0000000457,,0000000077,,Obra,0000000003,0000000077,Construcción
0000000108,2018,DGOP/0076/CONT/2018,DGOP/0076/CONT/2018,2018-04-24 00:00:00,0000000744,0000000653,0000000060,,Obra,0000000001,0000000054,Construcción
0000000109,2018,DGOP/0106/CONT/2018,DGOP/0106/CONT/2018,2018-05-15 00:00:00,0000000015,0000000359,0000000088,,Obra,0000000001,0000000054,Construcción
0000000110,2018,DGOP/0105/CONT/2018,DGOP/0105/CONT/2018,2018-06-14 00:00:00,0000000482,0000000087,0000000056,,Obra,0000000003,0000000054,Construcción
0000000111,2018,DGOP/0104/CONT/20108,DGOP/0104/CONT/20108,2018-05-15 00:00:00,0000000666,0000000097,0000000055,,Obra,0000000003,0000000054,Construcción
0000000112,2018,D/009/2018,D/009/2018,2018-06-14 00:00:00,0000000156,0000000415,0000000055,,Obra,0000000003,0000000055,Construcción
0000000113,2018,DGOP/0111,DGOP/0111,2018-05-24 00:00:00,0000000664,0000000743,0000000060,,Obra,0000000003,0000000061,Construcción
0000000114,2018,DGOP/CONT/0039/2018,DGOP/CONT/0039/2018,2018-06-14 00:00:00,0000000237,0000000743,0000000088,,Obra,0000000001,0000000054,Construcción
0000000115,2018,DGOP/0046/CONT/2018,DGOP/0046/CONT/2018,2018-04-09 00:00:00,0000000669,0000000736,0000000059,,Obra,0000000001,0000000054,Construcción
0000000116,2018,DGOP/0117/CONT/2018,DGOP/0117/CONT/2018,2018-05-24 00:00:00,0000000539,,0000000075,,Obra,0000000001,0000000075,Proyectos
0000000117,2018,DGOP/0100/CONT/2018,DGOP/0100/CONT/2018,2018-05-14 00:00:00,0000000152,0000000461,0000000059,,Obra,0000000002,0000000062,Construcción
0000000118,2018,D/005/2018,D/005/2018,2018-06-04 00:00:00,0000000418,0000000464,0000000055,,Obra,0000000003,0000000055,Construcción
0000000119,2018,DGOP/0099/CONT/2018,DGOP/0099/CONT/2018,2018-05-14 00:00:00,0000000219,0000000151,0000000055,,Obra,0000000003,0000000055,Construcción
0000000120,2018,DGOP/0102/CONT/2018,DGOP/0102/CONT/2018,2018-06-14 00:00:00,0000000366,0000000746,0000000088,,Obra,0000000003,0000000062,Construcción
0000000121,2018,DGOP/0089/CONT/2018,DGOP/0089/CONT/2018,2018-05-09 00:00:00,0000000747,,0000000073,,Obra,0000000001,0000000073,Construcción
0000000122,2018,DGOP/0090/CONT/2018,DGOP/0090/CONT/2018,2018-05-09 00:00:00,0000000166,,0000000073,,Obra,0000000001,0000000073,Construcción
0000000123,2018,DGOP/0091/CONT/2018,DGOP/0091/CONT/2018,2018-05-09 00:00:00,0000000347,,0000000073,,Obra,0000000001,0000000073,Construcción
0000000124,2018,DGOP/0088/CONT/2018,DGOP/0088/CONT/2018,2018-05-09 00:00:00,0000000724,,0000000078,,Obra,0000000001,0000000078,Construcción
0000000125,2018,DGOP/0108/CONT/2018,DGOP/0108/CONT/2018,2018-05-15 00:00:00,0000000120,0000000588,0000000053,,Obra,0000000001,0000000053,Construcción
0000000126,2018,DGOP/0132/CONT/2018,DGOP/0132/CONT/2018,2018-05-28 00:00:00,0000000720,,0000000072,,Obra,0000000001,0000000072,Construcción
0000000127,2018,DGOP/0130/CONT/2018,DGOP/0130/CONT/2018,2018-05-28 00:00:00,0000000207,,0000000082,,Obra,0000000001,0000000082,Construcción
0000000128,2018,DGOP/0133/CONT/2018,DGOP/0133/CONT/2018,2018-06-15 00:00:00,0000000505,,0000000055,,Obra,0000000001,0000000055,Construcción
0000000129,2018,DGOP/0120/PROY/2018,DGOP/0120/PROY/2018,2018-05-28 00:00:00,0000000529,,0000000075,,Obra,0000000001,0000000075,Proyectos
0000000130,2018,DGOP/0119/PROY/2018,DGOP/0119/PROY/2018,2018-05-28 00:00:00,0000000529,,0000000075,,Obra,0000000001,0000000075,Proyectos
0000000131,2018,DGOP/0127/CONT/2018,DGOP/0127/CONT/2018,2018-05-28 00:00:00,0000000604,0000000748,0000000059,,Obra,0000000001,0000000054,Construcción
0000000132,2018,DGOP/0092/CONT/2018,DGOP/0092/CONT/2018,2018-05-09 00:00:00,0000000347,0000000352,0000000080,,Obra,0000000001,0000000080,Construcción
0000000133,2018,DGOP/0095/CONT/2018,DGOP/0095/CONT/2018,2018-05-10 00:00:00,0000000493,0000000749,0000000080,,Obra,0000000001,0000000080,Construcción
0000000134,2018,DGOP/0093/CONT/2018,DGOP/0093/CONT/2018,2018-05-10 00:00:00,0000000505,0000000749,0000000080,,Obra,0000000001,0000000080,Construcción
0000000135,2018,DGOP/0098/CONT/2018,DGOP/0098/CONT/2018,2018-05-10 00:00:00,0000000016,0000000030,0000000080,,Obra,0000000001,0000000080,Construcción
0000000136,2018,DGOP/0097/CONT/2018,DGOP/0097/CONT/2018,2018-06-15 00:00:00,0000000750,0000000352,0000000080,,Obra,0000000001,0000000080,Construcción
0000000137,2018,DGOP/0082/CONT/2018,DGOP/0082/CONT/2018,2018-05-25 00:00:00,0000000661,0000000613,0000000053,,Obra,0000000001,0000000053,Construcción
0000000138,2018,DGOP/0081/CONT/2018,DGOP/0081/CONT/2018,2018-05-25 00:00:00,0000000365,0000000613,0000000053,,Obra,0000000001,0000000053,Construcción
0000000139,2018,DGOP/0110/CONT/2018,DGOP/0110/CONT/2018,2018-06-15 00:00:00,0000000543,0000000751,0000000053,,Obra,0000000001,0000000053,Construcción
0000000140,2018,DGOP/0109/CONT/2018,DGOP/0109/CONT/2018,2018-05-15 00:00:00,0000000460,0000000752,0000000053,,Obra,0000000001,0000000053,Construcción
0000000141,2018,DGOP/0084/CONT/2018,DGOP/0084/CONT/2018,2018-05-08 00:00:00,0000000709,0000000653,0000000053,,Obra,0000000001,0000000053,Construcción
0000000142,2018,DGOP/0123/CONT/2018,DGOP/0123/CONT/2018,2018-05-28 00:00:00,0000000672,0000000753,0000000088,,Obra,0000000001,0000000061,Construcción
0000000143,2018,DGOP/0125/CONT/2018,DGOP/0125/CONT/2018,2018-05-28 00:00:00,0000000365,0000000754,0000000060,,Obra,0000000001,0000000061,Construcción
0000000145,2018,DGOP/0083/CONT/2018,DGOP/0083/CONT/2018,2018-05-08 00:00:00,0000000706,0000000653,0000000053,,Obra,0000000001,0000000053,Construcción
0000000146,2018,DGOP/0121/CONT/2018,DGOP/0121/CONT/2018,2018-05-28 00:00:00,0000000237,0000000756,0000000056,,Obra,0000000001,0000000053,Construcción
0000000147,2018,DGOP/0122/CONT/2018,DGOP/0122/CONT/2018,2018-05-28 00:00:00,0000000013,0000000756,0000000056,,Obra,0000000001,0000000053,Construcción
0000000148,2018,DGOP/0143/CONT/2018,DGOP/0143/CONT/2018,2018-06-06 00:00:00,0000000666,0000000309,0000000055,,Obra,0000000002,0000000055,Construcción
0000000149,2018,DGOP/0113/CONT/2018,DGOP/0113/CONT/2018,2018-03-24 00:00:00,0000000636,0000000742,0000000053,,Obra,0000000002,0000000053,Construcción
0000000150,2018,DGOP/0112/CONT/2018,DGOP/0112/CONT/2018,2018-05-24 00:00:00,0000000505,0000000358,0000000056,,Obra,0000000002,0000000062,Construcción
0000000151,2018,DGOP/0094/CONT/2018,DGOP/0094/CONT/2018,2018-05-10 00:00:00,0000000364,0000000030,0000000055,,Obra,0000000001,0000000055,Construcción
0000000152,2018,DGOP/0145/CONT/2018,DGOP/0145/CONT/2018,2018-06-06 00:00:00,0000000365,,0000000060,,Obra,0000000001,0000000062,Construcción
0000000153,2018,DGOP/0126/CONT/2018,DGOP/0126/CONT/2018,2018-05-28 00:00:00,0000000363,0000000588,0000000060,,Obra,0000000001,0000000061,Construcción
0000000154,2018,DGOP/0129/CONT/2018,DGOP/0129/CONT/2018,2018-05-28 00:00:00,0000000166,,0000000067,,Obra,0000000001,0000000067,Construcción
0000000155,2018,DGOP/CONT/0131/2018,DGOP/CONT/0131/2018,2018-05-28 00:00:00,0000000302,,0000000072,,Obra,0000000001,0000000072,Construcción
0000000156,2018,DGOP/0096/CONT/2018,DGOP/0096/CONT/2018,2018-05-10 00:00:00,0000000294,0000000352,0000000080,,Obra,0000000001,0000000080,Construcción
0000000158,2018,DGOP/0116/CONT/2018,DGOP/0116/CONT/2018,2018-05-25 00:00:00,0000000464,,0000000088,,Obra,0000000001,0000000061,Construcción
0000000159,2018,DGOP/0118/CONT/2018,DGOP/0118/CONT/2018,2018-05-28 00:00:00,0000000251,,0000000075,,Obra,0000000001,0000000075,Proyectos
0000000160,2018,DGOP/0134/CONT/2018,DGOP/0134/CONT/2018,2018-06-06 00:00:00,0000000678,0000000758,0000000056,,Obra,0000000001,0000000054,Construcción
0000000161,2018,DGOP/0135/CONT/2018,DGOP/0135/CONT/2018,2018-07-02 00:00:00,0000000718,,0000000056,,Obra,0000000001,0000000054,Construcción
0000000162,2018,DGOP/0036/CONT/2018,DGOP/0036/CONT/2018,2018-04-05 00:00:00,0000000094,,0000000020,,Obra,0000000001,0000000020,Proyectos
0000000163,2018,DGOP/0151/CONT/2018,DGOP/0151/CONT/2018,2018-05-10 00:00:00,0000000157,,0000000080,,Obra,0000000001,0000000080,Construcción
0000000164,2018,DGOP/0086/CONT/2018,DGOP/0086/CONT/2018,2018-05-08 00:00:00,0000000328,0000000111,0000000058,,Obra,0000000001,0000000053,Construcción
0000000165,2018,DGOP/0078/CONT/2018,DGOP/0078/CONT/2018,2018-04-25 00:00:00,0000000700,0000000759,0000000058,,Obra,0000000001,0000000088,Construcción
0000000166,2018,DGOP/0079/CONT/2018,DGOP/0079/CONT/2018,2018-04-25 00:00:00,0000000738,0000000683,0000000088,,Obra,0000000001,0000000061,Construcción
0000000167,2018,DGOP/0080/CONT/201/,DGOP/0080/CONT/201/,2018-04-25 00:00:00,0000000279,,0000000057,,Obra,0000000001,0000000061,Construcción
0000000168,2018,DGOP/0087/CONT/2018,DGOP/0087/CONT/2018,2018-05-08 00:00:00,0000000042,0000000753,0000000059,,Obra,0000000001,0000000053,Construcción
0000000169,2018,DGOP/0128/CONT/2018,DGOP/0128/CONT/2018,2018-05-28 00:00:00,0000000543,0000000695,0000000056,,Obra,0000000001,0000000054,Construcción
0000000170,2018,DGOP/0138/CONT/2018,DGOP/0138/CONT/2018,2018-06-06 00:00:00,0000000531,0000000089,0000000058,,Obra,0000000001,0000000061,Construcción
0000000171,2018,DGOP/0107/CONT/2018,DGOP/0107/CONT/2018,2018-05-15 00:00:00,0000000364,0000000695,0000000059,,Obra,0000000001,0000000054,Construcción
0000000172,2018,DGOP/0136/CONT/2018,DGOP/0136/CONT/2018,2018-06-06 00:00:00,0000000514,0000000529,0000000053,,Obra,0000000001,0000000053,Construcción
0000000173,2018,DGOP/0137/CONT/2018,DGOP/0137/CONT/2018,2018-06-06 00:00:00,0000000512,0000000729,0000000056,,Obra,0000000001,0000000062,Construcción
0000000174,2018,DGOP/0139/CONT/2018,DGOP/0139/CONT/2018,2018-06-06 00:00:00,0000000604,0000000089,0000000088,,Obra,0000000002,0000000061,Construcción
0000000175,2018,DGOP/0140/CONT/2018,DGOP/0140/CONT/2018,2018-06-06 00:00:00,0000000706,0000000613,0000000053,,Obra,0000000002,0000000053,Construcción
0000000176,2018,DGOP/0141/CONT/2018,DGOP/0141/CONT/2018,2018-06-06 00:00:00,0000000578,0000000739,0000000056,,Obra,0000000002,0000000061,Construcción
0000000177,2018,DGOP/0142/CONT/2018,DGOP/0142/CONT/2018,2018-06-06 00:00:00,0000000622,0000000112,0000000056,,Obra,0000000001,0000000061,Construcción
0000000178,2018,DGOP/0144/CONT/2018,DGOP/0144/CONT/2018,2018-06-06 00:00:00,0000000294,0000000309,0000000055,,Obra,0000000002,0000000055,Construcción
0000000179,2018,DGOP/0146/CONT/2018,DGOP/0146/CONT/2018,2018-06-06 00:00:00,0000000302,0000000729,0000000059,,Obra,0000000002,0000000062,Construcción
0000000180,2018,DGOP/0147/CONT/2018,DGOP/0147/CONT/2018,2018-06-07 00:00:00,0000000365,0000000735,0000000059,,Obra,0000000002,0000000062,Construcción
0000000181,2018,DGOP/0150/CONT/2018,DGOP/0150/CONT/2018,2018-06-07 00:00:00,0000000514,0000000254,0000000088,,Obra,0000000001,0000000062,Construcción
0000000183,2018,DGOP/0153/CONT/2018,DGOP/0153/CONT/2018,2018-06-07 00:00:00,0000000287,,0000000086,,Obra,0000000001,0000000086,Construcción
0000000184,2018,DGOP/0154/CONT/2018,DGOP/0154/CONT/2018,2018-06-20 00:00:00,0000000653,,0000000086,,Obra,0000000001,0000000086,Construcción
0000000185,2018,DGOP/0155/CONT/2018,DGOP/0155/CONT/2018,2018-06-20 00:00:00,0000000653,,0000000086,,Obra,0000000001,0000000086,Construcción
0000000186,2018,DGOP/0156/CONT/2018,DGOP/0156/CONT/2018,2018-07-23 00:00:00,0000000460,,0000000058,,Obra,0000000001,0000000054,Construcción
0000000187,2018,DGOP/0157/CONT/2018,DGOP/0157/CONT/2018,2018-06-20 00:00:00,0000000151,,0000000075,,Obra,0000000001,0000000075,Proyectos
0000000188,2018,DGOP/0158/CONT/2018,DGOP/0158/CONT/2018,2018-06-20 00:00:00,0000000505,,0000000072,,Obra,0000000001,0000000072,Construcción
0000000189,2018,DGOP/0159/CONT/2018,DGOP/0159/CONT/2018,2018-06-20 00:00:00,0000000514,0000000748,0000000053,,Obra,0000000001,0000000053,Construcción
0000000190,2018,DGOP/0160/CONT/2018,DGOP/0160/CONT/2018,2018-06-20 00:00:00,0000000094,,0000000089,,Obra,0000000001,0000000089,Proyectos
0000000191,2018,DGOP/0161/CONT/2018,DGOP/0161/CONT/2018,2018-06-20 00:00:00,0000000289,0000000696,0000000058,,Obra,0000000001,0000000061,Construcción
0000000192,2018,DGOP/0162/CONT/2018,DGOP/0162/CONT/2018,2018-06-20 00:00:00,0000000178,0000000403,0000000055,,Obra,0000000001,0000000061,Construcción
0000000193,2018,DGOP/0163/CONT/2018,DGOP/0163/CONT/2018,2018-06-20 00:00:00,0000000612,,0000000055,,Obra,0000000001,0000000055,Construcción
0000000194,2018,DGOP/0164/CONT/2018,DGOP/0164/CONT/2018,2018-07-24 00:00:00,0000000516,0000000403,0000000088,,Obra,0000000001,0000000061,Construcción
0000000195,2018,DGOP/0165/CONT/2018,DGOP/0165/CONT/2018,2018-06-20 00:00:00,0000000543,0000000760,0000000058,,Obra,0000000001,0000000061,Construcción
0000000196,2018,DGOP/0166/CONT/2018,DGOP/0166/CONT/2018,2018-06-20 00:00:00,0000000661,0000000529,0000000053,,Obra,0000000001,0000000053,Construcción
0000000197,2018,DGOP/0167/CONT/2018,DGOP/0167/CONT/2018,2018-06-20 00:00:00,0000000505,,0000000072,,Obra,0000000001,0000000072,Construcción
0000000198,2018,DGOP/0168/CONT/2018,DGOP/0168/CONT/2018,2018-06-20 00:00:00,0000000073,,0000000080,,Obra,0000000001,0000000080,Construcción
0000000199,2018,DGOP/0169/CONT/2018,DGOP/0169/CONT/2018,2018-06-20 00:00:00,0000000073,,0000000080,,Obra,0000000001,0000000080,Construcción
0000000200,2018,DGOP/0170/CONT/2018,DGOP/0170/CONT/2018,2018-06-20 00:00:00,0000000073,,0000000080,,Obra,0000000001,0000000080,Construcción
0000000201,2018,DGOP/0171/CONT/2018,DGOP/0171/CONT/2018,2018-06-20 00:00:00,0000000073,,0000000080,,Obra,0000000001,0000000080,Construcción
0000000202,2018,DGOP/0172/CONT/2018,DGOP/0172/CONT/2018,2018-06-20 00:00:00,0000000073,,0000000080,,Obra,0000000001,0000000080,Construcción
0000000203,2018,DGOP/0173/CONT/2018,DGOP/0173/CONT/2018,2018-06-20 00:00:00,0000000516,,0000000057,,Obra,0000000001,0000000057,Construcción
0000000204,2018,DGOP/0174/CONT/2018,DGOP/0174/CONT/2018,2018-06-20 00:00:00,0000000761,,0000000055,,Obra,0000000001,0000000055,Construcción
0000000205,2018,DGOP/0175/CONT/2018,DGOP/0175/CONT/2018,2018-06-20 00:00:00,0000000761,,0000000055,,Obra,0000000001,0000000055,Construcción
0000000206,2018,DGOP/0176/CONT/2018,DGOP/0176/CONT/2018,2018-06-20 00:00:00,0000000543,,0000000055,,Obra,0000000001,0000000055,Construcción
0000000207,2018,DGOP/0177/CONT/2018,DGOP/0177/CONT/2018,2018-06-20 00:00:00,0000000543,,0000000059,,Obra,0000000001,0000000054,Construcción
0000000208,2018,DGOP/0178/CONT/2018,DGOP/0178/CONT/2018,2018-07-24 00:00:00,0000000074,,0000000069,,Obra,0000000001,0000000069,Construcción
0000000209,2018,DGOP/0179/CONT/2018,DGOP/0179/CONT/2018,2018-06-20 00:00:00,0000000619,,0000000083,,Obra,0000000001,0000000083,Proyectos
0000000210,2018,DGOP/0180/CONT/2018,DGOP/0180/CONT/2018,2018-06-20 00:00:00,0000000578,0000000682,0000000059,,Obra,0000000001,0000000061,Construcción
0000000211,2018,DGOP/0181/CONT/2018,DGOP/0181/CONT/2018,2018-06-20 00:00:00,0000000365,,0000000088,,Obra,0000000001,0000000061,Construcción
0000000212,2018,DGOP/0182/CONT/2018,DGOP/0182/CONT/2018,2018-07-24 00:00:00,0000000310,,0000000088,,Obra,0000000001,0000000062,Construcción
0000000213,2018,DGOP/0183/CONT/2018,DGOP/0183/CONT/2018,2018-07-03 00:00:00,0000000607,0000000762,0000000055,,Obra,0000000001,0000000055,Construcción
0000000214,2018,DGOP/0184/CONT/2018,DGOP/0184/CONT/2018,2018-07-03 00:00:00,0000000456,0000000693,0000000059,,Obra,0000000001,0000000054,Construcción
0000000215,2018,DGOP/0185/CONT/2018,DGOP/0185/CONT/2018,2018-07-03 00:00:00,0000000656,0000000753,0000000056,,Obra,0000000001,0000000061,Construcción
0000000216,2018,DGOP/0186/CONT/2018,DGOP/0186/CONT/2018,2018-07-03 00:00:00,0000000623,0000000676,0000000059,,Obra,0000000001,0000000054,Construcción
0000000217,2018,DGOP/0187/CONT/2018,DGOP/0187/CONT/2018,2018-07-03 00:00:00,0000000234,0000000753,0000000056,,Obra,0000000001,0000000061,Construcción
0000000218,2018,DGOP/0188/CONT/2018,DGOP/0188/CONT/2018,2018-07-04 00:00:00,0000000763,,0000000084,,Obra,0000000001,0000000084,Proyectos
0000000220,2018,DGOP/0190/CONT/2018,DGOP/0190/CONT/2018,2018-07-04 00:00:00,0000000364,,0000000068,,Obra,0000000001,0000000068,Construcción
0000000221,2018,DGOP/0191/CONT/20108,DGOP/0191/CONT/20108,2018-07-24 00:00:00,0000000724,,0000000068,,Obra,0000000001,0000000068,Construcción
0000000222,2018,DGOP/0192/CONT/2018,DGOP/0192/CONT/2018,2018-07-03 00:00:00,0000000423,0000000087,0000000053,,Obra,0000000001,0000000053,Construcción
0000000223,2018,DGOP/0193/CONT/2018,DGOP/0193/CONT/2018,2018-07-20 00:00:00,0000000186,,0000000018,,Obra,0000000001,0000000018,Proyectos
0000000224,2018,DGOP/0152/CONT/2018,DGOP/0152/CONT/2018,2018-06-07 00:00:00,0000000271,,0000000087,,Obra,0000000001,0000000087,Proyectos
0000000225,2018,DGOP/0189/CONT/2018,DGOP/0189/CONT/2018,2018-07-04 00:00:00,0000000648,0000000753,0000000056,,Obra,0000000001,0000000061,Construcción
0000000226,2018,DGOP/0148/CONT/2018,DGOP/0148/CONT/2018,2018-06-07 00:00:00,0000000219,0000000764,0000000056,,Obra,0000000002,0000000053,Construcción
0000000227,2018,DGOP/0124/CONT/2018,DGOP/0124/CONT/2018,2018-05-28 00:00:00,0000000614,0000000755,0000000060,,Obra,0000000001,0000000061,Construcción
0000000228,2018,DGOP/0194/CONT/2018,DGOP/0194/CONT/2018,2018-07-20 00:00:00,0000000493,0000000352,0000000088,,Obra,0000000002,0000000062,Construcción
0000000229,2018,DGOP/0195/CONT/2018,DGOP/0195/CONT/2018,2018-07-20 00:00:00,0000000623,0000000743,0000000056,,Obra,0000000002,0000000061,Construcción
0000000230,2018,DGOP/0196/CONT/2018,DGOP/0196/CONT/2018,2018-07-20 00:00:00,0000000016,0000000271,0000000056,,Obra,0000000002,0000000061,Construcción
0000000231,2018,DGOP/0197/CONT/2018,DGOP/0197/CONT/2018,2018-07-20 00:00:00,0000000543,0000000229,0000000058,,Obra,0000000002,0000000058,Construcción
0000000232,2018,DGOP/0198/CONT/2018,DGOP/0198/CONT/2018,2018-07-20 00:00:00,0000000505,0000000089,0000000057,,Obra,0000000002,0000000057,Construcción
0000000233,2018,DGOP/0201/CONT/2018,DGOP/0201/CONT/2018,2018-07-20 00:00:00,0000000391,0000000735,0000000059,,Obra,0000000002,0000000054,Construcción
0000000234,2018,DGOP/0202/CONT/2018,DGOP/0202/CONT/2018,2018-07-20 00:00:00,0000000326,0000000087,0000000055,,Obra,0000000002,0000000055,Construcción
0000000235,2018,DGOP/0203/CONT/2018,DGOP/0203/CONT/2018,2018-07-20 00:00:00,0000000512,0000000729,0000000056,,Obra,0000000001,0000000062,Construcción
0000000236,2018,DGOP/0204/CONT/2018,DGOP/0204/CONT/2018,2018-07-27 00:00:00,0000000482,0000000696,0000000057,,Obra,0000000001,0000000057,Construcción
0000000237,2018,DGOP/0205/CONT/2018,DGOP/0205/CONT/2018,2018-08-14 00:00:00,0000000347,0000000765,0000000057,,Obra,0000000001,0000000057,Construcción
0000000238,2018,DGOP/0206/CONT/2018,DGOP/0206/CONT/2018,2018-07-27 00:00:00,0000000636,0000000765,0000000059,,Obra,0000000001,0000000054,Construcción
0000000239,2018,DGOP/0207/CONT/2018,DGOP/0207/CONT/2018,2018-07-27 00:00:00,0000000055,0000000765,0000000088,,Obra,0000000001,0000000062,Construcción
0000000240,2018,DGOP/0208/CONT/2018,DGOP/0208/CONT/2018,2018-07-27 00:00:00,0000000447,0000000694,0000000088,,Obra,0000000001,0000000062,Construcción
0000000241,2018,DGOP/0209/CONT/2018,DGOP/0209/CONT/2018,2018-07-27 00:00:00,0000000522,0000000694,0000000059,,Obra,0000000001,0000000054,Construcción
0000000242,2018,DGOP/0210/CONT/2018,DGOP/0210/CONT/2018,2018-07-27 00:00:00,0000000364,0000000694,0000000056,,Obra,0000000001,0000000061,Construcción
0000000243,2018,DGOP/0211/CONT/2018,DGOP/0211/CONT/2018,2018-07-27 00:00:00,0000000294,0000000766,0000000056,,Obra,0000000001,0000000061,Construcción
0000000244,2018,DGOP/0212/CONT/2018,DGOP/0212/CONT/2018,2018-07-27 00:00:00,0000000310,0000000766,0000000059,,Obra,0000000001,0000000054,Construcción
0000000245,2018,DGOP/0214/CONT/2018,DGOP/0214/CONT/2018,2018-07-27 00:00:00,0000000539,,0000000075,,Obra,0000000001,0000000075,Proyectos
0000000246,2018,DGOP/0217/CONT/2018,DGOP/0217/CONT/2018,2018-08-07 00:00:00,0000000689,,0000000023,,Proyecto,0000000001,0000000023,Construcción
0000000247,2018,DGOP/0218/PROY/2018,DGOP/0218/PROY/2018,2018-08-07 00:00:00,0000000094,,0000000089,,Obra,0000000001,0000000089,Proyectos
0000000248,2018,DGOP/0219/PROY/2018,DGOP/0219/PROY/2018,2018-08-07 00:00:00,0000000086,,0000000055,,Proyecto,0000000001,0000000054,Proyectos
0000000249,2018,DGOP/0220/PROY/2018,DGOP/0220/PROY/2018,2018-08-07 00:00:00,0000000103,,0000000055,,Proyecto,0000000001,0000000055,Proyectos
0000000250,2018,DGOP/0228/CONT/2018,DGOP/0228/CONT/2018,2018-08-07 00:00:00,0000000543,0000000754,0000000056,,Obra,0000000004,0000000061,Construcción
0000000251,2018,DGOP/0085/CONT/2018,DGOP/0085/CONT/2018,2018-05-08 00:00:00,0000000302,0000000751,0000000095,,Obra,0000000001,0000000056,Construcción
0000000252,2018,DGOP/0215/CONT/2018,DGOP/0215/CONT/2018,2018-07-27 00:00:00,0000000515,0000000229,0000000095,,Obra,0000000001,0000000095,Construcción
0000000253,2018,F/014-I/2018,F/014-I/2018,2018-09-12 00:00:00,0000000770,,0000000057,,Obra,0000000002,0000000057,Construcción
0000000255,2018,DGOP/0240/CONT/2018,DGOP/0240/CONT/2018,2018-09-17 00:00:00,0000000514,,0000000095,,Obra,0000000002,0000000095,Construcción
0000000256,2018,DGOP/0241/CONT/2018,DGOP/0241/CONT/2018,2018-09-17 00:00:00,0000000514,,0000000095,,Obra,0000000002,0000000095,Construcción
0000000257,2018,DGOP/0242/CONT/2018,DGOP/0242/CONT/2018,2018-09-17 00:00:00,0000000706,0000000748,0000000095,,Obra,0000000002,0000000095,Construcción
0000000258,2018,DGOP/0243/CONT/2018,DGOP/0243/CONT/2018,2018-09-17 00:00:00,0000000365,0000000748,0000000095,,Obra,0000000002,0000000095,Construcción
0000000259,2018,DGOP/0244/CONT/2018,DGOP/0244/CONT/2018,2018-09-17 00:00:00,0000000661,0000000748,0000000095,,Obra,0000000002,0000000095,Construcción
0000000260,2018,DGOP/0245/CONT/2018,DGOP/0245/CONT/2018,2018-09-17 00:00:00,0000000514,0000000759,0000000095,,Obra,0000000002,0000000095,Construcción
0000000261,2018,DGOP/0254/CONT/2018,DGOP/0254/CONT/2018,2018-09-17 00:00:00,0000000365,,0000000095,,Obra,0000000001,0000000095,Construcción
0000000262,2018,DGOP/0268/CONT/2018,DGOP/0268/CONT/2018,2018-09-17 00:00:00,0000000365,0000000613,0000000095,,Obra,0000000002,0000000078,Construcción
0000000263,2018,DGOP/0269/CONT/2018,DGOP/0269/CONT/2018,2018-09-17 00:00:00,0000000709,0000000759,0000000095,,Obra,0000000002,0000000095,Construcción
0000000264,2018,DGOP/0270/CONT/2018,DGOP/0270/CONT/2018,2018-09-17 00:00:00,0000000661,0000000588,0000000095,,Obra,0000000002,0000000095,Construcción
0000000265,2018,DGOP/0271/CONT/2018,DGOP/0271/CONT/2018,2018-09-17 00:00:00,0000000709,0000000588,0000000095,,Obra,0000000002,0000000095,Construcción
0000000266,2018,DGOP/0272/CONT/2018,DGOP/0272/CONT/2018,2018-09-17 00:00:00,0000000698,0000000529,0000000095,,Obra,0000000002,0000000095,Construcción
0000000267,2018,DGOP/0273/CONT/2018,DGOP/0273/CONT/2018,2018-09-17 00:00:00,0000000698,0000000653,0000000095,,Obra,0000000002,0000000095,Construcción
0000000268,2018,DGOP/0216/CONT/2018,DGOP/0216/CONT/2018,2018-09-17 00:00:00,0000000515,0000000229,0000000058,,Obra,0000000001,0000000095,Construcción
0000000269,2018,DGOP/0199/CONT/2018,DGOP/0199/CONT/2018,2018-09-17 00:00:00,0000000566,0000000774,0000000056,,Obra,0000000002,0000000061,Construcción
0000000270,2018,DGOP/0213/CONT/2018,DGOP/0213/CONT/2018,2018-09-17 00:00:00,0000000415,,0000000055,,Obra,0000000001,0000000055,Construcción
0000000271,2018,DGOP/0221/CONT/2018,DGOP/0221/CONT/2018,2018-09-17 00:00:00,0000000613,,0000000020,,Obra,0000000001,0000000020,Proyectos
0000000272,2018,DGOP/0223/CONT/2018,DGOP/0223/CONT/2018,2018-09-17 00:00:00,0000000665,,0000000087,,Obra,0000000001,0000000087,Proyectos
0000000273,2018,DGOP/0225/PROY/2018,DGOP/0225/PROY/2018,2018-09-20 00:00:00,0000000767,,0000000087,,Obra,0000000001,0000000087,Proyectos
0000000274,2018,DGOP/0235/CONT/2018,DGOP/0235/CONT/2018,2018-08-15 00:00:00,0000000364,0000000588,0000000060,,Obra,0000000001,0000000054,Construcción
0000000275,2018,DGOP/OBRA/0278/2018,DGOP/OBRA/0278/2018,2018-09-26 00:00:00,0000000579,0000000743,0000000060,,Obra,0000000001,0000000054,Construcción
0000000276,2018,DGOP/0256/CONT/2018,DGOP/0256/CONT/2018,2018-09-27 00:00:00,0000000768,0000000727,0000000056,,Obra,0000000001,0000000061,Construcción
0000000277,2018,DGOP/0286/CONT/2018,DGOP/0286/CONT/2018,2018-09-28 00:00:00,0000000531,0000000769,0000000059,,Obra,0000000004,0000000061,Construcción
0000000278,2018,DGOP/0115/CONT/2018,DGOP/0115/CONT/2018,2018-09-28 00:00:00,0000000365,0000000529,0000000095,,Obra,0000000001,0000000095,Construcción
0000000279,2018,DGOP/0255/CONT/2018,DGOP/0255/CONT/2018,2018-09-17 00:00:00,0000000008,0000000727,0000000059,,Obra,0000000001,0000000061,Construcción
0000000280,2018,DGOP/0229/CONT/2018,DGOP/0229/CONT/2018,2018-08-29 00:00:00,0000000604,0000000754,0000000056,,Obra,0000000003,0000000061,Construcción
0000000281,2018,DGOP/0285/OBRA/2018,DGOP/0285/OBRA/2018,2018-09-18 00:00:00,0000000514,0000000746,0000000056,,Obra,0000000001,0000000061,Construcción
0000000282,2018,DGOP/0283/CONT/2018,DGOP/0283/CONT/2018,2018-09-17 00:00:00,0000000505,0000000740,0000000059,,Obra,0000000001,0000000054,Construcción
0000000283,2018,DGOP/0280/CONT/2018,DGOP/0280/CONT/2018,2018-10-02 00:00:00,0000000777,,0000000062,,Obra,0000000001,0000000057,Construcción
0000000285,2018,DGOP/0290/CONT/2018,DGOP/0290/CONT/2018,2018-10-02 00:00:00,0000000698,,0000000095,,Obra,0000000002,0000000095,Construcción
0000000286,2018,DGOP/0290/CONT/2018,DGOP/0290/CONT/2018,2018-10-02 00:00:00,0000000698,,0000000095,,Obra,0000000002,0000000095,Construcción
0000000287,2018,DGOP/0291/CONT/2018,DGOP/0291/CONT/2018,2018-10-02 00:00:00,0000000709,,0000000095,,Obra,0000000002,0000000095,Construcción
0000000288,2018,DGOP/0292/CONT/2018,DGOP/0292/CONT/2018,2018-10-02 00:00:00,0000000709,,0000000095,,Obra,0000000002,0000000095,Construcción
0000000289,2018,DGOP/0295/CONT/2018,DGOP/0295/CONT/2018,2018-10-02 00:00:00,0000000697,,0000000056,,Obra,0000000003,0000000061,Construcción
0000000290,2018,DGOP/0239/CONT/2018,DGOP/0239/CONT/2018,2018-08-24 00:00:00,0000000482,,0000000072,,Obra,0000000001,0000000072,Construcción
0000000291,2018,DGOP/0077/CONT/2018,DGOP/0077/CONT/2018,2018-04-25 00:00:00,0000000661,0000000613,0000000095,,Obra,0000000001,0000000095,Construcción
0000000292,2018,DGOP/0101/CONT/2018,DGOP/0101/CONT/2018,2018-05-14 00:00:00,0000000578,0000000613,0000000095,,Obra,0000000001,0000000095,Construcción
0000000293,2018,DGOP/0236/PROY/2018,DGOP/0236/PROY/2018,2018-08-22 00:00:00,0000000420,,0000000020,,Proyecto,0000000001,0000000020,Proyectos
0000000294,2018,DGOP/0298/PROY/2018,DGOP/0298/PROY/2018,2018-10-09 00:00:00,0000000648,,0000000023,,Proyecto,0000000001,0000000023,Proyectos
0000000295,2018,DGOP/0299/PROY/2018,DGOP/0299/PROY/2018,2018-10-09 00:00:00,0000000261,,0000000055,,Proyecto,0000000001,0000000055,Proyectos
0000000296,2018,DGOP/0300/PROY/2018,DGOP/0300/PROY/2018,2018-10-09 00:00:00,0000000639,,0000000062,,Proyecto,0000000001,0000000081,Proyectos
0000000297,2018,DGOP/0103/CONT/2018,DGOP/0103/CONT/2018,2018-10-09 00:00:00,0000000709,0000000613,0000000095,,Obra,0000000001,0000000095,Construcción
0000000298,2018,DGOP/0237/CONT/2018,DGOP/0237/CONT/2018,2018-08-23 00:00:00,0000000505,,0000000055,,Obra,0000000001,0000000055,Construcción
0000000299,2018,DGOP/0264/OBRA/2018,DGOP/0264/OBRA/2018,2018-09-07 00:00:00,0000000294,0000000726,0000000055,,Obra,0000000002,0000000055,Construcción
0000000300,2018,DGOP/0251/CONT/2018,DGOP/0251/CONT/2018,2018-08-24 00:00:00,0000000612,0000000742,0000000059,,Obra,0000000001,0000000054,Construcción
0000000301,2018,DGOP/0248/CONT/2018,DGOP/0248/CONT/2018,2018-10-09 00:00:00,0000000578,0000000751,0000000059,,Obra,0000000001,0000000054,Construcción
0000000302,2018,DGOP/0250/CONT/2018,DGOP/0250/CONT/2018,2018-08-25 00:00:00,0000000578,0000000764,0000000088,,Obra,0000000001,0000000054,Construcción
0000000303,2018,DGOP/0222/CONT/2018,DGOP/0222/CONT/2018,2018-10-09 00:00:00,0000000774,,0000000089,,Obra,0000000001,0000000089,Construcción
0000000304,2018,DGOP/0246/CONT/2018,DGOP/0246/CONT/2018,2018-08-24 00:00:00,0000000669,0000000764,0000000059,,Obra,0000000001,0000000054,Construcción
0000000305,2018,DGOP/0226/PROY/2018,DGOP/0226/PROY/2018,2018-08-10 00:00:00,0000000588,,0000000020,,Proyecto,0000000001,0000000020,Proyectos
0000000306,2018,DGOP/0281/OBRA/2018,DGOP/0281/OBRA/2018,2018-09-17 00:00:00,0000000473,0000000693,0000000096,,Obra,0000000002,0000000057,Construcción
0000000307,2018,DGOP/0247/CONT/2018,DGOP/0247/CONT/2018,2018-08-24 00:00:00,0000000604,0000000751,0000000056,,Obra,0000000001,0000000054,Construcción
0000000308,2018,DGOP/0253/CONT/2018,DGOP/0253/CONT/2018,2018-08-24 00:00:00,0000000604,0000000751,0000000056,,Obra,0000000001,0000000054,Construcción
0000000309,2018,DGOP/0232/PROY/2018,DGOP/0232/PROY/2018,2018-08-24 00:00:00,0000000588,,0000000020,,Obra,0000000001,0000000020,Construcción
0000000310,2018,DGOP/0301/CONT/2018,DGOP/0301/CONT/2018,2018-10-10 00:00:00,0000000515,0000000762,0000000088,,Obra,0000000001,0000000095,Construcción
0000000311,2018,DGOP/0302/CONT/2018,DGOP/0302/CONT/2018,2018-10-10 00:00:00,0000000612,0000000756,0000000058,,Obra,0000000001,0000000095,Construcción
0000000312,2018,DGOP/0303/CONT/2018,DGOP/0303/CONT/2018,2018-10-10 00:00:00,0000000777,0000000754,0000000059,,Obra,0000000001,0000000095,Construcción
0000000313,2018,DGOP/0304/CONT/2018,DGOP/0304/CONT/2018,2018-10-10 00:00:00,0000000008,0000000769,0000000060,,Obra,0000000001,0000000095,Construcción
0000000314,2018,DGOP/0305/CONT/2018,DGOP/0305/CONT/2018,2018-10-10 00:00:00,0000000460,0000000461,0000000088,,Obra,0000000001,0000000095,Construcción
0000000315,2018,DGOP/0306/CONT/2018,DGOP/0306/CONT/2018,2018-10-10 00:00:00,0000000042,0000000731,0000000058,,Obra,0000000001,0000000095,Construcción
0000000316,2018,DGOP/0308/CONT/2018,DGOP/0308/CONT/2018,2018-10-10 00:00:00,0000000669,0000000762,0000000059,,Obra,0000000001,0000000095,Construcción
0000000317,2018,DGOP/0309/CONT/2018,DGOP/0309/CONT/2018,2018-10-10 00:00:00,0000000777,0000000754,0000000060,,Obra,0000000001,0000000095,Construcción
0000000318,2018,DGOP/0310/CONT/2018,DGOP/0310/CONT/2018,2018-10-10 00:00:00,0000000547,0000000771,0000000060,,Obra,0000000001,0000000095,Construcción
0000000319,2018,DGOP/0311/CONT/2018,DGOP/0311/CONT/2018,2018-10-10 00:00:00,0000000633,0000000762,0000000056,,Obra,0000000001,0000000095,Construcción
0000000320,2018,DGOP/0313/CONT/2018,DGOP/0313/CONT/2018,2018-10-10 00:00:00,0000000649,0000000769,0000000056,,Obra,0000000001,0000000095,Construcción
0000000321,2018,DGOP/0314/CONT/2018,DGOP/0314/CONT/2018,2018-10-10 00:00:00,0000000120,0000000731,0000000088,,Obra,0000000001,0000000095,Construcción
0000000322,2018,DGOP/0315/CONT/2018,DGOP/0315/CONT/2018,2018-10-10 00:00:00,0000000629,0000000756,0000000059,,Obra,0000000001,0000000095,Construcción
0000000323,2018,DGOP/0316/CONT/2018,DGOP/0316/CONT/2018,2018-10-10 00:00:00,0000000019,0000000742,0000000058,,Obra,0000000001,0000000095,Construcción
0000000324,2018,DGOP/307/CONT/2018,DGOP/307/CONT/2018,2018-10-10 00:00:00,0000000543,0000000771,0000000059,,Obra,0000000001,0000000095,Construcción
0000000325,2018,DGOP/0312/CONT/2018,DGOP/0312/CONT/2018,2018-10-10 00:00:00,0000000465,0000000772,0000000058,,Obra,0000000001,0000000095,Construcción
0000000326,2018,DGOP/0224/PROY/2018,DGOP/0224/PROY/2018,2018-08-10 00:00:00,0000000642,,0000000087,,Proyecto,0000000001,0000000087,Proyectos
0000000327,2018,DGOP/0227/PROY/2018,DGOP/0227/PROY/2018,2018-08-10 00:00:00,0000000680,,0000000020,,Proyecto,0000000001,0000000020,Proyectos
0000000328,2018,DGOP/0252/CONT/2018,DGOP/0252/CONT/2018,2018-09-10 00:00:00,0000000055,0000000696,0000000055,,Obra,0000000001,0000000055,Construcción
0000000329,2018,DGOP/0263/CONT/2018,DGOP/0263/CONT/2018,2018-09-07 00:00:00,0000000659,0000000030,0000000056,,Obra,0000000001,0000000061,Construcción
0000000330,2018,DGOP/0238/CONT/2018,DGOP/0238/CONT/2018,2018-08-24 00:00:00,0000000234,,0000000056,,Obra,0000000001,0000000061,Mantenimiento
0000000331,2018,DGOP/0266/CONT/2018,DGOP/0266/CONT/2018,2018-09-07 00:00:00,0000000720,0000000775,0000000060,,Obra,0000000001,0000000057,Construcción
0000000332,2018,DGOP/0230/CONT/2018,DGOP/0230/CONT/2018,2018-08-15 00:00:00,0000000261,,0000000083,,Obra,0000000001,0000000083,Construcción
0000000333,2018,DGOP/0297/CONT/2018,DGOP/0297/CONT/2018,2018-09-17 00:00:00,0000000636,0000000589,0000000088,,Obra,0000000002,0000000081,Construcción
0000000334,2018,DGOP/0293/CONT/2018,DGOP/0293/CONT/2018,2018-09-17 00:00:00,0000000698,0000000653,0000000095,,Obra,0000000002,0000000095,Construcción
0000000335,2018,DGOP/0261/CONT/2018,DGOP/0261/CONT/2018,2018-09-07 00:00:00,0000000700,0000000676,0000000083,,Obra,0000000002,0000000054,Construcción
0000000336,2018,DGOP/0249/CONT/2018,DGOP/0249/CONT/2018,2018-08-24 00:00:00,0000000645,0000000725,0000000058,,Obra,0000000001,0000000054,Construcción
0000000338,2018,DGOP/0296/CONT/2018,DGOP/0296/CONT/2018,2018-09-17 00:00:00,0000000482,0000000271,0000000059,,Obra,0000000002,0000000054,Construcción
0000000339,2018,DGOP/0277/CONT/2018,DGOP/0277/CONT/2018,2018-09-07 00:00:00,0000000303,0000000728,0000000056,,Obra,0000000002,0000000061,Construcción
0000000340,2018,DGOP/0276/CONT/2018,DGOP/0276/CONT/2018,2018-09-17 00:00:00,0000000016,0000000728,0000000056,,Obra,0000000002,0000000061,Construcción
0000000341,2018,DGOP/0257/CONT/2018,DGOP/0257/CONT/2018,2018-08-31 00:00:00,0000000234,,0000000086,,Proyecto,0000000001,0000000086,Proyectos
0000000342,2018,DGOP/0294/CONT/2018,DGOP/0294/CONT/2018,2018-10-24 00:00:00,0000000669,0000000776,0000000059,,Obra,0000000002,0000000061,Construcción
0000000343,2018,DGOP/0233/CONT/2018,DGOP/0233/CONT/2018,2018-08-15 00:00:00,0000000639,,0000000075,,Proyecto,0000000001,0000000075,Proyectos
0000000344,2018,DGOP/0317/CONT/2018,DGOP/0317/CONT/2018,2018-10-15 00:00:00,0000000768,0000000727,0000000056,,Obra,0000000001,0000000061,Construcción
0000000345,2018,DGOP/0231/PROY/2018,DGOP/0231/PROY/2018,2018-08-15 00:00:00,0000000343,,0000000083,,Proyecto,0000000001,0000000083,Proyectos
0000000346,2018,DGOP/0234/OBRA/2018,DGOP/0234/OBRA/2018,2018-08-15 00:00:00,0000000391,0000000087,0000000059,,Obra,0000000001,0000000054,Construcción
0000000347,2018,DGOP/0260/PROY/2018,DGOP/0260/PROY/2018,2018-10-30 00:00:00,0000000545,,0000000084,,Proyecto,0000000001,0000000084,Proyectos
0000000348,2018,DGOP/0274/OBRA/2018,DGOP/0274/OBRA/2018,2018-10-31 00:00:00,0000000326,0000000778,0000000088,,Obra,0000000003,0000000061,Construcción
0000000349,2018,DGOP/0275/OBRA/2018,DGOP/0275/OBRA/2018,2018-10-31 00:00:00,0000000622,0000000730,0000000056,,Obra,0000000002,0000000061,Construcción
0000000350,2018,DGOP/0346/OBRA/2018,DGOP/0346/OBRA/2018,2018-10-31 00:00:00,0000000016,0000000613,0000000060,,Obra,0000000003,0000000054,Construcción
0000000352,2018,DGOP/0288/PROY/2018,DGOP/0288/PROY/2018,2018-11-01 00:00:00,0000000779,,0000000018,,Proyecto,0000000001,0000000018,Proyectos
0000000353,2018,DGOP/0280/CONT/2018,DGOP/0280/CONT/2018,2018-09-10 00:00:00,0000000777,,0000000062,,Obra,0000000001,0000000057,Construcción
0000000354,2018,DGOP/0287/CONT/2018,DGOP/0287/CONT/2018,2018-09-17 00:00:00,0000000294,,0000000082,,Obra,0000000001,0000000082,Construcción
0000000355,2018,DGOP/0358/CONT/2018,DGOP/0358/CONT/2018,2018-11-07 00:00:00,0000000365,,0000000062,,Obra,0000000001,0000000062,Construcción
0000000356,2018,DGOP/0358/CONT/2018,DGOP/0358/CONT/2018,2018-11-09 00:00:00,0000000364,,0000000055,,Obra,0000000001,0000000055,Construcción
0000000357,2018,DGOP/0282/CONT/2018,DGOP/0282/CONT/2018,2018-09-17 00:00:00,0000000512,0000000746,0000000056,,Obra,0000000001,0000000061,Construcción
0000000358,2018,DGOP/0284/CONT/2018,DGOP/0284/CONT/2018,2018-09-17 00:00:00,0000000008,0000000112,0000000096,,Obra,0000000004,0000000061,Construcción
0000000359,2018,DGOP/0318/CONT/2018,DGOP/0318/CONT/2018,2018-10-16 00:00:00,0000000750,,0000000080,,Obra,0000000001,0000000080,Construcción
0000000360,2018,DGOP/0319/PROY/2018,DGOP/0319/PROY/2018,2018-10-16 00:00:00,0000000773,,0000000081,,Obra,0000000001,0000000081,Proyectos
0000000361,2018,DGOP/0320/PROY/2018,DGOP/0320/PROY/2018,2018-10-16 00:00:00,0000000773,,0000000075,,Proyecto,0000000001,0000000075,Proyectos
0000000362,2018,DGOP/0321/CONT/2018,DGOP/0321/CONT/2018,2018-10-16 00:00:00,0000000724,,0000000055,,Obra,0000000001,0000000055,Construcción
0000000363,2018,DGOP/0322/OBRA/2018,DGOP/0322/OBRA/2018,2018-10-16 00:00:00,0000000724,,0000000092,,Obra,0000000001,0000000092,Construcción
0000000364,2018,DGOP/0323/OBRA/2018 ,DGOP/0323/OBRA/2018 ,2018-10-16 00:00:00,0000000457,,0000000055,,Obra,0000000001,0000000055,Construcción
0000000365,2018,DGOP/0324/OBRA/2018 ,DGOP/0324/OBRA/2018 ,2018-10-17 00:00:00,0000000686,,0000000055,,Obra,0000000001,0000000055,Construcción
0000000366,2018,DGOP/0325/OBRA/2018 ,DGOP/0325/OBRA/2018 ,2018-10-17 00:00:00,0000000780,,0000000055,,Obra,0000000001,0000000055,Construcción
0000000367,2018,DGOP/0326/OBRA/2018,DGOP/0326/OBRA/2018,2018-10-17 00:00:00,0000000781,,0000000055,,Obra,0000000001,0000000055,Construcción
0000000368,2018,DGOP/0327/OBRA/2018,DGOP/0327/OBRA/2018,2018-11-09 00:00:00,0000000347,,0000000073,,Obra,0000000001,0000000073,Construcción
0000000369,2018,DGOP/0328/PROY/2018,DGOP/0328/PROY/2018,2018-10-18 00:00:00,0000000790,,0000000081,,Proyecto,0000000001,0000000081,Proyectos
0000000370,2018,DGOP/0329/CONT/2019,DGOP/0329/CONT/2019,2018-10-18 00:00:00,0000000593,0000000403,0000000056,,Obra,0000000001,0000000061,Construcción
0000000371,2018,DGOP/0330/CONT/2018,DGOP/0330/CONT/2018,2018-10-19 00:00:00,0000000276,0000000683,0000000056,,Obra,0000000001,0000000061,Construcción
0000000372,2018,DGOP/0331/CONT/2018,DGOP/0331/CONT/2018,2018-10-18 00:00:00,0000000636,,0000000080,,Obra,0000000001,0000000080,Construcción
0000000373,2018,DGOP/0332/CONT/2018,DGOP/0332/CONT/2018,2018-10-19 00:00:00,0000000747,,0000000073,,Obra,0000000001,0000000073,Construcción
0000000374,2018,GDOP/0334/CONT/2018,GDOP/0334/CONT/2018,2018-10-18 00:00:00,0000000456,,0000000073,,Obra,0000000001,0000000073,Construcción
0000000375,2018,DGOP/0335/CONT/2018,DGOP/0335/CONT/2018,2018-10-25 00:00:00,0000000363,0000000759,0000000056,,Obra,0000000001,0000000095,Construcción
0000000376,2018,DGOP/0336/PROY/2018,DGOP/0336/PROY/2018,2018-10-25 00:00:00,0000000261,,0000000083,,Proyecto,0000000001,0000000083,Proyectos
0000000377,2018,DGOP/0337/CONT/2018,DGOP/0337/CONT/2018,2018-10-25 00:00:00,0000000343,,0000000083,,Obra,0000000001,0000000083,Construcción
0000000378,2018,DGOP/0338/PROY/2018,DGOP/0338/PROY/2018,2018-10-25 00:00:00,0000000639,,0000000075,,Proyecto,0000000001,0000000075,Proyectos
0000000379,2018,DGOP/0339/CONT/2018,DGOP/0339/CONT/2018,2018-10-25 00:00:00,0000000505,,0000000080,,Obra,0000000001,0000000080,Construcción
0000000380,2018,DGOP/0340/CONT/2018,DGOP/0340/CONT/2018,2018-10-25 00:00:00,0000000026,,0000000055,,Obra,0000000001,0000000055,Construcción
0000000381,2018,DGOP/0341/CONT/2018,DGOP/0341/CONT/2018,2018-10-25 00:00:00,0000000612,0000000755,0000000060,,Obra,0000000001,0000000054,Construcción
0000000382,2018,DGOP/0343/CONT/2018,DGOP/0343/CONT/2018,2018-10-25 00:00:00,0000000669,,0000000055,,Obra,0000000001,0000000055,Construcción
0000000383,2018,DGOP/0344/CONT/2018,DGOP/0344/CONT/2018,2018-10-25 00:00:00,0000000371,,0000000084,,Obra,0000000001,0000000084,Construcción
0000000384,2018,DGOP/0345/OBRA/2018,DGOP/0345/OBRA/2018,2018-10-25 00:00:00,0000000782,0000000089,0000000056,,Obra,0000000003,0000000061,Construcción
0000000385,2018,DGOP/0333/OBRA/2018 ,DGOP/0333/OBRA/2018 ,2018-10-25 00:00:00,0000000686,,0000000055,,Obra,0000000001,0000000055,Construcción
0000000386,2018,DGOP/0353/CONT/2018,DGOP/0353/CONT/2018,2018-10-25 00:00:00,0000000365,0000000529,0000000095,,Obra,0000000001,0000000095,Construcción
0000000388,2018,DGOP/0357/CONT/2018,DGOP/0357/CONT/2018,2018-11-15 00:00:00,0000000364,,0000000072,,Obra,0000000001,0000000072,Construcción
0000000389,2018,DGOP/0358/CONT/2018   ,DGOP/0358/CONT/2018   ,2018-11-05 00:00:00,0000000365,,0000000062,,Obra,0000000001,0000000062,Construcción
0000000390,2018,DGOP/0349/CONT/2018,DGOP/0349/CONT/2018,2018-11-05 00:00:00,0000000783,,0000000057,,Obra,0000000001,0000000057,Construcción
0000000391,2018,DGOP/0360/CONT/2018,DGOP/0360/CONT/2018,2018-11-05 00:00:00,0000000733,0000000732,0000000056,,Obra,0000000001,0000000054,Construcción
0000000392,2018,DGOP/0371/PROY/2018,DGOP/0371/PROY/2018,2018-11-05 00:00:00,0000000646,,0000000020,,Proyecto,0000000001,0000000020,Proyectos
0000000393,2018,DGOP/0369/CONT/2018,DGOP/0369/CONT/2018,2018-11-15 00:00:00,0000000724,,0000000068,,Obra,0000000001,0000000068,Construcción
0000000394,2018,DGOP/0359/CONT/2018,DGOP/0359/CONT/2018,2018-11-15 00:00:00,0000000750,,0000000080,,Obra,0000000001,0000000080,Construcción
0000000395,2018,DGOP/0348/CONT/2018,DGOP/0348/CONT/2018,2018-11-15 00:00:00,0000000438,0000000730,0000000088,,Obra,0000000001,0000000062,Construcción
0000000396,2018,DGOP/0361/CONT/2018,DGOP/0361/CONT/2018,2018-11-12 00:00:00,0000000669,0000000732,0000000059,,Obra,0000000001,0000000054,Construcción
0000000397,2018,DGOP/0363/CONT/2018,DGOP/0363/CONT/2018,2018-11-12 00:00:00,0000000365,0000000771,0000000088,,Obra,0000000001,0000000054,Construcción
0000000398,2018,DGOP/0354/CONT/2018,DGOP/0354/CONT/2018,2018-11-12 00:00:00,0000000365,0000000529,0000000095,,Obra,0000000001,0000000095,Construcción
0000000399,2018,DGOP/0351/CONT/2018,DGOP/0351/CONT/2018,2018-11-12 00:00:00,0000000661,,0000000055,,Obra,0000000001,0000000055,Construcción
0000000400,2018,DGOP/0350/CONT/2018,DGOP/0350/CONT/2018,2018-11-16 00:00:00,0000000661,,0000000095,,Obra,0000000001,0000000095,Construcción
0000000401,2018,DGOP/0362/CONT/2018,DGOP/0362/CONT/2018,2018-11-12 00:00:00,0000000364,0000000771,0000000058,,Obra,0000000001,0000000054,Construcción
0000000402,2018,DGOP/0265/OBRA/2018,DGOP/0265/OBRA/2018,2018-09-07 00:00:00,0000000522,0000000309,0000000055,,Obra,0000000001,0000000055,Construcción
0000000403,2018,DGOP/0347/CONT/2018,DGOP/0347/CONT/2018,2018-10-25 00:00:00,0000000275,0000000106,0000000056,,Obra,0000000001,0000000061,Construcción
0000000404,2018,DGOP/0267/CONT/2018,DGOP/0267/CONT/2018,2018-11-16 00:00:00,0000000622,0000000729,0000000058,,Obra,0000000001,0000000061,Construcción
0000000405,2018,DGOP/0374/CONT/2018,DGOP/0374/CONT/2018,2018-10-29 00:00:00,0000000120,0000000616,0000000070,,Obra,0000000003,0000000070,Construcción
0000000406,2018,DGOP/0366/CONT/2018,DGOP/0366/CONT/2018,2018-11-20 00:00:00,0000000067,0000000271,0000000056,,Obra,0000000003,0000000061,Construcción
0000000407,2018,DGOP/0373/PROY/2018,DGOP/0373/PROY/2018,2018-11-20 00:00:00,0000000773,,0000000021,,Proyecto,0000000001,0000000021,Proyectos
0000000408,2018,DGOP/0368/CONT/2018,DGOP/0368/CONT/2018,2018-11-15 00:00:00,0000000457,,0000000096,,Obra,0000000001,0000000096,Construcción
0000000409,2018,DGOP/0365/CONT/2018,DGOP/0365/CONT/2018,2018-11-15 00:00:00,0000000583,0000000464,0000000088,,Obra,0000000001,0000000054,Construcción
0000000410,2018,DGOP/0279/CONT/2018,DGOP/0279/CONT/2018,2018-11-26 00:00:00,0000000616,,0000000055,,Obra,0000000001,0000000055,Construcción
0000000411,2018,DGOP/0375/CONT/2018,DGOP/0375/CONT/2018,2018-11-26 00:00:00,0000000516,0000000760,0000000059,,Obra,0000000001,0000000054,Construcción
0000000412,2018,DGOP/0367/CONT/2018,DGOP/0367/CONT/2018,2018-11-19 00:00:00,0000000364,0000000762,0000000058,,Obra,0000000001,0000000095,Construcción
0000000413,2018,DGOP/0381/CONTRATO/2018,DGOP/0381/CONTRATO/2018,2018-11-28 00:00:00,0000000247,,0000000055,,Obra,0000000001,0000000070,Mantenimiento
0000000414,2018,DGOP/0376/CONT/2018,DGOP/0376/CONT/2018,2018-11-28 00:00:00,0000000016,,0000000055,,Obra,0000000001,0000000080,Construcción
0000000415,2018,DGOP/0377/CONT/2018,DGOP/0377/CONT/2018,2018-11-28 00:00:00,0000000016,,0000000055,,Obra,0000000001,0000000055,Construcción
0000000416,2018,DGOP/0378/CONT/2018,DGOP/0378/CONT/2018,2018-11-28 00:00:00,0000000347,,0000000055,,Obra,0000000001,0000000055,Construcción
0000000417,2018,DGOP/0379/CONT/2018,DGOP/0379/CONT/2018,2018-11-28 00:00:00,0000000576,,0000000055,,Obra,0000000001,0000000055,Construcción
0000000418,2018,DGOP/0262/PROY/2018,DGOP/0262/PROY/2018,2018-09-07 00:00:00,0000000688,,0000000089,,Proyecto,0000000001,0000000089,Proyectos
0000000419,2018,DGOP/0384/CONT/2018,DGOP/0384/CONT/2018,2018-11-29 00:00:00,0000000636,,0000000055,,Obra,0000000001,0000000055,Construcción
0000000420,2018,DGOP/0385/CONT/2018,DGOP/0385/CONT/2018,2018-11-29 00:00:00,0000000636,,0000000055,,Obra,0000000001,0000000055,Construcción
0000000421,2018,DGOP/0383/CONT/2018,DGOP/0383/CONT/2018,2018-11-29 00:00:00,0000000055,,0000000055,,Obra,0000000001,0000000055,Construcción
0000000422,2018,DGOP/0380/CONT/2018,DGOP/0380/CONT/2018,2018-11-29 00:00:00,0000000074,,0000000055,,Obra,0000000001,0000000055,Construcción
0000000423,2018,DGOP/0374/CONT/2018,DGOP/0374/CONT/2018,2018-11-29 00:00:00,0000000616,,0000000070,,Obra,0000000001,0000000070,Construcción
0000000424,2018,DGOP/0382/CONT/2018,DGOP/0382/CONT/2018,2018-12-03 00:00:00,0000000785,,0000000055,,Obra,0000000001,0000000055,Construcción
0000000425,2018,DGOP/0382/CONT/2018,DGOP/0382/CONT/2018,2018-12-03 00:00:00,0000000617,,0000000055,,Obra,0000000001,0000000055,Construcción
0000000426,2018,DGOP/0383/CONT/2018,DGOP/0383/CONT/2018,2018-12-03 00:00:00,0000000055,,0000000055,,Obra,0000000001,0000000055,Construcción
0000000427,2018,DGOP/0386/CONT/2018,DGOP/0386/CONT/2018,2018-12-05 00:00:00,0000000505,0000000726,0000000056,,Obra,0000000001,0000000061,Construcción
0000000428,2018,DGOP/0387/CONT/2018,DGOP/0387/CONT/2018,2018-12-05 00:00:00,0000000347,,0000000072,,Obra,0000000001,0000000072,Construcción
0000000429,2018,DGOP/0388/CONT/2018,DGOP/0388/CONT/2018,2018-12-05 00:00:00,0000000703,,0000000055,,Obra,0000000001,0000000055,Construcción
0000000430,2018,DGOP/0389/CONT/2018,DGOP/0389/CONT/2018,2018-12-05 00:00:00,0000000787,,0000000070,,Obra,0000000001,0000000070,Construcción
0000000431,2018,DGOP/0390/CONT/2018,DGOP/0390/CONT/2018,2018-12-05 00:00:00,0000000703,,0000000070,,Obra,0000000001,0000000070,Construcción
0000000432,2018,DGOP/0391/CONT/2018,DGOP/0391/CONT/2018,2018-12-05 00:00:00,0000000364,,0000000072,,Obra,0000000001,0000000072,Construcción
0000000433,2018,DGOP/0392/CONT/2018,DGOP/0392/CONT/2018,2018-12-05 00:00:00,0000000166,,0000000072,,Obra,0000000001,0000000072,Construcción
0000000434,2018,DGOP/0393/CONT/2018,DGOP/0393/CONT/2018,2018-12-05 00:00:00,0000000724,,0000000068,,Obra,0000000001,0000000068,Construcción
0000000435,2018,DGOP/0394/CONT/2018,DGOP/0394/CONT/2018,2018-12-05 00:00:00,0000000780,,0000000079,,Obra,0000000001,0000000079,Construcción
0000000436,2018,DGOP/0395/CONT/2018,DGOP/0395/CONT/2018,2018-12-05 00:00:00,0000000347,,0000000072,,Obra,0000000001,0000000072,Construcción
0000000437,2018,DGOP/0396/CONT/2018,DGOP/0396/CONT/2018,2018-12-05 00:00:00,0000000768,0000000752,0000000060,,Obra,0000000001,0000000057,Construcción
0000000438,2018,DGOP/0372/OBRA/2018,DGOP/0372/OBRA/2018,2018-12-05 00:00:00,0000000347,,0000000055,,Obra,0000000001,0000000072,Mantenimiento
0000000439,2018,DGOP/0397/CONT/2018,DGOP/0397/CONT/2018,2018-12-06 00:00:00,0000000604,,0000000056,,Obra,0000000001,0000000054,Construcción
0000000440,2018,DGOP/0370/CONT/20148,DGOP/0370/CONT/20148,2018-11-29 00:00:00,0000000166,,0000000055,,Obra,0000000001,0000000072,Construcción
0000000442,2018,DGOP/0397/CONT/2018,DGOP/0397/CONT/2018,2018-12-10 00:00:00,0000000604,0000000683,0000000056,,Obra,0000000001,0000000054,Construcción
0000000443,2018,DGOP/0407/PROY/2018,DGOP/0407/PROY/2018,2018-12-10 00:00:00,0000000539,,0000000055,,Proyecto,0000000001,0000000075,Proyectos
0000000444,2018,DGOP/0356/CONT/2018,DGOP/0356/CONT/2018,2018-12-11 00:00:00,0000000698,0000000653,0000000095,,Obra,0000000001,0000000095,Construcción
0000000445,2018,DGOP/0355/CONT/2018,DGOP/0355/CONT/2018,2018-12-11 00:00:00,0000000698,0000000588,0000000095,,Obra,0000000001,0000000095,Construcción
0000000446,2018,DGOP/0406/CONT/2018,DGOP/0406/CONT/2018,2018-12-11 00:00:00,0000000151,,0000000055,,Obra,0000000001,0000000075,Proyectos
0000000447,2018,DGOP/0408/PROY/2018,DGOP/0408/PROY/2018,2018-12-11 00:00:00,0000000234,,0000000055,,Proyecto,0000000001,0000000021,Proyectos
0000000448,2018,DGOP/0409/PROY/2018,DGOP/0409/PROY/2018,2018-12-11 00:00:00,0000000151,,0000000055,,Proyecto,0000000001,0000000081,Proyectos
0000000449,2018,DGOP/0410/PROY/2018,DGOP/0410/PROY/2018,2018-12-11 00:00:00,0000000392,,0000000055,,Obra,0000000001,0000000023,Proyectos
0000000450,2018,DGOP/0411/PROY/2018,DGOP/0411/PROY/2018,2018-12-11 00:00:00,0000000234,,0000000055,,Proyecto,0000000001,0000000081,Proyectos
0000000451,2018,DGOP/0412/PROY/2018,DGOP/0412/PROY/2018,2018-12-11 00:00:00,0000000087,,0000000055,,Proyecto,0000000001,0000000087,Proyectos
0000000452,2018,DGOP/0413/PROY/2018,DGOP/0413/PROY/2018,2018-12-11 00:00:00,0000000640,,0000000055,,Obra,0000000001,0000000089,Construcción
0000000453,2018,DGOP/0414/PROY/2018,DGOP/0414/PROY/2018,2018-12-11 00:00:00,0000000261,,0000000055,,Obra,0000000001,0000000083,Proyectos
0000000454,2018,DGOP/0415/PROY/2018,DGOP/0415/PROY/2018,2018-12-11 00:00:00,0000000786,,0000000055,,Obra,0000000001,0000000076,Proyectos
0000000455,2018,DGOP/0416/CONT/2018,DGOP/0416/CONT/2018,2018-12-11 00:00:00,0000000543,,0000000055,,Obra,0000000001,0000000079,Construcción
0000000456,2018,DGOP/0417/CONT/2018,DGOP/0417/CONT/2018,2018-12-11 00:00:00,0000000789,,0000000055,,Obra,0000000001,0000000055,Construcción
0000000457,2018,DGOP/0418/PROY/2018,DGOP/0418/PROY/2018,2018-12-13 00:00:00,0000000641,,0000000055,,Obra,0000000001,0000000020,Proyectos
0000000458,2018,DGOP/0419/PROY/2018,DGOP/0419/PROY/2018,2018-12-13 00:00:00,0000000630,,0000000055,,Proyecto,0000000001,0000000021,Proyectos
0000000460,2018,DGOP/0420/CONT/2018,DGOP/0420/CONT/2018,2018-12-13 00:00:00,0000000616,,0000000060,,Obra,0000000001,0000000062,Construcción
0000000461,2018,DGOP/0401/CONT/2018,DGOP/0401/CONT/2018,2018-12-13 00:00:00,0000000648,0000000753,0000000055,,Obra,0000000002,0000000061,Construcción
0000000462,2018,DGOP/0400/CONT/2018,DGOP/0400/CONT/2018,2018-12-13 00:00:00,0000000234,,0000000055,,Obra,0000000001,0000000055,Construcción
0000000463,2018,DGOP/0405/CONT/2018,DGOP/0405/CONT/2018,2018-12-13 00:00:00,0000000516,0000000309,0000000055,,Obra,0000000001,0000000055,Construcción
0000000464,2018,DGOP/0422/CONT/2018,DGOP/0422/CONT/2018,2018-12-14 00:00:00,0000000543,,0000000055,,Obra,0000000001,0000000055,Construcción
0000000465,2018,DGOP/0421/CONT/2018,DGOP/0421/CONT/2018,2018-12-14 00:00:00,0000000234,,0000000055,,Obra,0000000001,0000000055,Construcción
0000000466,2018,DGOP/0423/CONT/2018,DGOP/0423/CONT/2018,2018-12-17 00:00:00,0000000543,,0000000059,,Obra,0000000001,0000000062,Construcción
0000000467,2018,DGOP/0424/CONT/2018,DGOP/0424/CONT/2018,2018-12-17 00:00:00,0000000055,,0000000055,,Obra,0000000001,0000000055,Construcción
0000000468,2018,DGOP/0425/CONT/2018,DGOP/0425/CONT/2018,2018-12-17 00:00:00,0000000016,,0000000055,,Obra,0000000001,0000000055,Construcción
0000000469,2018,DGOP/0429/CONT/2018,DGOP/0429/CONT/2018,2018-12-18 00:00:00,0000000547,0000000756,0000000056,,Obra,0000000001,0000000061,Construcción
0000000470,2018,DGOP/0430/CONT/2018,DGOP/0430/CONT/2018,2018-12-18 00:00:00,0000000026,,0000000055,,Obra,0000000001,0000000070,Construcción
0000000471,2018,DGOP/0431/CONT/2018,DGOP/0431/CONT/2018,2018-12-18 00:00:00,0000000364,,0000000055,,Obra,0000000001,0000000072,Construcción
0000000472,2018,DGOP/0432/CONT/2018,DGOP/0432/CONT/2018,2018-12-18 00:00:00,0000000616,,0000000055,,Obra,0000000001,0000000055,Construcción
0000000473,2018,DGOP/0433/CONT/2018,DGOP/0433/CONT/2018,2018-12-18 00:00:00,0000000365,0000000759,0000000055,,Obra,0000000001,0000000055,Construcción
0000000474,2018,DGOP/0434/CONT/2018,DGOP/0434/CONT/2018,2018-12-18 00:00:00,0000000556,,0000000055,,Obra,0000000001,0000000055,Construcción
0000000475,2018,DGOP/0435/CONT/2018,DGOP/0435/CONT/2018,2018-12-18 00:00:00,0000000271,,0000000055,,Obra,0000000001,0000000085,Construcción
0000000476,2018,DGOP/0432/CONT/2018,DGOP/0432/CONT/2018,2018-12-18 00:00:00,0000000616,,0000000055,,Obra,0000000001,0000000055,Construcción
0000000477,2018,DGOP/0437/CONT/2018,DGOP/0437/CONT/2018,2018-12-19 00:00:00,0000000166,,0000000055,,Obra,0000000001,0000000055,Construcción
0000000478,2018,DGOP/0438/CONT/2018,DGOP/0438/CONT/2018,2018-12-19 00:00:00,0000000576,,0000000055,,Obra,0000000001,0000000055,Construcción
0000000480,2018,DGOP/0440/CONT/2018,DGOP/0440/CONT/2018,2018-12-19 00:00:00,0000000505,,0000000055,,Obra,0000000001,0000000055,Construcción
0000000481,2018,DGOP/0441/CONT/2018,DGOP/0441/CONT/2018,2018-12-19 00:00:00,0000000543,,0000000055,,Obra,0000000001,0000000055,Construcción
0000000482,2018,DGOP/0443/CONT/2018,DGOP/0443/CONT/2018,2018-12-19 00:00:00,0000000157,,0000000055,,Obra,0000000001,0000000055,Construcción
0000000483,2018,DGOP/0426/CONT/2018,DGOP/0426/CONT/2018,2018-12-20 00:00:00,0000000788,,0000000059,,Obra,0000000001,0000000061,Construcción
0000000484,2018,DGOP/0427/CONT/2018,DGOP/0427/CONT/2018,2018-12-20 00:00:00,0000000482,0000000594,0000000056,,Obra,0000000002,0000000061,Construcción
0000000485,2018,DGOP/0428/CONT/2018,DGOP/0428/CONT/2018,2018-12-20 00:00:00,0000000638,0000000729,0000000059,,Obra,0000000002,0000000062,Construcción
0000000486,2018,DGOP/0442/PROY/2018,DGOP/0442/PROY/2018,2018-12-20 00:00:00,0000000716,,0000000055,,Obra,0000000001,0000000086,Proyectos
0000000487,2018,DGOP/0444/CONT/2018,DGOP/0444/CONT/2018,2018-12-20 00:00:00,0000000365,0000000529,0000000055,,Obra,0000000002,0000000055,Construcción
0000000488,2018,DGOP/0446/CONT/2018,DGOP/0446/CONT/2018,2018-12-20 00:00:00,0000000784,,0000000055,,Obra,0000000001,0000000055,Construcción
0000000489,2018,DGOP/0419/PROY/2018,DGOP/0419/PROY/2018,2018-12-20 00:00:00,0000000529,,0000000055,,Proyecto,0000000001,0000000021,Proyectos
0000000490,2018,DGOP/0445/CONT/2018,DGOP/0445/CONT/2018,2018-12-21 00:00:00,0000000516,0000000758,0000000055,,Obra,0000000002,0000000061,Construcción
0000000491,2018,DGOP/0444/CONT/2018,DGOP/0444/CONT/2018,2018-12-21 00:00:00,0000000365,0000000529,0000000058,,Obra,0000000002,0000000054,Construcción
0000000492,2018,DGOP/0398/CONT/2018,DGOP/0398/CONT/2018,2018-12-21 00:00:00,0000000514,0000000359,0000000055,,Obra,0000000002,0000000096,Construcción
0000000493,2018,DGOP/0416/CONT/2018,DGOP/0416/CONT/2018,2018-12-21 00:00:00,0000000543,,0000000055,,Obra,0000000001,0000000055,Construcción
0000000494,2018,DGOP/0403/OBRA/2018,DGOP/0403/OBRA/2018,2018-12-14 00:00:00,0000000226,0000000766,0000000088,,Obra,0000000003,0000000054,Construcción
0000000495,2018,DGOP/0289/PROY/2018,DGOP/0289/PROY/2018,2019-01-23 00:00:00,0000000294,,0000000055,,Obra,0000000001,0000000084,Proyectos
0000000496,2018,DGOP/0364/OBRA/2018,DGOP/0364/OBRA/2018,2019-01-23 00:00:00,0000000074,,0000000056,,Obra,0000000001,0000000061,Construcción
0000000497,2018,DGOP/0447/OBRA/2018,DGOP/0447/OBRA/2018,2019-01-23 00:00:00,0000000531,0000000735,0000000059,,Obra,0000000001,0000000054,Construcción
0000000498,2018,DGOP/0404/OBRA/2018,DGOP/0404/OBRA/2018,2018-12-18 00:00:00,0000000326,0000000464,0000000058,,Obra,0000000001,0000000054,Construcción
0000000499,2018,DGOP/0399/OBRA/2018,DGOP/0399/OBRA/2018,2018-11-29 00:00:00,0000000152,0000000087,0000000088,,Obra,0000000003,0000000054,Construcción
0000000500,2018,DGOP/0352/CONT/2018,DGOP/0352/CONT/2018,2019-01-25 00:00:00,0000000514,,0000000055,,Obra,0000000001,0000000095,Construcción
0000000501,2018,ESCALATORIA: G-2510-804-61401-D/0018/2018-ESC,ESCALATORIA: G-2510-804-61401-D/0018/2018-ESC,2019-01-28 00:00:00,0000000074,,,Este Oficio se Crea Automáticamente por el registro de la Escalatoria referente al Número de Contrato Descrito,Obra,0000000002,,Construcción
0000000502,2018,ESCALATORIA: G-2610-847-62201-E/0003/2018-ESC,ESCALATORIA: G-2610-847-62201-E/0003/2018-ESC,2019-01-29 00:00:00,0000000531,,,Este Oficio se Crea Automáticamente por el registro de la Escalatoria referente al Número de Contrato Descrito,Obra,0000000002,,Construcción
0000000503,2018,ESCALATORIA: G-5011-K100110-62201-E/0088/2018-ESC,ESCALATORIA: G-5011-K100110-62201-E/0088/2018-ESC,2019-01-29 00:00:00,0000000578,0000000727,0000000088,Este Oficio se Crea Automáticamente por el registro de la Escalatoria referente al Número de Contrato Descrito,Obra,0000000001,,Construcción
0000000504,2018,DGOP/0436/OBRA/2018,DGOP/0436/OBRA/2018,2019-02-05 00:00:00,0000000623,0000000247,0000000058,,Obra,0000000002,0000000054,Construcción
